class,path,md5,kept
infected,/home/farhan/my-projects/pearl/data/infected/Image_Rotate_Rotate_Right_279.jpg,001ea5407619c059cba2b93bf44ae2b9,1
infected,/home/farhan/my-projects/pearl/data/infected/Image_Rotate_085.jpg,0021b0c4bb2aae8b7b3b461d3764320c,1
infected,/home/farhan/my-projects/pearl/data/infected/image11232.jpg,00291ec62b8370d9246d9742fa117d80,1
infected,/home/farhan/my-projects/pearl/data/infected/image10578.jpg,003b9967ceb04e3dc08f6caf4032d986,1
infected,/home/farhan/my-projects/pearl/data/infected/image11974.jpg,0064754963453f5dda5c2aad0af0446d,1
infected,/home/farhan/my-projects/pearl/data/infected/image11951.jpg,0068b723bce2f3d2e2211269b2d04a25,1
infected,/home/farhan/my-projects/pearl/data/infected/image11224.jpg,00b0466b0e57ab716e481ed972db638a,1
infected,/home/farhan/my-projects/pearl/data/infected/Image_Rotate_Rotate_Right_311.jpg,00c54550e4932797812bff12be094196,1
infected,/home/farhan/my-projects/pearl/data/infected/image10316.jpg,00e1eb77ceaec60911c2cbb5077b053c,1
infected,/home/farhan/my-projects/pearl/data/infected/image11840.jpg,00f03d2931bc720874d4afffc20ec742,1
infected,/home/farhan/my-projects/pearl/data/infected/image11164.jpg,0118d12ec420344a30a248267e4df182,1
infected,/home/farhan/my-projects/pearl/data/infected/Image_145.jpg,012934d8302e084c1b068aefce163873,1
infected,/home/farhan/my-projects/pearl/data/infected/image10412.jpg,01311cfc5f809b7a4937956422d2e428,1
infected,/home/farhan/my-projects/pearl/data/infected/Image_resize_043.jpg,01397ca441a14ce149ccaf47969dddd0,1
infected,/home/farhan/my-projects/pearl/data/infected/Image_resize_131.jpg,015063068ffccddcb6995ec0339ac0ed,1
infected,/home/farhan/my-projects/pearl/data/infected/image10785.jpg,0151b43f8f0656af89c17fd2bba9b218,1
infected,/home/farhan/my-projects/pearl/data/infected/Image_Rotate_127.jpg,0166009d9e64ad8cf19ff0fe00c0f583,1
infected,/home/farhan/my-projects/pearl/data/infected/Image_805.jpg,016bdd30188b2afabb0c2ce78b812702,1
infected,/home/farhan/my-projects/pearl/data/infected/image10803.jpg,017326ace2da447cb0c59abdedbf8801,1
infected,/home/farhan/my-projects/pearl/data/infected/image10916.jpg,01770655d48291efd474318af3e3310c,1
infected,/home/farhan/my-projects/pearl/data/infected/image11194.jpg,01927c77221307073d1788c6fd2f4cd3,1
infected,/home/farhan/my-projects/pearl/data/infected/image10695.jpg,01a3683c97e503f69a2ef85b27b92066,1
infected,/home/farhan/my-projects/pearl/data/infected/image10430.jpg,01b1f2a21258458df2378cc61a328ee9,1
infected,/home/farhan/my-projects/pearl/data/infected/image11261.jpg,01b6f01ae82e4af17e41b0b2b52af358,1
infected,/home/farhan/my-projects/pearl/data/infected/image11213.jpg,01bd5a63707d748d8e304bb3607b9e44,1
infected,/home/farhan/my-projects/pearl/data/infected/image11181.jpg,01c3d696026d6f30aded055153a7ef4f,1
infected,/home/farhan/my-projects/pearl/data/infected/image11211.jpg,01cc39497fc53ddb020c32c88bb30305,1
infected,/home/farhan/my-projects/pearl/data/infected/Image_217.jpg,01d7dcc610bf992faad23beb6e4f82e8,1
infected,/home/farhan/my-projects/pearl/data/infected/image13152.jpg,01db6f41c8da0a64ad84366f4f3343f8,1
infected,/home/farhan/my-projects/pearl/data/infected/image10927.jpg,020666f7b5ca1cfff7000f16d2227db8,1
infected,/home/farhan/my-projects/pearl/data/infected/image10717.jpg,021ed6a7c627f47a0289ce109ea87b9e,1
infected,/home/farhan/my-projects/pearl/data/infected/image10703.jpg,023683a654370135911b098285b7b8f4,1
infected,/home/farhan/my-projects/pearl/data/infected/image10919.jpg,0288d0fc8f034d074c45b854d267ad81,1
infected,/home/farhan/my-projects/pearl/data/infected/Image_817.jpg,02c566ea9941931d1b0c0980ae940b50,1
infected,/home/farhan/my-projects/pearl/data/infected/image11802.jpg,02d32fabddfbd804ca9d9410ffcbd948,1
infected,/home/farhan/my-projects/pearl/data/infected/Image_061.jpg,02d904f239b84584ddced148b2aca86d,1
infected,/home/farhan/my-projects/pearl/data/infected/Image_resize_063.jpg,02ead03c840258340efeababaa3798c0,1
infected,/home/farhan/my-projects/pearl/data/infected/image11753.jpg,03023af853e364af99c4757d6b459c48,1
infected,/home/farhan/my-projects/pearl/data/infected/image10277.jpg,03262ccc7e5c54b217f038310cc388a5,1
infected,/home/farhan/my-projects/pearl/data/infected/image10817.jpg,0328918821376f1cb9660c38c6eba7ad,1
infected,/home/farhan/my-projects/pearl/data/infected/Image_733.jpg,033467796f1a4fbd968f33ee34a104cc,1
infected,/home/farhan/my-projects/pearl/data/infected/image12880.jpg,034189547b11f4582bc31e2022ccc69a,1
infected,/home/farhan/my-projects/pearl/data/infected/image10791.jpg,03477c112f6ecc75cea845f578062a7b,1
infected,/home/farhan/my-projects/pearl/data/infected/image11746.jpg,03492fcafc37620db980592ee6c9cdfd,1
infected,/home/farhan/my-projects/pearl/data/infected/image11898.jpg,036c626083c01e5d99446aecc7c51647,1
infected,/home/farhan/my-projects/pearl/data/infected/image10562.jpg,03c0c4f022b1aefb43d5f462dd4f00e6,1
infected,/home/farhan/my-projects/pearl/data/infected/Image_489.jpg,03fe7c1577165848948150ed54f6fd96,1
infected,/home/farhan/my-projects/pearl/data/infected/image10401.jpg,0411e16f18d4d4afef14dcf8da98a097,1
infected,/home/farhan/my-projects/pearl/data/infected/image11391.jpg,04195eeb7e90c58d83aacc2dab30751d,1
infected,/home/farhan/my-projects/pearl/data/infected/image13150.jpg,045a7223f13a7705dc1edfe19889fe9f,1
infected,/home/farhan/my-projects/pearl/data/infected/image10586.jpg,046b60a4afdd89d106c1c5426a79e171,1
infected,/home/farhan/my-projects/pearl/data/infected/Image_403.jpg,0472f205cb8062ce7a4dde0c977b9944,1
infected,/home/farhan/my-projects/pearl/data/infected/image10865.jpg,0475f46443c6b7a6064506ec4465b31c,1
infected,/home/farhan/my-projects/pearl/data/infected/Image_765.jpg,04858b3eba33bc2a3abaf405d06228e5,1
infected,/home/farhan/my-projects/pearl/data/infected/image11433.jpg,04a942746eed08e2c9f1528573e77948,1
infected,/home/farhan/my-projects/pearl/data/infected/Image_291.jpg,04b07d10e0094a137e640c3284256347,1
infected,/home/farhan/my-projects/pearl/data/infected/image11334.jpg,04d5427d42651644dd074acea0c40baa,1
infected,/home/farhan/my-projects/pearl/data/infected/Image_199.jpg,04d80845a4a42794ae667cb7ac18ee9c,1
infected,/home/farhan/my-projects/pearl/data/infected/image10641.jpg,04eba7510faa66c75038e6f8add832dc,1
infected,/home/farhan/my-projects/pearl/data/infected/Image_803.jpg,04eeba980d99f7152ce783369c344a5b,1
infected,/home/farhan/my-projects/pearl/data/infected/Image_Rotate_145.jpg,051f072f38b24723d82e08a0d483c349,1
infected,/home/farhan/my-projects/pearl/data/infected/image10341.jpg,0532f541346502d551ef72c899eaf626,1
infected,/home/farhan/my-projects/pearl/data/infected/image11238.jpg,054575eb5b1d9a2adc178fb9bba735ec,1
infected,/home/farhan/my-projects/pearl/data/infected/image13199.jpg,057794b841f872a196cf26462c27b92c,1
infected,/home/farhan/my-projects/pearl/data/infected/image10569.jpg,05831bc105ef642138ddd7e2c3616547,1
infected,/home/farhan/my-projects/pearl/data/infected/image11290.jpg,05c79b39e0b03282b8b685adfd8188e3,1
infected,/home/farhan/my-projects/pearl/data/infected/image10196.jpg,05e8b45fced6454f53e490a05cfe5395,1
infected,/home/farhan/my-projects/pearl/data/infected/image12007.jpg,05ec8b3a7d11176c39b5307fcc61a89c,1
infected,/home/farhan/my-projects/pearl/data/infected/image10871.jpg,05f63ffed03cc16e23c0590e91f16578,1
infected,/home/farhan/my-projects/pearl/data/infected/image12176.jpg,060759d4f69c8cdf4a4aaf662aecd23b,1
infected,/home/farhan/my-projects/pearl/data/infected/image11414.jpg,064d1f7e7a5f10cda81eef9a138681ca,1
infected,/home/farhan/my-projects/pearl/data/infected/image10368.jpg,065925874a4a5e93d55efd4527943e60,1
infected,/home/farhan/my-projects/pearl/data/infected/Image_195.jpg,0663dd165fc4c6f8970f084dab25eca8,1
infected,/home/farhan/my-projects/pearl/data/infected/Image_913.jpg,066d5906b2f93879ea612031b04c00b6,1
infected,/home/farhan/my-projects/pearl/data/infected/Image_resize_189.jpg,067be677505f5c38e418185b176c9f97,1
infected,/home/farhan/my-projects/pearl/data/infected/Image_891.jpg,067f5ebb561ae1aa3daf77443fad639d,1
infected,/home/farhan/my-projects/pearl/data/infected/image12501.jpg,0747234b4242014419fd00931579064c,1
infected,/home/farhan/my-projects/pearl/data/infected/image13041.jpg,074dd0ab4e7cc0003f4bf89962bba629,1
infected,/home/farhan/my-projects/pearl/data/infected/image12692.jpg,076bb90539b8f9fa78c75bfd51d0f428,1
infected,/home/farhan/my-projects/pearl/data/infected/Image_Rotate_Rotate_Right_173.jpg,07761fd3769a136c8194526c8ee85e4c,1
infected,/home/farhan/my-projects/pearl/data/infected/image10457.jpg,077a9a6fc3bc71ac63e6ef34b9a1761a,1
infected,/home/farhan/my-projects/pearl/data/infected/image12884.jpg,07842fc85720b60b60a6ccc869b35669,1
infected,/home/farhan/my-projects/pearl/data/infected/image10291.jpg,07a2a842ce264f77ed92cd6665f80cc0,1
infected,/home/farhan/my-projects/pearl/data/infected/image12968.jpg,07e52e02dbccfd278cd29a27a1bd6e69,1
infected,/home/farhan/my-projects/pearl/data/infected/image10646.jpg,07e83ad980a055f8b4253207167ef858,1
infected,/home/farhan/my-projects/pearl/data/infected/image11212.jpg,0802fe6ab19e3773f79064573fe824e5,1
infected,/home/farhan/my-projects/pearl/data/infected/image10462.jpg,084edc6cbfb72d8ed7477049cebfee8f,1
infected,/home/farhan/my-projects/pearl/data/infected/image11699.jpg,086ac40c96e6f519e56be7590c820f4c,1
infected,/home/farhan/my-projects/pearl/data/infected/Image_581.jpg,08b5e4da307c1f530daeb784784c0a37,1
infected,/home/farhan/my-projects/pearl/data/infected/image11869.jpg,08b7c3008160cdbe581c6837e4a82881,1
infected,/home/farhan/my-projects/pearl/data/infected/image12489.jpg,08c7684a4e17c5d112c4ae984fb840a4,1
infected,/home/farhan/my-projects/pearl/data/infected/image10409.jpg,08d51a97b598f6256603c6a19e10e027,1
infected,/home/farhan/my-projects/pearl/data/infected/image10349.jpg,08e5d1e2563709e89186cca8d61d70f7,1
infected,/home/farhan/my-projects/pearl/data/infected/Image_289.jpg,0911b11dbecdd0f080f54d5b781863c4,1
infected,/home/farhan/my-projects/pearl/data/infected/image11496.jpg,09232bc3bc8145ca65e8d29137253d1a,1
infected,/home/farhan/my-projects/pearl/data/infected/image12168.jpg,09a4e71368eef17a9ccf86e854e4353e,1
infected,/home/farhan/my-projects/pearl/data/infected/image12853.jpg,09b2899f351528035e77a2c8b9178f34,1
infected,/home/farhan/my-projects/pearl/data/infected/image11738.jpg,09d400282c93a492752bcd5dcce9fc80,1
infected,/home/farhan/my-projects/pearl/data/infected/image12573.jpg,0a1196dc1bb6fef1dd1f108a47c9ee75,1
infected,/home/farhan/my-projects/pearl/data/infected/Image_129.jpg,0a1ff0cbefa4e62a414035e5c388c428,1
infected,/home/farhan/my-projects/pearl/data/infected/image13045.jpg,0a28d6595e366ec153bb56b97e5bf4a6,1
infected,/home/farhan/my-projects/pearl/data/infected/image11750.jpg,0a340dd4d0e5ba87df584ad6bea6e41c,1
infected,/home/farhan/my-projects/pearl/data/infected/image11572.jpg,0a388580b3ff36ad2b9189de8cff6fab,1
infected,/home/farhan/my-projects/pearl/data/infected/image10596.jpg,0a46598ef1d21a00699a1fb36076ee8a,1
infected,/home/farhan/my-projects/pearl/data/infected/image11243.jpg,0a5d3b0e944ce9e90f998c3ee879dbdd,1
infected,/home/farhan/my-projects/pearl/data/infected/image10425.jpg,0a71343ca435859cfb827f48cd8e625d,1
infected,/home/farhan/my-projects/pearl/data/infected/image10844.jpg,0a81954c852c39cc585ee8f5816a2197,1
infected,/home/farhan/my-projects/pearl/data/infected/image11247.jpg,0a8b1770cbb1873acd3849e2785b479d,1
infected,/home/farhan/my-projects/pearl/data/infected/image11380.jpg,0a9649bfb18fbcd96711b1c9f85ad675,1
infected,/home/farhan/my-projects/pearl/data/infected/image11649.jpg,0ab4ed2a31784878b8a603901ac4d687,1
infected,/home/farhan/my-projects/pearl/data/infected/image10685.jpg,0ab5e9734a6b84564c7641abff9641d4,1
infected,/home/farhan/my-projects/pearl/data/infected/Image_865.jpg,0aba17856eccf62e6b61e4c3d07d9c07,1
infected,/home/farhan/my-projects/pearl/data/infected/image12152.jpg,0ae037acb72a163161299750b197d626,1
infected,/home/farhan/my-projects/pearl/data/infected/image13096.jpg,0ae1dbaf80d307fbc490c0c59a2b90b3,1
infected,/home/farhan/my-projects/pearl/data/infected/image10453.jpg,0ae23799b136594c7a60c791375e9dae,1
infected,/home/farhan/my-projects/pearl/data/infected/image10210.jpg,0af212f648324d4d312054f162c752a0,1
infected,/home/farhan/my-projects/pearl/data/infected/image11689.jpg,0b2fc97ee8eacb6b772bcafd3e1e1236,1
infected,/home/farhan/my-projects/pearl/data/infected/image12037.jpg,0b384c52beeccd547ebfd2a1c46d5595,1
infected,/home/farhan/my-projects/pearl/data/infected/image11516.jpg,0b4c4c02076c3b36696a4e23c53b6813,1
infected,/home/farhan/my-projects/pearl/data/infected/Image_Rotate_Rotate_Right_119.jpg,0b68f3bcc4ec6394971448b313d640f4,1
infected,/home/farhan/my-projects/pearl/data/infected/image10230.jpg,0b7f06e09dfcdec5c2dff4a4136fb342,1
infected,/home/farhan/my-projects/pearl/data/infected/Image_211.jpg,0b8d873a8c3a3eafe9701fb5d0b9c9ea,1
infected,/home/farhan/my-projects/pearl/data/infected/image13112.jpg,0ba1885a5f2867e01cd180317af82add,1
infected,/home/farhan/my-projects/pearl/data/infected/Image_187.jpg,0bb7e51989b85a6660d8ceb5a63d7933,1
infected,/home/farhan/my-projects/pearl/data/infected/image11520.jpg,0bc96f8383ec3d625d44e0a279c64c13,1
infected,/home/farhan/my-projects/pearl/data/infected/image10727.jpg,0bf3c659855fc7f606b8865b6fc9dac6,1
infected,/home/farhan/my-projects/pearl/data/infected/image12791.jpg,0bfc679e7e1681d8a1ca277a6ee0c090,1
infected,/home/farhan/my-projects/pearl/data/infected/image10787.jpg,0c0a0e4bef62f9ed255637dc5364be42,1
infected,/home/farhan/my-projects/pearl/data/infected/image12604.jpg,0c0c1a47d91c8425eedee888a70b2390,1
infected,/home/farhan/my-projects/pearl/data/infected/image11370.jpg,0c19ea716a79870218b3c0b10a1e7035,1
infected,/home/farhan/my-projects/pearl/data/infected/image11401.jpg,0c2023a0b3bdcf4f98bc7e80be674652,1
infected,/home/farhan/my-projects/pearl/data/infected/image12129.jpg,0c2260b4093b5b7d8f27507b1e67de5c,1
infected,/home/farhan/my-projects/pearl/data/infected/image13119.jpg,0c2a62f9fcb59c8814db88593f16595b,1
infected,/home/farhan/my-projects/pearl/data/infected/image10745.jpg,0c6fa26e52d7a53abc245c3c316eb03a,1
infected,/home/farhan/my-projects/pearl/data/infected/image13063.jpg,0c7bf21126e80453acee2627bd70a77b,1
infected,/home/farhan/my-projects/pearl/data/infected/image12809.jpg,0c7d1c27bb4c6995e0986f5ce8001a62,1
infected,/home/farhan/my-projects/pearl/data/infected/image10750.jpg,0c80f6d1047d16e2bb9c4eff6c54038f,1
infected,/home/farhan/my-projects/pearl/data/infected/image10373.jpg,0ca3cc9b1ebb04ff12b15f53e4ff950d,1
infected,/home/farhan/my-projects/pearl/data/infected/image12728.jpg,0cca70920a4ee9337ceb28e7a6a0cf81,1
infected,/home/farhan/my-projects/pearl/data/infected/image10780.jpg,0cce76d1aef31dccefc0f5f7e443a83d,1
infected,/home/farhan/my-projects/pearl/data/infected/Image_169.jpg,0cd68796d92e2bee1d6d8bd6afb80d26,1
infected,/home/farhan/my-projects/pearl/data/infected/image11957.jpg,0d1d2eb011be6cbf3c55ef8ef4fef24c,1
infected,/home/farhan/my-projects/pearl/data/infected/image11648.jpg,0d20a49deff5479ca7d38f039fce023b,1
infected,/home/farhan/my-projects/pearl/data/infected/image13139.jpg,0d2544deb9b8aa191b767f58b0c491ad,1
infected,/home/farhan/my-projects/pearl/data/infected/image10804.jpg,0d26bd78414202a2abb892fed92c5b6a,1
infected,/home/farhan/my-projects/pearl/data/infected/image10738.jpg,0d27cbacc15afe5c29057273d3edd0ab,1
infected,/home/farhan/my-projects/pearl/data/infected/Image_resize_089.jpg,0d45c844affebe4589c53804799b5ea8,1
infected,/home/farhan/my-projects/pearl/data/infected/image10067.jpg,0d67cbc2814bf554555522a342ba563c,1
infected,/home/farhan/my-projects/pearl/data/infected/image10773.jpg,0d6d590c0d7199b00bc812d76371cfe0,1
infected,/home/farhan/my-projects/pearl/data/infected/image10416.jpg,0da1d3ea1746dfb61c804f23c694fc56,1
infected,/home/farhan/my-projects/pearl/data/infected/image11833.jpg,0df181a557a43044498c00e5c2be94a2,1
infected,/home/farhan/my-projects/pearl/data/infected/Image_265.jpg,0df76b123cac833accdce6df33a5062b,1
infected,/home/farhan/my-projects/pearl/data/infected/Image_Rotate_Rotate_Right_013.jpg,0dffffcdba1ece3866c19e22ae41a034,1
infected,/home/farhan/my-projects/pearl/data/infected/Image_Rotate_019.jpg,0e0ec82673a344243aad72c13e105d47,1
infected,/home/farhan/my-projects/pearl/data/infected/image10932.jpg,0e2013df7d14380d1b270972f333533e,1
infected,/home/farhan/my-projects/pearl/data/infected/image12912.jpg,0e5965ec578a4518f7b94023dd99533f,1
infected,/home/farhan/my-projects/pearl/data/infected/image10476.jpg,0e80d1dd5e5450f14d3981e90bae9a98,1
infected,/home/farhan/my-projects/pearl/data/infected/image11641.jpg,0ec262f0ad422f9949fa8fecba24438a,1
infected,/home/farhan/my-projects/pearl/data/infected/image11255.jpg,0ec2f3498ec05afb2bd23ab534029c66,1
infected,/home/farhan/my-projects/pearl/data/infected/image10017.jpg,0ec99f1e297a62b85d02d3d1d3746672,1
infected,/home/farhan/my-projects/pearl/data/infected/image10704.jpg,0edf56b72243771f9a6ac33054e4ed50,1
infected,/home/farhan/my-projects/pearl/data/infected/image11231.jpg,0ee35a296cb19fe0840739c6898d8bb6,1
infected,/home/farhan/my-projects/pearl/data/infected/image10454.jpg,0ee3d863294133fef1543fe7417af03c,1
infected,/home/farhan/my-projects/pearl/data/infected/Image_619.jpg,0ef547037d324a42df2da9d36dd5daa3,1
infected,/home/farhan/my-projects/pearl/data/infected/image11451.jpg,0ef9f9509ff8bfa1f0fcf3c5124ffb6c,1
infected,/home/farhan/my-projects/pearl/data/infected/image11592.jpg,0efbb15d850506e58329f6804504baac,1
infected,/home/farhan/my-projects/pearl/data/infected/image11347.jpg,0f2573008acc77f8d044d8c8fce61622,1
infected,/home/farhan/my-projects/pearl/data/infected/Image_837.jpg,0f25ead07ecac33d6064eb5f69dba94b,1
infected,/home/farhan/my-projects/pearl/data/infected/image11262.jpg,0f59bf19c71f3e5a88a6e9e6c30b699a,1
infected,/home/farhan/my-projects/pearl/data/infected/Image_785.jpg,0f6fc992a28deb6110f12a50b122010b,1
infected,/home/farhan/my-projects/pearl/data/infected/image11571.jpg,0f76d34ed1561f28e325e9910d80cb16,1
infected,/home/farhan/my-projects/pearl/data/infected/image12960.jpg,0f7c6e4e2fd788bd189862aaba3b5df4,1
infected,/home/farhan/my-projects/pearl/data/infected/Image_569.jpg,0f83e113ba539ace6023945613dabcba,1
infected,/home/farhan/my-projects/pearl/data/infected/Image_Rotate_Rotate_Right_301.jpg,0f86f798e53e8d0886875b98421ae66b,1
infected,/home/farhan/my-projects/pearl/data/infected/image10214.jpg,0f8c04213b0c4eadc124f841a6d2203e,1
infected,/home/farhan/my-projects/pearl/data/infected/Image_553.jpg,0fa5209d74798da90cc40b10f05a468a,1
infected,/home/farhan/my-projects/pearl/data/infected/image10805.jpg,0fbe182c1e8c00b39e08614b97a4165f,1
infected,/home/farhan/my-projects/pearl/data/infected/Image_317.jpg,0fdabfe313c079e85e87fd33348ce9e0,1
infected,/home/farhan/my-projects/pearl/data/infected/image13048.jpg,0fecde258d9b531b51c68b7bd1ac699b,1
infected,/home/farhan/my-projects/pearl/data/infected/image13086.jpg,0fee95b9db6b239091e88237c1a29525,1
infected,/home/farhan/my-projects/pearl/data/infected/image11162.jpg,10011132211856fa4d5931678efa1463,1
infected,/home/farhan/my-projects/pearl/data/infected/image12154.jpg,1013b6f0ba6db7a73bf8c63eda56b40d,1
infected,/home/farhan/my-projects/pearl/data/infected/Image_421.jpg,1015a324f8b0c2e849f055d99cc48be4,1
infected,/home/farhan/my-projects/pearl/data/infected/image10793.jpg,101e6fe1f7090d1c5e1a02b084312833,1
infected,/home/farhan/my-projects/pearl/data/infected/image11977.jpg,10323c7806f0b0d201a42608e5c6598c,1
infected,/home/farhan/my-projects/pearl/data/infected/Image_Rotate_141.jpg,105840ad66b9e07bf64c28ae1b1db45d,1
infected,/home/farhan/my-projects/pearl/data/infected/Image_745.jpg,1058691c52b5c7c1c4cd6c0c5f67f0ee,1
infected,/home/farhan/my-projects/pearl/data/infected/image11217.jpg,10710f2f52b23e57acb1affe516c7b50,1
infected,/home/farhan/my-projects/pearl/data/infected/image10874.jpg,108064e422f355538d56e2cc24d4b708,1
infected,/home/farhan/my-projects/pearl/data/infected/Image_263.jpg,10843044c48046fad484fe0a23a6a283,1
infected,/home/farhan/my-projects/pearl/data/infected/Image_409.jpg,1085322b1e331efb59c159de53e81671,1
infected,/home/farhan/my-projects/pearl/data/infected/image12579.jpg,10a07b5a94480d56b0ad7a78c5f0a5cc,1
infected,/home/farhan/my-projects/pearl/data/infected/image11348.jpg,10bc1169aa9f8f44955b480b5fb50dc0,1
infected,/home/farhan/my-projects/pearl/data/infected/Image_resize_047.jpg,10c9333162b29c6f3fea9d917d8e859b,1
infected,/home/farhan/my-projects/pearl/data/infected/image10649.jpg,10d132f7783569bdeec688db9cdcbe4f,1
infected,/home/farhan/my-projects/pearl/data/infected/image10673.jpg,10d6e9c5eee51c7249dcea9181890d1a,1
infected,/home/farhan/my-projects/pearl/data/infected/image10110.jpg,10dac5eff2410e8bd697fe6d48da5056,1
infected,/home/farhan/my-projects/pearl/data/infected/Image_287.jpg,111494e39f470afdd1e582bc76c6a670,1
infected,/home/farhan/my-projects/pearl/data/infected/Image_381.jpg,111d0e73a9089adde64d3e8674221f45,1
infected,/home/farhan/my-projects/pearl/data/infected/image11288.jpg,111f834cd6fe77a6a3288c69b819619f,1
infected,/home/farhan/my-projects/pearl/data/infected/Image_Rotate_Rotate_Right_369.jpg,113f8e113c3e01973373bf8c04e3b7a2,1
infected,/home/farhan/my-projects/pearl/data/infected/Image_Rotate_157.jpg,11571c56e98bef9922fc55f93703a838,1
infected,/home/farhan/my-projects/pearl/data/infected/image10880.jpg,116be688dbd1bd9ce567e6cec9aab5d8,1
infected,/home/farhan/my-projects/pearl/data/infected/image10883.jpg,117bb4d3457134d2ee8593f73246d0c9,1
infected,/home/farhan/my-projects/pearl/data/infected/Image_589.jpg,117e95434d42ee87821016bf6bcfc7b0,1
infected,/home/farhan/my-projects/pearl/data/infected/Image_resize_087.jpg,117f1e676c0192be4d86da790b7cb63c,1
infected,/home/farhan/my-projects/pearl/data/infected/image10248.jpg,11abac94c43c0aa4859f117c6505cbd3,1
infected,/home/farhan/my-projects/pearl/data/infected/image10162.jpg,11cd2389ba518a0e8e64ec80528abb5b,1
infected,/home/farhan/my-projects/pearl/data/infected/image10068.jpg,11d1490c05fb32f4e80edbbf61609cb3,1
infected,/home/farhan/my-projects/pearl/data/infected/image11277.jpg,11d52186de285605b6602112aa34bcf4,1
infected,/home/farhan/my-projects/pearl/data/infected/image10694.jpg,11d55c52cc7b951f9f2ba2fe74886ab8,1
infected,/home/farhan/my-projects/pearl/data/infected/Image_157.jpg,11f31eeb15888c039902d1e3c1899516,1
infected,/home/farhan/my-projects/pearl/data/infected/Image_699.jpg,1205d8285b20fa920467227b0ba3e860,1
infected,/home/farhan/my-projects/pearl/data/infected/Image_679.jpg,1213930cb03c7bc9693f06efec4512de,1
infected,/home/farhan/my-projects/pearl/data/infected/image10365.jpg,1218609d4fb85ea65f7fbfe9fd94a770,1
infected,/home/farhan/my-projects/pearl/data/infected/image13085.jpg,1232b9dd73fbfaa5d8b8f55de5456483,1
infected,/home/farhan/my-projects/pearl/data/infected/image10052.jpg,12349ff3cc651a4af11e4ffe5813cd25,1
infected,/home/farhan/my-projects/pearl/data/infected/image10756.jpg,123ca219f7e9ce85a1815dede5ee7805,1
infected,/home/farhan/my-projects/pearl/data/infected/image12752.jpg,1252fdfadbba9fa2b73cbe1389a2f1bc,1
infected,/home/farhan/my-projects/pearl/data/infected/image10888.jpg,12532c6b1c60c06b6380d75aef53f1a6,1
infected,/home/farhan/my-projects/pearl/data/infected/Image_299.jpg,125e11302b10568f3468cc8e6764b75c,1
infected,/home/farhan/my-projects/pearl/data/infected/image10043.jpg,129eab948923d0f7c3c4f19393e20f25,1
infected,/home/farhan/my-projects/pearl/data/infected/Image_resize_141.jpg,12cc6290d03fcc393e9e2204222ee637,1
infected,/home/farhan/my-projects/pearl/data/infected/image11620.jpg,12d6760dbd098919565dce27b155dc1a,1
infected,/home/farhan/my-projects/pearl/data/infected/image12555.jpg,13261ff779654daf49a2704a9fdcfe28,1
infected,/home/farhan/my-projects/pearl/data/infected/Image_307.jpg,132ce77eebd5fa2ff6ec8b6e8758c9fc,1
infected,/home/farhan/my-projects/pearl/data/infected/Image_065.jpg,1331351cb131612020e191494fbb5b20,1
infected,/home/farhan/my-projects/pearl/data/infected/Image_107.jpg,13390910b4294eacaa020c72cb2c9d59,1
infected,/home/farhan/my-projects/pearl/data/infected/Image_Rotate_105.jpg,133cd0616a60e8e999d962603e049b76,1
infected,/home/farhan/my-projects/pearl/data/infected/image10022.jpg,135bdc529ed63baa8c228800647e2bb8,1
infected,/home/farhan/my-projects/pearl/data/infected/image10044.jpg,136d6cd403bf85c2835b7f6316722d53,1
infected,/home/farhan/my-projects/pearl/data/infected/Image_427.jpg,138438857791a1f7bbf51009e4407471,1
infected,/home/farhan/my-projects/pearl/data/infected/image12900.jpg,1389bf8c749c12ce6c3d8cc9d5950def,1
infected,/home/farhan/my-projects/pearl/data/infected/image12012.jpg,138db2cbe8558f1742c792cd22d31899,1
infected,/home/farhan/my-projects/pearl/data/infected/image10520.jpg,138ea714af6983fc2bb570319bf63b09,1
infected,/home/farhan/my-projects/pearl/data/infected/Image_899.jpg,13a60955f91b4d71338d5f8985676dbc,1
infected,/home/farhan/my-projects/pearl/data/infected/image10587.jpg,13a99d79abe7f761db9019a010192c81,1
infected,/home/farhan/my-projects/pearl/data/infected/image11275.jpg,13b9dd6cb4680fb2e95f5a0826159b08,1
infected,/home/farhan/my-projects/pearl/data/infected/image11456.jpg,13e96c6263dae8e3da815dd192f281ac,1
infected,/home/farhan/my-projects/pearl/data/infected/image11605.jpg,1414f78ec6c9540a49ec6f993fde5e38,1
infected,/home/farhan/my-projects/pearl/data/infected/Image_485.jpg,1421be6bbf6c742fefc804a5bd18b964,1
infected,/home/farhan/my-projects/pearl/data/infected/Image_749.jpg,1438d50cf8d54d02ea35c747de9d3566,1
infected,/home/farhan/my-projects/pearl/data/infected/image13042.jpg,1444172679fc34c1672802f2d039fbc1,1
infected,/home/farhan/my-projects/pearl/data/infected/Image_459.jpg,144f3587908a2439f0d63b1510b52370,1
infected,/home/farhan/my-projects/pearl/data/infected/image11187.jpg,145713469439f93a3349c31049e25a76,1
infected,/home/farhan/my-projects/pearl/data/infected/image10627.jpg,1468343f23c1e49624982b66bbfebaeb,1
infected,/home/farhan/my-projects/pearl/data/infected/image11415.jpg,147a011ab6068d31b8ff9160a8dda2cc,1
infected,/home/farhan/my-projects/pearl/data/infected/image11165.jpg,147afdebe05c7ade4e11f506649d2613,1
infected,/home/farhan/my-projects/pearl/data/infected/image12032.jpg,14812645e44086aca195d25be8e8724e,1
infected,/home/farhan/my-projects/pearl/data/infected/image11684.jpg,148ae9dbf288d86e00b2a23c47e3d413,1
infected,/home/farhan/my-projects/pearl/data/infected/image10075.jpg,148bf51ee03f9cb81c960fb7e6690282,1
infected,/home/farhan/my-projects/pearl/data/infected/image10324.jpg,14ab45d0c15adff627f1ea527f0d172c,1
infected,/home/farhan/my-projects/pearl/data/infected/Image_799.jpg,14b0767991162a70c74665b9e989556c,1
infected,/home/farhan/my-projects/pearl/data/infected/image11652.jpg,14bbfca76dedab22e30ee7eca04beefc,1
infected,/home/farhan/my-projects/pearl/data/infected/image11191.jpg,14d849e126ec1bea25db4e212becaca4,1
infected,/home/farhan/my-projects/pearl/data/infected/image10479.jpg,14fcfea2adb92e31b2f8bbcfc437e8d8,1
infected,/home/farhan/my-projects/pearl/data/infected/image13084.jpg,15008a5be444ff7cb45501074abb41a4,1
infected,/home/farhan/my-projects/pearl/data/infected/image11596.jpg,150faff2729dfc8d69b85264c819f633,1
infected,/home/farhan/my-projects/pearl/data/infected/Image_383.jpg,1511598daff5294a4c7243b4602b25cd,1
infected,/home/farhan/my-projects/pearl/data/infected/image10271.jpg,151b6375898a6343d38cb87467579339,1
infected,/home/farhan/my-projects/pearl/data/infected/image11499.jpg,1545f83223dd749f5eb2dd82d7fced33,1
infected,/home/farhan/my-projects/pearl/data/infected/image11427.jpg,1554db9e5a23650b89284fcfe54863c4,1
infected,/home/farhan/my-projects/pearl/data/infected/image10136.jpg,157d4c571844ddc535e2dae05cea0560,1
infected,/home/farhan/my-projects/pearl/data/infected/image10533.jpg,15922146bcb76ef97eb9796e7684bf5e,1
infected,/home/farhan/my-projects/pearl/data/infected/image11568.jpg,15937d838cbb6b84e78a2078c83b7bc4,1
infected,/home/farhan/my-projects/pearl/data/infected/Image_185.jpg,15a90a445da33028548e7d257bb37138,1
infected,/home/farhan/my-projects/pearl/data/infected/image11259.jpg,15c3a0fb06b9d071e6aaa9d41a14361f,1
infected,/home/farhan/my-projects/pearl/data/infected/image11341.jpg,15cf26469cbf97f842893c1390a559ff,1
infected,/home/farhan/my-projects/pearl/data/infected/image11494.jpg,15cf4c2db8bfd75aaddf839d471eea23,1
infected,/home/farhan/my-projects/pearl/data/infected/image12804.jpg,15d4f6080b6b5bcf472d40c75aa5f979,1
infected,/home/farhan/my-projects/pearl/data/infected/Image_resize_073.jpg,15dac4d97d40f92005a0bfa5086a6a0e,1
infected,/home/farhan/my-projects/pearl/data/infected/Image_Rotate_Rotate_Right_389.jpg,15deb46968884c89449fc26cf34ee0ac,1
infected,/home/farhan/my-projects/pearl/data/infected/image12545.jpg,162808dbbf66eddfb8506d5765fd754e,1
infected,/home/farhan/my-projects/pearl/data/infected/image11376.jpg,162b9742afc07da4fce1911f985a1458,1
infected,/home/farhan/my-projects/pearl/data/infected/Image_Rotate_Rotate_Right_289.jpg,16358005a88fa5cc3d2dce747068fa7c,1
infected,/home/farhan/my-projects/pearl/data/infected/image12576.jpg,1636cc382cfcc82428f3960f37dbc22a,1
infected,/home/farhan/my-projects/pearl/data/infected/image11425.jpg,1644977117af7ec569102be4847aed05,1
infected,/home/farhan/my-projects/pearl/data/infected/Image_995.jpg,164e0e03c4803c1667518deb86593908,1
infected,/home/farhan/my-projects/pearl/data/infected/Image_Rotate_Rotate_Right_231.jpg,168533b56ce05256e500814a16f70929,1
infected,/home/farhan/my-projects/pearl/data/infected/image11705.jpg,1686b0c110bc613a434378db647537f2,1
infected,/home/farhan/my-projects/pearl/data/infected/image10507.jpg,169a75b4ed1e572e078e176a2c7bf828,1
infected,/home/farhan/my-projects/pearl/data/infected/image10770.jpg,169bc08a3da005c1015d6b4452d0af24,1
infected,/home/farhan/my-projects/pearl/data/infected/Image_987.jpg,16d48710fe6f5ee2bf9c32a45122c417,1
infected,/home/farhan/my-projects/pearl/data/infected/Image_Rotate_Rotate_Right_261.jpg,16ddf4a1c1797cd12205857f05e8cbc5,1
infected,/home/farhan/my-projects/pearl/data/infected/image12776.jpg,16e37696962521d2a9f858688a26f2d6,1
infected,/home/farhan/my-projects/pearl/data/infected/Image_resize_173.jpg,16f62d433b9fe6965e924eb2e4fcac89,1
infected,/home/farhan/my-projects/pearl/data/infected/image12157.jpg,170451d87e8c5abb83ddac32f37caeae,1
infected,/home/farhan/my-projects/pearl/data/infected/image11508.jpg,1707cef167359d9219530c3c0a78086b,1
infected,/home/farhan/my-projects/pearl/data/infected/image10183.jpg,17128279c1b855d982ae1fdedda4dfda,1
infected,/home/farhan/my-projects/pearl/data/infected/Image_997.jpg,1764ba7f834f94db3abf09485dd30b39,1
infected,/home/farhan/my-projects/pearl/data/infected/image12508.jpg,17983b432cbc0b2235f1aaa3354acd50,1
infected,/home/farhan/my-projects/pearl/data/infected/image10531.jpg,17b9397ca2745e8a85acdedcf1e00947,1
infected,/home/farhan/my-projects/pearl/data/infected/Image_Rotate_153.jpg,17b940be04698997d1299805bf584f2b,1
infected,/home/farhan/my-projects/pearl/data/infected/image11239.jpg,17c5a022b731b1198741a01018dfc741,1
infected,/home/farhan/my-projects/pearl/data/infected/Image_377.jpg,17e397b586c0f4d470202fa54d2c220d,1
infected,/home/farhan/my-projects/pearl/data/infected/image10935.jpg,181b062922fc4d6e45a2bd07bb91ebb8,1
infected,/home/farhan/my-projects/pearl/data/infected/image12725.jpg,182adf8dd006f47a5fb59a7472944d0b,1
infected,/home/farhan/my-projects/pearl/data/infected/image10762.jpg,183d124c498a060d7d7fff19d84f9bcb,1
infected,/home/farhan/my-projects/pearl/data/infected/image10503.jpg,185fa44ccbaf280b3907f3c550d795ff,1
infected,/home/farhan/my-projects/pearl/data/infected/image10124.jpg,1875d4acbc3ed790425a1371cb7b7d9e,1
infected,/home/farhan/my-projects/pearl/data/infected/Image_Rotate_077.jpg,18b48b865e7ef0608453864553005d95,1
infected,/home/farhan/my-projects/pearl/data/infected/image10701.jpg,18f78b15b005c64c3f5504e066a4e547,1
infected,/home/farhan/my-projects/pearl/data/infected/image11623.jpg,1904e209742f7116cc45a19e06bf364f,1
infected,/home/farhan/my-projects/pearl/data/infected/image10171.jpg,191832d6f273a52173abd5cb2bd1361c,1
infected,/home/farhan/my-projects/pearl/data/infected/Image_477.jpg,19192f2844e3874cdcd025f7c2a617c3,1
infected,/home/farhan/my-projects/pearl/data/infected/image11437.jpg,19308605cc0b0e794e19f663f341b158,1
infected,/home/farhan/my-projects/pearl/data/infected/image12933.jpg,193e40a9765784640b1c0caf15b5b6d2,1
infected,/home/farhan/my-projects/pearl/data/infected/image13087.jpg,1975efc36640fc89a7ed911fe3a8cbd1,1
infected,/home/farhan/my-projects/pearl/data/infected/image10121.jpg,198d0c003dc1aafb13933058a27e525d,1
infected,/home/farhan/my-projects/pearl/data/infected/Image_245.jpg,19b322bf35e7701e3cf100d0d096b878,1
infected,/home/farhan/my-projects/pearl/data/infected/image12626.jpg,19d3b9125ae2cffe54a508b5ff6d9080,1
infected,/home/farhan/my-projects/pearl/data/infected/image10234.jpg,19f112d3e4c69a321fac02eb208ab60c,1
infected,/home/farhan/my-projects/pearl/data/infected/Image_Rotate_Rotate_Right_395.jpg,1a390842e2900d0d43779fb2cc6499a5,1
infected,/home/farhan/my-projects/pearl/data/infected/image10045.jpg,1a3db063356f776c2814006e2f363174,1
infected,/home/farhan/my-projects/pearl/data/infected/image11533.jpg,1a6a7153a797100aed5703ad84068769,1
infected,/home/farhan/my-projects/pearl/data/infected/image10025.jpg,1a9353cc6edaf09f420686e6d5d78afa,1
infected,/home/farhan/my-projects/pearl/data/infected/Image_Rotate_Rotate_Right_269.jpg,1a95da0df57c2edd71d83316ea752eac,1
infected,/home/farhan/my-projects/pearl/data/infected/image11171.jpg,1a970e8d82321b0717dd842ddb7c3905,1
infected,/home/farhan/my-projects/pearl/data/infected/image11205.jpg,1a9b10efdf986cc42d322a44efa52c0c,1
infected,/home/farhan/my-projects/pearl/data/infected/image10574.jpg,1abba6e225aae98d5a4506e0ce11abf6,1
infected,/home/farhan/my-projects/pearl/data/infected/image10007.jpg,1acf658d18c66644ecc47dd7d6d5e6dd,1
infected,/home/farhan/my-projects/pearl/data/infected/Image_Rotate_Rotate_Right_367.jpg,1ad06c4f75cb8508fe2973545aadff37,1
infected,/home/farhan/my-projects/pearl/data/infected/Image_125.jpg,1ad4534a0304fd0c78d06dcdafebd5de,1
infected,/home/farhan/my-projects/pearl/data/infected/image10128.jpg,1ad5c609f061dfdd07f31d4819918578,1
infected,/home/farhan/my-projects/pearl/data/infected/Image_655.jpg,1ae64d617f7eda7f8d2c8442634fde54,1
infected,/home/farhan/my-projects/pearl/data/infected/image10660.jpg,1b2dd160e3b47961b16d816d24f10bca,1
infected,/home/farhan/my-projects/pearl/data/infected/Image_393.jpg,1b3de015ef0f047eb7ba3b5cbc2589d1,1
infected,/home/farhan/my-projects/pearl/data/infected/image10672.jpg,1b5b8430a482e470f0149d44bd51f84c,1
infected,/home/farhan/my-projects/pearl/data/infected/image10900.jpg,1b5e1e01c8f62b24b8caaabb6191a549,1
infected,/home/farhan/my-projects/pearl/data/infected/image12165.jpg,1b7c80470a7736ee4f86e97f0d102c49,1
infected,/home/farhan/my-projects/pearl/data/infected/image13066.jpg,1b895e447401f1c050e74d223725fc4b,1
infected,/home/farhan/my-projects/pearl/data/infected/Image_Rotate_Rotate_Right_001.jpg,1b8acf9b1008fa96b192230f0f2ff223,1
infected,/home/farhan/my-projects/pearl/data/infected/image13109.jpg,1b98933b1091f6e4a8377708f3357ea1,1
infected,/home/farhan/my-projects/pearl/data/infected/Image_843.jpg,1b9908351773b0164725d30c93e40e0d,1
infected,/home/farhan/my-projects/pearl/data/infected/image10910.jpg,1b9cd371a1daa8a8f6311a04f7cf7159,1
infected,/home/farhan/my-projects/pearl/data/infected/image10191.jpg,1bd9704dccf8761a7f30728dbc09014b,1
infected,/home/farhan/my-projects/pearl/data/infected/Image_849.jpg,1bf56e9a111c551c579770cf20922956,1
infected,/home/farhan/my-projects/pearl/data/infected/Image_Rotate_051.jpg,1c182f8e8d11fe438e1a46e237816cf5,1
infected,/home/farhan/my-projects/pearl/data/infected/Image_903.jpg,1c60d12743b26791f60b1bdde57bdbb7,1
infected,/home/farhan/my-projects/pearl/data/infected/Image_Rotate_Rotate_Right_281.jpg,1c6af207d1220a6b228aa06f11630592,1
infected,/home/farhan/my-projects/pearl/data/infected/image11345.jpg,1c7181515455d25475021df33fe28ad9,1
infected,/home/farhan/my-projects/pearl/data/infected/image10635.jpg,1c7524fa82154e377ab9ad900400c677,1
infected,/home/farhan/my-projects/pearl/data/infected/image10327.jpg,1c8fbb13cb45cca80c37d24941a13413,1
infected,/home/farhan/my-projects/pearl/data/infected/image12726.jpg,1c93aa852e21a6b7036e758fbad18f27,1
infected,/home/farhan/my-projects/pearl/data/infected/Image_resize_065.jpg,1cceb1cf74d1ca8ae3d52fe1c48f4a46,1
infected,/home/farhan/my-projects/pearl/data/infected/Image_551.jpg,1cd10cd7e87dcf859edcbfbd20659d0a,1
infected,/home/farhan/my-projects/pearl/data/infected/image10330.jpg,1d3dd785f4b5a3eda3ff9dc11686fc73,1
infected,/home/farhan/my-projects/pearl/data/infected/image10808.jpg,1d42b7f1ffd62040a1020acf85611af5,1
infected,/home/farhan/my-projects/pearl/data/infected/image10185.jpg,1d487f7e7e9338ea1f7013d08518ddf5,1
infected,/home/farhan/my-projects/pearl/data/infected/image10306.jpg,1d525c10d3960e897e484da7983a4b7f,1
infected,/home/farhan/my-projects/pearl/data/infected/image11791.jpg,1d5f92617a14cd9a75f2e4a75beb0d02,1
infected,/home/farhan/my-projects/pearl/data/infected/image11611.jpg,1d70c78ea33c72ee1206e1cad74c5a9e,1
infected,/home/farhan/my-projects/pearl/data/infected/image10814.jpg,1d72fdf0f985923ce8e2b6fc41802874,1
infected,/home/farhan/my-projects/pearl/data/infected/image10706.jpg,1d757ff0360474eb2449d0424e7c7391,1
infected,/home/farhan/my-projects/pearl/data/infected/image11225.jpg,1d7bb41eb69016fccdec76367b982451,1
infected,/home/farhan/my-projects/pearl/data/infected/Image_925.jpg,1d81726b45f5968afe8676f44339793c,1
infected,/home/farhan/my-projects/pearl/data/infected/image11430.jpg,1d8442a112fc720c57dffa75a08d5db2,1
infected,/home/farhan/my-projects/pearl/data/infected/image10626.jpg,1d94934b356e209f50e69ab1f6de672d,1
infected,/home/farhan/my-projects/pearl/data/infected/Image_Rotate_163.jpg,1dbbbf86b372a7660c0f8178bc90b784,1
infected,/home/farhan/my-projects/pearl/data/infected/image13153.jpg,1dc1b8cd9f4b03b1d484a99a9ab48ffa,1
infected,/home/farhan/my-projects/pearl/data/infected/image13083.jpg,1de625ab78810111e27892f99d9a0adc,1
infected,/home/farhan/my-projects/pearl/data/infected/image12736.jpg,1e1391d9bdd56e36bcd20df8a0edf27f,1
infected,/home/farhan/my-projects/pearl/data/infected/Image_Rotate_Rotate_Right_229.jpg,1e14903c826ee3373678bc26a3f7a522,1
infected,/home/farhan/my-projects/pearl/data/infected/image11893.jpg,1e63d108f4820fcc4f6f1166987a3570,1
infected,/home/farhan/my-projects/pearl/data/infected/image12063.jpg,1e7df71f24bd1b76345d8e014164b7f8,1
infected,/home/farhan/my-projects/pearl/data/infected/Image_917.jpg,1e8a9476bda497122f529f0b188fabe5,1
infected,/home/farhan/my-projects/pearl/data/infected/image10142.jpg,1ea5bb4892d19b608410b634facc7c53,1
infected,/home/farhan/my-projects/pearl/data/infected/image10802.jpg,1eca58f958a0bcff1de2b29bb2fa9bd0,1
infected,/home/farhan/my-projects/pearl/data/infected/Image_Rotate_037.jpg,1edb7066f9185ef82c82592776ee04df,1
infected,/home/farhan/my-projects/pearl/data/infected/image12985.jpg,1ee5980c7985e60b351fa3ab3f96f107,1
infected,/home/farhan/my-projects/pearl/data/infected/image11777.jpg,1eef6065f9438af4d31245a99668b5a0,1
infected,/home/farhan/my-projects/pearl/data/infected/image10009.jpg,1f01f0d1d7aa4c79e0f26e995b8a7077,1
infected,/home/farhan/my-projects/pearl/data/infected/image12790.jpg,1f20959626f245113e1a5a2660c12945,1
infected,/home/farhan/my-projects/pearl/data/infected/image13146.jpg,1f29b9d519fa0de3575161a7cc9c5050,1
infected,/home/farhan/my-projects/pearl/data/infected/image10848.jpg,1f4da6cc006baa28ef123f6146c28b0c,1
infected,/home/farhan/my-projects/pearl/data/infected/image13136.jpg,1f5b4406efa721d44b5dc9b09ab01ca6,1
infected,/home/farhan/my-projects/pearl/data/infected/Image_635.jpg,1f7f4a7bf9939a65c19037fd706a2246,1
infected,/home/farhan/my-projects/pearl/data/infected/Image_Rotate_033.jpg,1fe0684719793e4fabb2b4722e2d1917,1
infected,/home/farhan/my-projects/pearl/data/infected/Image_Rotate_Rotate_Right_099.jpg,2007d1d6861ea05e3523bc028f4401a0,1
infected,/home/farhan/my-projects/pearl/data/infected/image11891.jpg,20158cd578616906898e607cc4e8ca96,1
infected,/home/farhan/my-projects/pearl/data/infected/image10290.jpg,205ee275071822f48024826a9d688eef,1
infected,/home/farhan/my-projects/pearl/data/infected/image10904.jpg,20873596dfde51b23673b51506f7808f,1
infected,/home/farhan/my-projects/pearl/data/infected/image10060.jpg,20be2b5895bd4db137a7e23bf927433b,1
infected,/home/farhan/my-projects/pearl/data/infected/image11336.jpg,20d0695d24201a7ee4ac705de8649338,1
infected,/home/farhan/my-projects/pearl/data/infected/Image_929.jpg,20e309b736ee86386bd178c8eb904f46,1
infected,/home/farhan/my-projects/pearl/data/infected/image10249.jpg,20e5de1365461d00fa24d5a123f25e22,1
infected,/home/farhan/my-projects/pearl/data/infected/image10242.jpg,20ec85af7964784d06de69f354de160f,1
infected,/home/farhan/my-projects/pearl/data/infected/image13057.jpg,20f500739ff25bf0ad7f2f1e2254ddad,1
infected,/home/farhan/my-projects/pearl/data/infected/image11816.jpg,20f7b0de86d162dff84aa8abffd348a8,1
infected,/home/farhan/my-projects/pearl/data/infected/image11386.jpg,2120d0cd5e6b058810ba85bdf2c21e64,1
infected,/home/farhan/my-projects/pearl/data/infected/image11384.jpg,2126dfb577e2b12ac9b84a47f5f5aa03,1
infected,/home/farhan/my-projects/pearl/data/infected/image11506.jpg,2134506ade51caa024feed6152895018,1
infected,/home/farhan/my-projects/pearl/data/infected/image12054.jpg,21401800ab4dba34633ecfc1369561c9,1
infected,/home/farhan/my-projects/pearl/data/infected/image11523.jpg,214193221c6ef8922c2c1526914761fe,1
infected,/home/farhan/my-projects/pearl/data/infected/image12856.jpg,214d469e78037696f7c7379d3b47e610,1
infected,/home/farhan/my-projects/pearl/data/infected/image10824.jpg,2171e2536be53e84c65dbbc4a28086b9,1
infected,/home/farhan/my-projects/pearl/data/infected/Image_617.jpg,217e15d1215034e74c103fa44cb2c8fc,1
infected,/home/farhan/my-projects/pearl/data/infected/image10304.jpg,21971729bb9dfdc9ad08810a93dce7db,1
infected,/home/farhan/my-projects/pearl/data/infected/image10227.jpg,2197246f03d2578dd8dc3600d47d8d9c,1
infected,/home/farhan/my-projects/pearl/data/infected/image12607.jpg,21a60a0f03a97ffe95f38e4b1ea29c03,1
infected,/home/farhan/my-projects/pearl/data/infected/image11289.jpg,21a977f5d7d3a97d0fa9bb027520146e,1
infected,/home/farhan/my-projects/pearl/data/infected/image11402.jpg,21ab56aef1713d1be16c0096befba1ae,1
infected,/home/farhan/my-projects/pearl/data/infected/image10315.jpg,21b72e74ec09bbec5b953b411e20e52f,1
infected,/home/farhan/my-projects/pearl/data/infected/Image_951.jpg,21bba496ed1dfa158265699eca0460a2,1
infected,/home/farhan/my-projects/pearl/data/infected/image11676.jpg,21df349d9da1ff115f2d05be7809d526,1
infected,/home/farhan/my-projects/pearl/data/infected/image10490.jpg,21e37fa4a851929e41a78ccc48f1c0f5,1
infected,/home/farhan/my-projects/pearl/data/infected/image13015.jpg,2201c0951800c3354d4ef67746cea09e,1
infected,/home/farhan/my-projects/pearl/data/infected/image12058.jpg,22312961bb60be86ecd87e84aa81edc9,1
infected,/home/farhan/my-projects/pearl/data/infected/image10830.jpg,224fbaa61cc0b11016174996708245b7,1
infected,/home/farhan/my-projects/pearl/data/infected/image12978.jpg,226f2e3b80197efccdfd1aa7f3c0c2bc,1
infected,/home/farhan/my-projects/pearl/data/infected/image10800.jpg,22765aa597d897493c921317fd9cff6b,1
infected,/home/farhan/my-projects/pearl/data/infected/Image_067.jpg,22938c38fd778f601d1b85148262406a,1
infected,/home/farhan/my-projects/pearl/data/infected/image11559.jpg,229538e828c26f1d232119ca2366e520,1
infected,/home/farhan/my-projects/pearl/data/infected/image10730.jpg,22954eaebb438877a229e92508158730,1
infected,/home/farhan/my-projects/pearl/data/infected/image11296.jpg,22a9351e77056f911292a75a08938bcf,1
infected,/home/farhan/my-projects/pearl/data/infected/image10272.jpg,22bb901e789a5c32ac2879b6aa29d325,1
infected,/home/farhan/my-projects/pearl/data/infected/image10879.jpg,22be98022db513a1266b34ba8cb0ecbf,1
infected,/home/farhan/my-projects/pearl/data/infected/image11188.jpg,22e928ca36538a592caa3d906d2cfa80,1
infected,/home/farhan/my-projects/pearl/data/infected/image11813.jpg,22f3bb9186846e288b77f750fd063122,1
infected,/home/farhan/my-projects/pearl/data/infected/image12385.jpg,23183728ec8adcf3160210068b810299,1
infected,/home/farhan/my-projects/pearl/data/infected/Image_935.jpg,231cef1456a0eb65544d31f937f54e8c,1
infected,/home/farhan/my-projects/pearl/data/infected/image10146.jpg,231ec8b964a62c3b7f8764f5757fe863,1
infected,/home/farhan/my-projects/pearl/data/infected/Image_029.jpg,232856c64a4bae0862b87564a68cc58a,1
infected,/home/farhan/my-projects/pearl/data/infected/Image_707.jpg,233831d759b4da7569afda4bee083332,1
infected,/home/farhan/my-projects/pearl/data/infected/Image_Rotate_Rotate_Right_175.jpg,234f6b73ee908104c11a87914b4de80e,1
infected,/home/farhan/my-projects/pearl/data/infected/image10268.jpg,236f2ccc8f7519dc94f9a1c47f6b51d7,1
infected,/home/farhan/my-projects/pearl/data/infected/Image_Rotate_121.jpg,2383f9210ed195ca2bc4e18bb21e25e1,1
infected,/home/farhan/my-projects/pearl/data/infected/image11876.jpg,23abfec5480a729fa40bcee0e2d9b2fd,1
infected,/home/farhan/my-projects/pearl/data/infected/Image_451.jpg,23b68dd2271586ae39e628d00697f3b4,1
infected,/home/farhan/my-projects/pearl/data/infected/image11315.jpg,23ddd087df99f8aa359360a3ebb994db,1
infected,/home/farhan/my-projects/pearl/data/infected/image11297.jpg,241d134cdbd927ada249f89dab8bd099,1
infected,/home/farhan/my-projects/pearl/data/infected/image12035.jpg,24544266645b16af1a43c540df061cfc,1
infected,/home/farhan/my-projects/pearl/data/infected/image11223.jpg,2466283966882ce9c9191757255fecac,1
infected,/home/farhan/my-projects/pearl/data/infected/image11820.jpg,2480ad955fb8d10ed326d52afcc5fc8a,1
infected,/home/farhan/my-projects/pearl/data/infected/image11361.jpg,249db0b4dcb56f1a877a9cfb74a523d2,1
infected,/home/farhan/my-projects/pearl/data/infected/image12292.jpg,24a6828c599b49d0003d86053ec5a3fc,1
infected,/home/farhan/my-projects/pearl/data/infected/image10256.jpg,24a816a9aeeecdbf53ac1e384e3ff5c8,1
infected,/home/farhan/my-projects/pearl/data/infected/Image_Rotate_Rotate_Right_035.jpg,24bd42674f50433219f3aca2e9b272c5,1
infected,/home/farhan/my-projects/pearl/data/infected/image10192.jpg,24c66bbd4cebd59125a11218d484dc2f,1
infected,/home/farhan/my-projects/pearl/data/infected/image10677.jpg,24eb471b6512c58515898958d2238f13,1
infected,/home/farhan/my-projects/pearl/data/infected/image11896.jpg,24f274ed6461c7c1c33edee5baa5c4f3,1
infected,/home/farhan/my-projects/pearl/data/infected/Image_243.jpg,2541e8cc81c0d731c33df9e067c0b857,1
infected,/home/farhan/my-projects/pearl/data/infected/image12789.jpg,2551dbdbfd0376eeae71eb0e37b23d65,1
infected,/home/farhan/my-projects/pearl/data/infected/Image_resize_125.jpg,256278461e0e78c9667ac8c8743f8829,1
infected,/home/farhan/my-projects/pearl/data/infected/image11426.jpg,2569f3daab042a992fe75bf683d5fe5f,1
infected,/home/farhan/my-projects/pearl/data/infected/Image_Rotate_Rotate_Right_275.jpg,2585835f65d814425b7057dde5926b3e,1
infected,/home/farhan/my-projects/pearl/data/infected/image11432.jpg,25a257f161323f01df718697b463b808,1
infected,/home/farhan/my-projects/pearl/data/infected/Image_467.jpg,25b154b03164864ac1e04b43abdac6e0,1
infected,/home/farhan/my-projects/pearl/data/infected/image13159.jpg,25bc22032fff5b2ce396a0b3b0b85326,1
infected,/home/farhan/my-projects/pearl/data/infected/image10063.jpg,25bf84f75730d6822028c74ae1264c61,1
infected,/home/farhan/my-projects/pearl/data/infected/image10190.jpg,25ce92236d32e85ea5439131e1717629,1
infected,/home/farhan/my-projects/pearl/data/infected/image10551.jpg,25ec98a12f3def98217ea8a93aecdd46,1
infected,/home/farhan/my-projects/pearl/data/infected/Image_resize_147.jpg,25fad9b0477cd3d32b139901f47ecf0c,1
infected,/home/farhan/my-projects/pearl/data/infected/image11930.jpg,25fb819fb51331984010e06df9f6b7b4,1
infected,/home/farhan/my-projects/pearl/data/infected/image11346.jpg,260f49f1c34177450e1b482f0d8ee22a,1
infected,/home/farhan/my-projects/pearl/data/infected/image12547.jpg,262a67271411efda8633ee3c759406aa,1
infected,/home/farhan/my-projects/pearl/data/infected/image11536.jpg,2633747f6fb9fd825f9d8107c5e2a8fa,1
infected,/home/farhan/my-projects/pearl/data/infected/Image_Rotate_Rotate_Right_125.jpg,2655d63b20a41d25272aaad986803c2b,1
infected,/home/farhan/my-projects/pearl/data/infected/image10270.jpg,26672724ae98f660951d4b356e00ea59,1
infected,/home/farhan/my-projects/pearl/data/infected/image11848.jpg,26892de6ab8217089792494da7110bfe,1
infected,/home/farhan/my-projects/pearl/data/infected/Image_resize_197.jpg,268cdf237ef37ed38b6b94d52ce7de2b,1
infected,/home/farhan/my-projects/pearl/data/infected/image10634.jpg,26b0c2d3d03d2f4b32aedc57852bd170,1
infected,/home/farhan/my-projects/pearl/data/infected/Image_303.jpg,26bac9745efeaaf24a8bbc6dcfcc8ec7,1
infected,/home/farhan/my-projects/pearl/data/infected/Image_Rotate_Rotate_Right_097.jpg,26cd377475d05053073a8a541588c152,1
infected,/home/farhan/my-projects/pearl/data/infected/image10826.jpg,26de59c71903b96a91874c96198c08ae,1
infected,/home/farhan/my-projects/pearl/data/infected/image13037.jpg,26ece5d44990040b0531679cb3eef68e,1
infected,/home/farhan/my-projects/pearl/data/infected/image12553.jpg,26ff4673ed9b3d6f91d43d8e3e23ac21,1
infected,/home/farhan/my-projects/pearl/data/infected/image10380.jpg,270f70a589a42deea58a3414d6bf3eab,1
infected,/home/farhan/my-projects/pearl/data/infected/Image_Rotate_137.jpg,2710887a8cc99e2bca4aee929e6b646d,1
infected,/home/farhan/my-projects/pearl/data/infected/image10909.jpg,2721ea535e6bbc79056e82208a4e689e,1
infected,/home/farhan/my-projects/pearl/data/infected/image10170.jpg,272aca5a19086093a9c54ee94ef0780b,1
infected,/home/farhan/my-projects/pearl/data/infected/image10688.jpg,2730fd9ff042b9dfe5d4d584690c9754,1
infected,/home/farhan/my-projects/pearl/data/infected/Image_675.jpg,27335b0a1bb4845d97c4896821eb2dee,1
infected,/home/farhan/my-projects/pearl/data/infected/image10528.jpg,273dd62de04957283f9a845099176b9c,1
infected,/home/farhan/my-projects/pearl/data/infected/image10529.jpg,273fda61b87abd75d3bc213659ac675a,1
infected,/home/farhan/my-projects/pearl/data/infected/Image_resize_107.jpg,275af6ce22a033a379cd9ecd4e5369f3,1
infected,/home/farhan/my-projects/pearl/data/infected/image10884.jpg,2774f706c0e999d01d990b18869665ac,1
infected,/home/farhan/my-projects/pearl/data/infected/image11540.jpg,277b97f579a5f618ea57b03d2d4ce0a0,1
infected,/home/farhan/my-projects/pearl/data/infected/Image_533.jpg,279dcf4a657e12db2063b2f06ec75e00,1
infected,/home/farhan/my-projects/pearl/data/infected/image11668.jpg,279e404ce8cb75432bfe84e72a5a88cf,1
infected,/home/farhan/my-projects/pearl/data/infected/image11902.jpg,279e59e6f6905d21bba0ab468477d6e7,1
infected,/home/farhan/my-projects/pearl/data/infected/image12060.jpg,27bf7e44a1459de05aafea11e2ea07ac,1
infected,/home/farhan/my-projects/pearl/data/infected/image10937.jpg,27c8f10e181c59b1e17e277036cfabd0,1
infected,/home/farhan/my-projects/pearl/data/infected/Image_Rotate_Rotate_Right_353.jpg,27ce450f2b48fe3132c4f9d6d744cf25,1
infected,/home/farhan/my-projects/pearl/data/infected/Image_469.jpg,27f10f6f07dc4248f48b14c5c9be06db,1
infected,/home/farhan/my-projects/pearl/data/infected/Image_Rotate_115.jpg,27f946b855618d6d4af7717ec7512192,1
infected,/home/farhan/my-projects/pearl/data/infected/image11914.jpg,2841ae9bd2cc8cc22d8b03ab4465ecb5,1
infected,/home/farhan/my-projects/pearl/data/infected/image10898.jpg,28505d127ae5e10dd6d0a137848e45a7,1
infected,/home/farhan/my-projects/pearl/data/infected/image10321.jpg,286319205ce627ba625e85725a78da4e,1
infected,/home/farhan/my-projects/pearl/data/infected/image10739.jpg,286b828a9d8baa049ab68c936d11c172,1
infected,/home/farhan/my-projects/pearl/data/infected/Image_resize_167.jpg,2872951a22f835893cc13e988dfaeb70,1
infected,/home/farhan/my-projects/pearl/data/infected/Image_1007.jpg,289092406e28a44fc185455884d63540,1
infected,/home/farhan/my-projects/pearl/data/infected/image12441.jpg,2896d991b12dbf9d54a6a857359128de,1
infected,/home/farhan/my-projects/pearl/data/infected/Image_437.jpg,289d4387421d80c168abcb743b070ce4,1
infected,/home/farhan/my-projects/pearl/data/infected/Image_resize_093.jpg,28a0196dd5a76aa6eb2d06dfcc376040,1
infected,/home/farhan/my-projects/pearl/data/infected/Image_781.jpg,28d49f08c78224bc8a5b668c6a70dca9,1
infected,/home/farhan/my-projects/pearl/data/infected/image11179.jpg,28dbe654ffc333f545ae0a6cbdd990ca,1
infected,/home/farhan/my-projects/pearl/data/infected/Image_Rotate_Rotate_Right_233.jpg,28f3a83994a12cfa59f732eb5497aab3,1
infected,/home/farhan/my-projects/pearl/data/infected/image10716.jpg,294336785af9986df69f5e5ef571bbdf,1
infected,/home/farhan/my-projects/pearl/data/infected/image11308.jpg,294467232ffa8be4af2cc1ebeced0aeb,1
infected,/home/farhan/my-projects/pearl/data/infected/image11939.jpg,29525f409dbc2a18a26328e7d319e8a1,1
infected,/home/farhan/my-projects/pearl/data/infected/image11731.jpg,2982d26841eee3d965104e3e73029f31,1
infected,/home/farhan/my-projects/pearl/data/infected/Image_475.jpg,299c2777996033a2210f53c43bf757ab,1
infected,/home/farhan/my-projects/pearl/data/infected/image10934.jpg,29bc1f709555c6bd71ea61014223bb70,1
infected,/home/farhan/my-projects/pearl/data/infected/image10434.jpg,29e27adac0fedb45846af7f178045666,1
infected,/home/farhan/my-projects/pearl/data/infected/Image_147.jpg,29e9842b5ead0f66f7d733a54f166e85,1
infected,/home/farhan/my-projects/pearl/data/infected/Image_869.jpg,29f459199151c7403d9ec4aa1b9f54b2,1
infected,/home/farhan/my-projects/pearl/data/infected/Image_Rotate_Rotate_Right_347.jpg,29fa5d20b885e88be608bd8e60648f88,1
infected,/home/farhan/my-projects/pearl/data/infected/image11903.jpg,29feb1bc6ec502d4945b1a7399a75c80,1
infected,/home/farhan/my-projects/pearl/data/infected/image12537.jpg,2a0bba03473b77c2b7c507e2cd7b5221,1
infected,/home/farhan/my-projects/pearl/data/infected/image11541.jpg,2a11f0d0e294ca29d85f27c2dd9d1407,1
infected,/home/farhan/my-projects/pearl/data/infected/image10296.jpg,2a14147d363c58ce009d668804e7e2d1,1
infected,/home/farhan/my-projects/pearl/data/infected/Image_Rotate_073.jpg,2a20147f55957f699d61315758ec2947,1
infected,/home/farhan/my-projects/pearl/data/infected/image13073.jpg,2a2f15641c93c5473bba87ba80e64cca,1
infected,/home/farhan/my-projects/pearl/data/infected/Image_259.jpg,2a32793372dfd152c33bcd122447e5a1,1
infected,/home/farhan/my-projects/pearl/data/infected/image10812.jpg,2a4b0096d358210b5ec2af836fd773b8,1
infected,/home/farhan/my-projects/pearl/data/infected/image13016.jpg,2a65e643222a51c1819bf01e0be6f98d,1
infected,/home/farhan/my-projects/pearl/data/infected/image12590.jpg,2a67e9cfdf150cfa19062d6b2ce4f976,1
infected,/home/farhan/my-projects/pearl/data/infected/image10912.jpg,2a8efe21db1f13fcb68d67be42c1c760,1
infected,/home/farhan/my-projects/pearl/data/infected/image10544.jpg,2a977e195b063f5bfeee61c00269612f,1
infected,/home/farhan/my-projects/pearl/data/infected/image11491.jpg,2a97f0c3f2f921ec76f77c5a1245154b,1
infected,/home/farhan/my-projects/pearl/data/infected/image10442.jpg,2a9e909792d77d92fd05372df951c33c,1
infected,/home/farhan/my-projects/pearl/data/infected/image12992.jpg,2aace5336fae64eaa0227f5fa747cfbf,1
infected,/home/farhan/my-projects/pearl/data/infected/image12801.jpg,2ac8319f402fc0517251e9cb4e5e8a17,1
infected,/home/farhan/my-projects/pearl/data/infected/image10837.jpg,2ad3f4d59dfbe63932ce427c66ee7352,1
infected,/home/farhan/my-projects/pearl/data/infected/image12615.jpg,2adf66d71a360ed6764c7199fcef7ac5,1
infected,/home/farhan/my-projects/pearl/data/infected/image10094.jpg,2ae37227b43dff1b858e17bd7b9621d9,1
infected,/home/farhan/my-projects/pearl/data/infected/image12931.jpg,2b1c0d98aa65c6df8de78ea045bb9e0a,1
infected,/home/farhan/my-projects/pearl/data/infected/image10784.jpg,2b24410a3f8c98bac630f750792f43e2,1
infected,/home/farhan/my-projects/pearl/data/infected/image12067.jpg,2b4406fa86b0d7134235fa5857c6a94c,1
infected,/home/farhan/my-projects/pearl/data/infected/image10108.jpg,2b45a479e00f147ced95d46fdfb962d1,1
infected,/home/farhan/my-projects/pearl/data/infected/image11713.jpg,2b4c64b31e82393c892f0b41227cca88,1
infected,/home/farhan/my-projects/pearl/data/infected/image10241.jpg,2b4df08c1ac60c5f95f4fdc22437ead1,1
infected,/home/farhan/my-projects/pearl/data/infected/image11790.jpg,2b5a7d9d028b76aa516fc08809ee495e,1
infected,/home/farhan/my-projects/pearl/data/infected/image11417.jpg,2b79501b54907ce955e168880d00e338,1
infected,/home/farhan/my-projects/pearl/data/infected/image12567.jpg,2ba2fcdfd97d5dc8d1f6c66c0fae1c9f,1
infected,/home/farhan/my-projects/pearl/data/infected/image10832.jpg,2ba30b0af103741da20504de63c2d795,1
infected,/home/farhan/my-projects/pearl/data/infected/image11827.jpg,2bd3cd7b61e05e5b30ea7ac9f074e6eb,1
infected,/home/farhan/my-projects/pearl/data/infected/image10713.jpg,2bd60498c82c07f1db44becfe328c6c9,1
infected,/home/farhan/my-projects/pearl/data/infected/image11594.jpg,2bebbd339928cac34e001365e4c01958,1
infected,/home/farhan/my-projects/pearl/data/infected/image10620.jpg,2bf41b9e9c9a0be0b3db14dcaee15920,1
infected,/home/farhan/my-projects/pearl/data/infected/image11332.jpg,2bf95465da9ee53fd09bd90cf1307954,1
infected,/home/farhan/my-projects/pearl/data/infected/image12639.jpg,2c022b3c26a34090901c9122da8032eb,1
infected,/home/farhan/my-projects/pearl/data/infected/Image_resize_193.jpg,2c2bad1c24d796d05aef93a7d86c9e8f,1
infected,/home/farhan/my-projects/pearl/data/infected/image12805.jpg,2c34d1f9a200cf067f5dab4afad95b07,1
infected,/home/farhan/my-projects/pearl/data/infected/image10303.jpg,2c37e8b2bff5467929934f408b546022,1
infected,/home/farhan/my-projects/pearl/data/infected/image12078.jpg,2c38f72ea1afd84850bb3fdde98716c8,1
infected,/home/farhan/my-projects/pearl/data/infected/image10168.jpg,2c40f30cc754f8b9199744ec15fe11bf,1
infected,/home/farhan/my-projects/pearl/data/infected/image10761.jpg,2c49d55b4b57929df957162314707524,1
infected,/home/farhan/my-projects/pearl/data/infected/image11938.jpg,2c4fa4969005ce1248004c231a658720,1
infected,/home/farhan/my-projects/pearl/data/infected/Image_439.jpg,2c6e8674b1744d5e1c8ab8b2e91f7720,1
infected,/home/farhan/my-projects/pearl/data/infected/image11810.jpg,2ca2eaa4232ce233f1d0a6e5e6198be9,1
infected,/home/farhan/my-projects/pearl/data/infected/image12808.jpg,2cbe527e734a9294f7e63cbd367a8158,1
infected,/home/farhan/my-projects/pearl/data/infected/Image_resize_023.jpg,2cc98ce504ca8070e62e34b1fb571ad4,1
infected,/home/farhan/my-projects/pearl/data/infected/Image_941.jpg,2cce83a25abcf22ce07e249512d03b45,1
infected,/home/farhan/my-projects/pearl/data/infected/image11543.jpg,2ce4b9a0cb0ebef55ca37e85bf2bbb10,1
infected,/home/farhan/my-projects/pearl/data/infected/image12569.jpg,2cf7109301a392b305ab2ba3739a8a76,1
infected,/home/farhan/my-projects/pearl/data/infected/image10374.jpg,2cfa5680b61618a183eec23d54d686f0,1
infected,/home/farhan/my-projects/pearl/data/infected/image10637.jpg,2cffbbfa8ee8014fcaa6a0c85116bfd1,1
infected,/home/farhan/my-projects/pearl/data/infected/image10652.jpg,2d56f9220b747239cdb4a287df264890,1
infected,/home/farhan/my-projects/pearl/data/infected/image12141.jpg,2d5ac384c332bce456c5ae3e283d2077,1
infected,/home/farhan/my-projects/pearl/data/infected/image10400.jpg,2d69be52b49e54c9e21750966ea6eb5f,1
infected,/home/farhan/my-projects/pearl/data/infected/Image_Rotate_Rotate_Right_031.jpg,2d7d9d6501f83f6d2be22b8173e063bf,1
infected,/home/farhan/my-projects/pearl/data/infected/image12926.jpg,2d83eb3b27c62377b2e32522639cc13a,1
infected,/home/farhan/my-projects/pearl/data/infected/Image_Rotate_Rotate_Right_047.jpg,2d84d4d636f2cf9d5462e0f9bc29aa22,1
infected,/home/farhan/my-projects/pearl/data/infected/image10747.jpg,2d891013620561a716533c7d981898a4,1
infected,/home/farhan/my-projects/pearl/data/infected/image10536.jpg,2da5ee8d6a4c88e7f3ece3c52b09e066,1
infected,/home/farhan/my-projects/pearl/data/infected/image10527.jpg,2daa5896f5b95f1cad7bf9555b537268,1
infected,/home/farhan/my-projects/pearl/data/infected/Image_resize_101.jpg,2dc95550b470dacbac7d660359711b89,1
infected,/home/farhan/my-projects/pearl/data/infected/image11846.jpg,2de462c495f5210e05928da95b6cf95c,1
infected,/home/farhan/my-projects/pearl/data/infected/Image_191.jpg,2df75bbabef848f76af99a765400bb20,1
infected,/home/farhan/my-projects/pearl/data/infected/image10473.jpg,2e0e3a3b69461ab0cf42726bf6dd42c5,1
infected,/home/farhan/my-projects/pearl/data/infected/image12630.jpg,2e1c26d1cb5e50dca56c9328e72cba90,1
infected,/home/farhan/my-projects/pearl/data/infected/image11445.jpg,2e2ea87ee1488d1d2ae26d7ffbd64c61,1
infected,/home/farhan/my-projects/pearl/data/infected/image12298.jpg,2e3bf9f723d2c703016a8a7894f44d44,1
infected,/home/farhan/my-projects/pearl/data/infected/image10364.jpg,2e3cca01448e99c1461e355132d25f7d,1
infected,/home/farhan/my-projects/pearl/data/infected/image10583.jpg,2e41ab14ee62a28b5a85c36803c041b3,1
infected,/home/farhan/my-projects/pearl/data/infected/image12577.jpg,2e4a2b5e944c144ea817b2fc8fe61d9a,1
infected,/home/farhan/my-projects/pearl/data/infected/Image_549.jpg,2e61a69115a15201923485ae9b066957,1
infected,/home/farhan/my-projects/pearl/data/infected/Image_789.jpg,2e644d4ec1163512e97ab696a786fcdb,1
infected,/home/farhan/my-projects/pearl/data/infected/image12000.jpg,2e6471f5a37a635526627fb1b2c759b3,1
infected,/home/farhan/my-projects/pearl/data/infected/Image_Rotate_Rotate_Right_029.jpg,2e69ee45d2743d911dab6ec19e9001ec,1
infected,/home/farhan/my-projects/pearl/data/infected/image11860.jpg,2e778dc613720538d6f6725277a57cc9,1
infected,/home/farhan/my-projects/pearl/data/infected/image11507.jpg,2e78bdeb2f3476983c6874a3a4b505e9,1
infected,/home/farhan/my-projects/pearl/data/infected/image12102.jpg,2e89cdf0a5104c7ad042f5ce2e06f31f,1
infected,/home/farhan/my-projects/pearl/data/infected/Image_769.jpg,2ea92b00562c7ea3e109869cc4cd591d,1
infected,/home/farhan/my-projects/pearl/data/infected/image10564.jpg,2eb9c077b5a3709451351e216110a065,1
infected,/home/farhan/my-projects/pearl/data/infected/Image_871.jpg,2ed4b7f5c020b7594a382bf9d8ca3dbd,1
infected,/home/farhan/my-projects/pearl/data/infected/image11756.jpg,2ef2f19f0679adb7c0578afa99d22903,1
infected,/home/farhan/my-projects/pearl/data/infected/image12727.jpg,2ef87d3db993c3d369ae25d92311e0f9,1
infected,/home/farhan/my-projects/pearl/data/infected/Image_019.jpg,2f08011a62680ad0456d41aeec1042c0,1
infected,/home/farhan/my-projects/pearl/data/infected/image10918.jpg,2f11f197dd2d94463d1df1c7fcafe777,1
infected,/home/farhan/my-projects/pearl/data/infected/image10169.jpg,2f343162bb74f3968492c7bd93c7b2e5,1
infected,/home/farhan/my-projects/pearl/data/infected/image10104.jpg,2f4083bc7816322e569995de64a60830,1
infected,/home/farhan/my-projects/pearl/data/infected/image10751.jpg,2f4c54ee54329ac0ef741a621cfcf552,1
infected,/home/farhan/my-projects/pearl/data/infected/image11304.jpg,2f5b31facf451e8524240a746f72be53,1
infected,/home/farhan/my-projects/pearl/data/infected/Image_365.jpg,2f75b00f99b694c2bc62666740d1413e,1
infected,/home/farhan/my-projects/pearl/data/infected/image10420.jpg,2fec6f17acecc3fb7b351b498db5849e,1
infected,/home/farhan/my-projects/pearl/data/infected/image12786.jpg,2feee1af0670623eb842fea12ea8c47c,1
infected,/home/farhan/my-projects/pearl/data/infected/image11316.jpg,3007ab7dffbc0148f8ecfb62b5be3743,1
infected,/home/farhan/my-projects/pearl/data/infected/image10100.jpg,300db85dfa05e683cac5c2c28b87cf34,1
infected,/home/farhan/my-projects/pearl/data/infected/image10509.jpg,30213a23dcc2291580c9ed81f4421384,1
infected,/home/farhan/my-projects/pearl/data/infected/Image_Rotate_Rotate_Right_091.jpg,30214c3f433853f7d6a1ca65aff20284,1
infected,/home/farhan/my-projects/pearl/data/infected/Image_Rotate_Rotate_Right_247.jpg,303047d0f68bdef8bf7558d079555e31,1
infected,/home/farhan/my-projects/pearl/data/infected/image10894.jpg,3055b1746921d04ca803f389faab8d33,1
infected,/home/farhan/my-projects/pearl/data/infected/image10621.jpg,3079129234b37cb10d6ccad7d975ddc9,1
infected,/home/farhan/my-projects/pearl/data/infected/Image_479.jpg,308752c59bb7b49bbf87285e299b61cb,1
infected,/home/farhan/my-projects/pearl/data/infected/image11328.jpg,30b468c6c640e4e59e47091933e9c2a9,1
infected,/home/farhan/my-projects/pearl/data/infected/Image_087.jpg,30c113276fbcdec24d76853740a5f259,1
infected,/home/farhan/my-projects/pearl/data/infected/image11853.jpg,30c1fe1ab2e91f16097ed34edb1ec7b0,1
infected,/home/farhan/my-projects/pearl/data/infected/Image_123.jpg,30c2c0148f23ae0d7baaff99ba54d78e,1
infected,/home/farhan/my-projects/pearl/data/infected/image10468.jpg,30c5c416f9eae345a42dd02590aea47b,1
infected,/home/farhan/my-projects/pearl/data/infected/Image_127.jpg,30e680a263da1cc60b835d6cca41a26d,1
infected,/home/farhan/my-projects/pearl/data/infected/image10576.jpg,3100341056696de8f25d62515b3c49ab,1
infected,/home/farhan/my-projects/pearl/data/infected/Image_Rotate_113.jpg,3100f3ff0f1f3ffe3e1ddd4cf639b5cb,1
infected,/home/farhan/my-projects/pearl/data/infected/image10322.jpg,310879c0fb83a8aaf5248d97749cc9ad,1
infected,/home/farhan/my-projects/pearl/data/infected/image10078.jpg,3115870245e9307f1d1875e2f182ac85,1
infected,/home/farhan/my-projects/pearl/data/infected/image11963.jpg,3135f61db5e74c0881d7d3e94ff4d6b4,1
infected,/home/farhan/my-projects/pearl/data/infected/image11550.jpg,313b57596252a82241ef0c2580f66bf9,1
infected,/home/farhan/my-projects/pearl/data/infected/image11726.jpg,315d719b2cdfc4a0280f9b482d9269bd,1
infected,/home/farhan/my-projects/pearl/data/infected/Image_resize_199.jpg,317184e35356fe1db27b6bcc4c342cd6,1
infected,/home/farhan/my-projects/pearl/data/infected/image12001.jpg,317f7a857d011759e6f2891904819673,1
infected,/home/farhan/my-projects/pearl/data/infected/image10790.jpg,3180ee3c36d6e0cc99fca34b78fb525b,1
infected,/home/farhan/my-projects/pearl/data/infected/image11747.jpg,319b1bfd81f43a7c8335d5e0bfa16cd1,1
infected,/home/farhan/my-projects/pearl/data/infected/image10755.jpg,31c15d2dd25db0d03e93e62688379db0,1
infected,/home/farhan/my-projects/pearl/data/infected/image11660.jpg,31d9ebcd00f090a6a08e9391745c10b3,1
infected,/home/farhan/my-projects/pearl/data/infected/Image_Rotate_Rotate_Right_223.jpg,3255ebda7dc437e2a41a82ee6dcdbba8,1
infected,/home/farhan/my-projects/pearl/data/infected/image12738.jpg,32702ce11de753d9c6c30f9799860ea4,1
infected,/home/farhan/my-projects/pearl/data/infected/image11268.jpg,328979d66f5d765099f7abe49792fd62,1
infected,/home/farhan/my-projects/pearl/data/infected/image12929.jpg,3290fc65d7d2f203d160249ddbfc0cd6,1
infected,/home/farhan/my-projects/pearl/data/infected/image10640.jpg,32913bccc5d005bafd52c91c9dc46bc7,1
infected,/home/farhan/my-projects/pearl/data/infected/image10889.jpg,3294f93506a72903c99967635a1af1a0,1
infected,/home/farhan/my-projects/pearl/data/infected/image10873.jpg,32af2b605022d8001289c6a311fb8f4c,1
infected,/home/farhan/my-projects/pearl/data/infected/Image_Rotate_Rotate_Right_101.jpg,32b87d8809841a811bcf0556c476943c,1
infected,/home/farhan/my-projects/pearl/data/infected/image10402.jpg,32bb765de9874978317ce0f484f69ca1,1
infected,/home/farhan/my-projects/pearl/data/infected/image10878.jpg,32be334e4e287047bd7aef8a24e104c7,1
infected,/home/farhan/my-projects/pearl/data/infected/image12943.jpg,32d5b658c028aeb43643601eb84f6137,1
infected,/home/farhan/my-projects/pearl/data/infected/image10444.jpg,32fccf59f7ec40774331da71ebc8a0b4,1
infected,/home/farhan/my-projects/pearl/data/infected/image13080.jpg,3303f3081462e91aeb86bb0b1a5df975,1
infected,/home/farhan/my-projects/pearl/data/infected/image10644.jpg,3305c99b52136d9ea83fbedb09c2b596,1
infected,/home/farhan/my-projects/pearl/data/infected/Image_Rotate_Rotate_Right_045.jpg,33278ce7685716c65c39c3ee532caf28,1
infected,/home/farhan/my-projects/pearl/data/infected/Image_933.jpg,332b991e1cfb52f9623ca0cec64f7159,1
infected,/home/farhan/my-projects/pearl/data/infected/Image_909.jpg,3338cbf03a6f354b0a6a8b02cc5d0f1d,1
infected,/home/farhan/my-projects/pearl/data/infected/image10030.jpg,3353527c4813c57b36427b69bb701cc2,1
infected,/home/farhan/my-projects/pearl/data/infected/image13049.jpg,335472855fb8394cc2cbc6fe9f797310,1
infected,/home/farhan/my-projects/pearl/data/infected/image11407.jpg,336b2508e53c4b97dc029d03f5c5ac55,1
infected,/home/farhan/my-projects/pearl/data/infected/image11821.jpg,336f9efa8a96e98421029c14d685255a,1
infected,/home/farhan/my-projects/pearl/data/infected/image13062.jpg,337cd32abfb0758b6ce9b0d3613217d1,1
infected,/home/farhan/my-projects/pearl/data/infected/Image_877.jpg,339480cb04c204a703f090fb5ccfcd6f,1
infected,/home/farhan/my-projects/pearl/data/infected/image11878.jpg,33a3dbb1339fd83cec5fdeb05c465dc7,1
infected,/home/farhan/my-projects/pearl/data/infected/image11964.jpg,33a753abf33d5d4ef4fd21725f926290,1
infected,/home/farhan/my-projects/pearl/data/infected/image10177.jpg,33a8ea1d87024a2ddc1f2ea54fb8a0eb,1
infected,/home/farhan/my-projects/pearl/data/infected/image10307.jpg,33b692f86dd8fd5a7c0190a4ee172af2,1
infected,/home/farhan/my-projects/pearl/data/infected/Image_resize_025.jpg,33b6cf11db63fc15d972774ef88d41e0,1
infected,/home/farhan/my-projects/pearl/data/infected/image12095.jpg,33b94d7bb50ff6f70b2e0fca082d4751,1
infected,/home/farhan/my-projects/pearl/data/infected/image10759.jpg,33e45a37225220675909519ee7f1f32f,1
infected,/home/farhan/my-projects/pearl/data/infected/image10795.jpg,343a5e969ccb1a8e599e15bc54659b0d,1
infected,/home/farhan/my-projects/pearl/data/infected/image12600.jpg,3443ccf8fdd77be78c87ef344f2efcd8,1
infected,/home/farhan/my-projects/pearl/data/infected/image12128.jpg,345b53dbe3700d1828b526ee51c08680,1
infected,/home/farhan/my-projects/pearl/data/infected/image13055.jpg,3487518a6ffd223b6989cb01467dc96f,1
infected,/home/farhan/my-projects/pearl/data/infected/image10008.jpg,3492b2969375a196c650b9507123f0a4,1
infected,/home/farhan/my-projects/pearl/data/infected/image11156.jpg,34a29e886248136868793c15dbf56fb9,1
infected,/home/farhan/my-projects/pearl/data/infected/image11521.jpg,34a7f8bbbd692a1e357415389388ee93,1
infected,/home/farhan/my-projects/pearl/data/infected/image11724.jpg,34c61105525793b8c4896fdd1413c321,1
infected,/home/farhan/my-projects/pearl/data/infected/Image_673.jpg,34c9be078777bc03679440ffc6383bcb,1
infected,/home/farhan/my-projects/pearl/data/infected/image10743.jpg,34d8e0a57602be19028eb9b0b1d0b253,1
infected,/home/farhan/my-projects/pearl/data/infected/Image_Rotate_Rotate_Right_009.jpg,34e558dd5c00f8c07fe13c02499e4f24,1
infected,/home/farhan/my-projects/pearl/data/infected/image11616.jpg,350c70e99ef45afe32eb91a01c317f69,1
infected,/home/farhan/my-projects/pearl/data/infected/image10339.jpg,351aea8f870c65eb6bedbe4350091f37,1
infected,/home/farhan/my-projects/pearl/data/infected/image10020.jpg,3525a4e25d6b0c9b174d971c430cb1c9,1
infected,/home/farhan/my-projects/pearl/data/infected/image12948.jpg,35538db86dd4ba9f695d3fe6e2e326cf,1
infected,/home/farhan/my-projects/pearl/data/infected/image10278.jpg,3568f5a27b4fd757def69a8b31c8ff6c,1
infected,/home/farhan/my-projects/pearl/data/infected/image10712.jpg,359c50b535537e021278cb66e07cdb21,1
infected,/home/farhan/my-projects/pearl/data/infected/Image_Rotate_Rotate_Right_063.jpg,35ab4702c5f170a7706615ec70988e5a,1
infected,/home/farhan/my-projects/pearl/data/infected/image11585.jpg,35b050921368d1d6ee8791d23f92c747,1
infected,/home/farhan/my-projects/pearl/data/infected/image12106.jpg,35be70076a94c944e54b57817d3c7033,1
infected,/home/farhan/my-projects/pearl/data/infected/image10651.jpg,35c6f0afad151524b6ab8e2d3c82afc7,1
infected,/home/farhan/my-projects/pearl/data/infected/image10305.jpg,35d93c197ff3bd5419d6f69bd63cb6d3,1
infected,/home/farhan/my-projects/pearl/data/infected/image10778.jpg,3605cedbd6f57c37fb675f4665a749c0,1
infected,/home/farhan/my-projects/pearl/data/infected/image12910.jpg,361a04945af0c75924c475b53d36ff07,1
infected,/home/farhan/my-projects/pearl/data/infected/image10556.jpg,361b2119020c80d6efa42f569ed98b5d,1
infected,/home/farhan/my-projects/pearl/data/infected/Image_881.jpg,3621fa61957f38dc8bca12ae5807eecb,1
infected,/home/farhan/my-projects/pearl/data/infected/image11535.jpg,362d8188ffdaddb81ebb237965cdd7d0,1
infected,/home/farhan/my-projects/pearl/data/infected/image10827.jpg,36316fa4957f4a425b0e9af1ff43a0a2,1
infected,/home/farhan/my-projects/pearl/data/infected/image10298.jpg,363d93370056f0bdc46e53ace30b72f9,1
infected,/home/farhan/my-projects/pearl/data/infected/Image_627.jpg,36443132ce646a57cfffbbd7d9c402aa,1
infected,/home/farhan/my-projects/pearl/data/infected/image11952.jpg,365bcbfe1370cdc69a45e53e1614dfbb,1
infected,/home/farhan/my-projects/pearl/data/infected/Image_249.jpg,3664aff50ef36a5422b7883cad1551f5,1
infected,/home/farhan/my-projects/pearl/data/infected/Image_Rotate_Rotate_Right_225.jpg,36acabb8b55592b82d81ef8043f46f5e,1
infected,/home/farhan/my-projects/pearl/data/infected/Image_139.jpg,36b1a737946dfa9c251ddd5900c79a04,1
infected,/home/farhan/my-projects/pearl/data/infected/Image_115.jpg,36ce0d87c6fd5a808298883cd8aea188,1
infected,/home/farhan/my-projects/pearl/data/infected/image10001.jpg,36db7169e9b66a2805d877e695e49e4f,1
infected,/home/farhan/my-projects/pearl/data/infected/Image_413.jpg,36e76f5a51092126dde39db4e761eb4b,1
infected,/home/farhan/my-projects/pearl/data/infected/image12753.jpg,36fd5655779e40592760e61fa5e7c633,1
infected,/home/farhan/my-projects/pearl/data/infected/image10352.jpg,3705c54354e510c4a6e772f083f45991,1
infected,/home/farhan/my-projects/pearl/data/infected/image10145.jpg,37094b2a27f13f595b66d325b813d4f7,1
infected,/home/farhan/my-projects/pearl/data/infected/image11630.jpg,370c52d1132e32aa8b12a6da6011e4c3,1
infected,/home/farhan/my-projects/pearl/data/infected/image11434.jpg,3715f097b7b46ce2f5efcc2270cb2f87,1
infected,/home/farhan/my-projects/pearl/data/infected/image11919.jpg,371767850ebb9df577e06a336d7fc642,1
infected,/home/farhan/my-projects/pearl/data/infected/image11459.jpg,372373a7c49352af30074e30c990bf43,1
infected,/home/farhan/my-projects/pearl/data/infected/Image_809.jpg,372515b43c837c7476c3da4bb17866a2,1
infected,/home/farhan/my-projects/pearl/data/infected/image10276.jpg,3730f8dc0ed08f7651c979e648dbcb21,1
infected,/home/farhan/my-projects/pearl/data/infected/image12731.jpg,3737cb0f39f279dad63c41651e397a1e,1
infected,/home/farhan/my-projects/pearl/data/infected/image11770.jpg,373b0c34eab4e4dd421b012b5da7e4b8,1
infected,/home/farhan/my-projects/pearl/data/infected/image12535.jpg,377890cd8cdc1ab5789b913bbd242e46,1
infected,/home/farhan/my-projects/pearl/data/infected/Image_Rotate_Rotate_Right_227.jpg,3780464d5376b3a8002c56902cfabb91,1
infected,/home/farhan/my-projects/pearl/data/infected/image11439.jpg,378ffcf9a10eeb08b225e65ccec62e08,1
infected,/home/farhan/my-projects/pearl/data/infected/image12810.jpg,37a7891c3a30955447970e44286e6478,1
infected,/home/farhan/my-projects/pearl/data/infected/Image_343.jpg,37a7a0bc23255788b7fa9c892df5045c,1
infected,/home/farhan/my-projects/pearl/data/infected/image12597.jpg,37acc0f437a7963923e545e7fb5ac0e7,1
infected,/home/farhan/my-projects/pearl/data/infected/image10466.jpg,37bccc8eba937445bb4a60d178c3b10d,1
infected,/home/farhan/my-projects/pearl/data/infected/Image_Rotate_Rotate_Right_327.jpg,37ce6f8eb5e5f93d39dcf0799bf14b44,1
infected,/home/farhan/my-projects/pearl/data/infected/Image_Rotate_Rotate_Right_291.jpg,37da6d837f41dda939161fc584371e5d,1
infected,/home/farhan/my-projects/pearl/data/infected/image12860.jpg,37f697a3b35dd074c9e790f722cec650,1
infected,/home/farhan/my-projects/pearl/data/infected/Image_283.jpg,3814a39d166f8550294ab5390bb79b1a,1
infected,/home/farhan/my-projects/pearl/data/infected/Image_resize_155.jpg,381746dc17205c6aedd83795fb033dc0,1
infected,/home/farhan/my-projects/pearl/data/infected/image12132.jpg,384af486889f4c1b4904d8623237fde2,1
infected,/home/farhan/my-projects/pearl/data/infected/Image_049.jpg,3851f8dead027850271e8d53942e79f3,1
infected,/home/farhan/my-projects/pearl/data/infected/image10031.jpg,38556c6c8839ab0333444bad7bf5c6f9,1
infected,/home/farhan/my-projects/pearl/data/infected/Image_Rotate_Rotate_Right_263.jpg,38692a09a6455ebcf96832b6b097bfca,1
infected,/home/farhan/my-projects/pearl/data/infected/image12459.jpg,3882678c0ef0ba8ec24e7d21796bfa85,1
infected,/home/farhan/my-projects/pearl/data/infected/image11529.jpg,38a69c69fa43dc629649dd33b604d314,1
infected,/home/farhan/my-projects/pearl/data/infected/image11208.jpg,38ab7c355e3fddc96d8f3aec76c23b41,1
infected,/home/farhan/my-projects/pearl/data/infected/Image_Rotate_159.jpg,38abaf5b35b26ffede1a98788cf3ca1f,1
infected,/home/farhan/my-projects/pearl/data/infected/Image_Rotate_Rotate_Right_241.jpg,38b7c2f9846ad6d9941b006fbea9779a,1
infected,/home/farhan/my-projects/pearl/data/infected/Image_Rotate_079.jpg,38d6563680cc33ecd16790eeda64f799,1
infected,/home/farhan/my-projects/pearl/data/infected/image12562.jpg,390c5729aa3ff5b4bd484c77026f278d,1
infected,/home/farhan/my-projects/pearl/data/infected/Image_241.jpg,3936616c9bf026968a567fcd7e832f59,1
infected,/home/farhan/my-projects/pearl/data/infected/image11324.jpg,394dbe469e18578e30e60db46f255840,1
infected,/home/farhan/my-projects/pearl/data/infected/image10229.jpg,3950a82f2b9f8c1ab466bdec39c33225,1
infected,/home/farhan/my-projects/pearl/data/infected/Image_965.jpg,395c7d814681ba754f95a224fee8ec75,1
infected,/home/farhan/my-projects/pearl/data/infected/image10369.jpg,395eeac826c0b712657cf7c9f53dd322,1
infected,/home/farhan/my-projects/pearl/data/infected/image10363.jpg,397c27636676ee84220bb1df28f78525,1
infected,/home/farhan/my-projects/pearl/data/infected/image11406.jpg,39823a14b19bd3570b4afad2d7b9575c,1
infected,/home/farhan/my-projects/pearl/data/infected/image10113.jpg,3987dbac21aefc83c0c794942e9b9b2c,1
infected,/home/farhan/my-projects/pearl/data/infected/image13050.jpg,39963186d04a9451a9e63f1cd515cf33,1
infected,/home/farhan/my-projects/pearl/data/infected/image12116.jpg,39a44b74a73a5e8aedd708046aeee380,1
infected,/home/farhan/my-projects/pearl/data/infected/Image_1000.jpg,39a8371d140b817aa31e8e5eae10181a,1
infected,/home/farhan/my-projects/pearl/data/infected/Image_237.jpg,39d1413b164aaea5ea2f8262b591c1da,1
infected,/home/farhan/my-projects/pearl/data/infected/Image_309.jpg,39d7a9492201893e281f869d71a56394,1
infected,/home/farhan/my-projects/pearl/data/infected/image10023.jpg,39db5b3b12c4012d4db09ea5e782b881,1
infected,/home/farhan/my-projects/pearl/data/infected/image11834.jpg,39e96b3cb949c99e3c486a7d3516393c,1
infected,/home/farhan/my-projects/pearl/data/infected/image10911.jpg,39f3187f0b4174af84802b71ca132957,1
infected,/home/farhan/my-projects/pearl/data/infected/image11452.jpg,3a0289f7738b41578a108538146eedc1,1
infected,/home/farhan/my-projects/pearl/data/infected/image11450.jpg,3a0ef46d6dfebde703bffc0ad1a444d0,1
infected,/home/farhan/my-projects/pearl/data/infected/Image_167.jpg,3a1706cdfeff983b8a13df6e76ed6d56,1
infected,/home/farhan/my-projects/pearl/data/infected/image10810.jpg,3a18c43a50a40bfd90a602a20a234679,1
infected,/home/farhan/my-projects/pearl/data/infected/image13130.jpg,3a1d55e1694838434750fc1e1f9b7cbb,1
infected,/home/farhan/my-projects/pearl/data/infected/image12892.jpg,3a44e4f66e669fc7d54532ebf505e82a,1
infected,/home/farhan/my-projects/pearl/data/infected/Image_Rotate_147.jpg,3a77436b9274dac8df01f1d3e953278b,1
infected,/home/farhan/my-projects/pearl/data/infected/image10485.jpg,3a7c3c813255810b6b2700bb8fa3fb49,1
infected,/home/farhan/my-projects/pearl/data/infected/Image_373.jpg,3a88924eebd3b1ea34732c7fa5406c59,1
infected,/home/farhan/my-projects/pearl/data/infected/image11766.jpg,3a8fcb28860e55e20bc2789a93106fbe,1
infected,/home/farhan/my-projects/pearl/data/infected/image10127.jpg,3aa7d844496c8feca52e42e426ac911d,1
infected,/home/farhan/my-projects/pearl/data/infected/image12586.jpg,3aae7500e35bbbe0f3b12539f9bb63e2,1
infected,/home/farhan/my-projects/pearl/data/infected/image11267.jpg,3abb8ac07a572fcead5f2fa920198276,1
infected,/home/farhan/my-projects/pearl/data/infected/image11805.jpg,3af912fab57f316dcf41350c59ec59ae,1
infected,/home/farhan/my-projects/pearl/data/infected/image10301.jpg,3b08cc49bf7c299e1783bce63f014f0e,1
infected,/home/farhan/my-projects/pearl/data/infected/Image_791.jpg,3b0e05cb7f87cacc516cfdcad0bff03e,1
infected,/home/farhan/my-projects/pearl/data/infected/image10003.jpg,3b2ca51876853b7a7d482d4b2ec4e1e0,1
infected,/home/farhan/my-projects/pearl/data/infected/image13148.jpg,3b3161707cd00df952b322f93a4d4798,1
infected,/home/farhan/my-projects/pearl/data/infected/Image_Rotate_Rotate_Right_149.jpg,3b31c80cc9d09f273d4ea7a6ec387ab2,1
infected,/home/farhan/my-projects/pearl/data/infected/Image_077.jpg,3b3a28e3687410bfb2c0f0281561535a,1
infected,/home/farhan/my-projects/pearl/data/infected/Image_273.jpg,3b40c5a35b563c5d94c4a9ca0e5f9eaa,1
infected,/home/farhan/my-projects/pearl/data/infected/image11751.jpg,3b88cbb11c65c11573bdd806b5382422,1
infected,/home/farhan/my-projects/pearl/data/infected/image10261.jpg,3b8e147f2a2f88db5b2e0c1a9b474dcb,1
infected,/home/farhan/my-projects/pearl/data/infected/image11399.jpg,3bb6796fabb23031bd1a0c97e7d8485b,1
infected,/home/farhan/my-projects/pearl/data/infected/image10789.jpg,3bf0dc18f7c617805e65d81ee97a8bdc,1
infected,/home/farhan/my-projects/pearl/data/infected/image10662.jpg,3c1a6c3de549fb9d81a8f60333c7848b,1
infected,/home/farhan/my-projects/pearl/data/infected/image12040.jpg,3c3601bdb2cc519f598e69c568ed7d4b,1
infected,/home/farhan/my-projects/pearl/data/infected/Image_979.jpg,3c3c402aee798a03bdceb7379519f465,1
infected,/home/farhan/my-projects/pearl/data/infected/image11608.jpg,3c680c78a3f502c53071ad8716a09408,1
infected,/home/farhan/my-projects/pearl/data/infected/image10841.jpg,3c8963da097553fc1563558b40c786a1,1
infected,/home/farhan/my-projects/pearl/data/infected/image10821.jpg,3c8996a8226bcb57a8384eb6e204b4a7,1
infected,/home/farhan/my-projects/pearl/data/infected/Image_739.jpg,3c9a7efe5fe16e1e2f4b38c6f2f13d53,1
infected,/home/farhan/my-projects/pearl/data/infected/image10102.jpg,3cb8957d1c6d3937c2a328fee92a3f94,1
infected,/home/farhan/my-projects/pearl/data/infected/Image_Rotate_Rotate_Right_127.jpg,3cc6856085a4995b1071379b4656e6fe,1
infected,/home/farhan/my-projects/pearl/data/infected/Image_Rotate_Rotate_Right_103.jpg,3cd898f42ffcd0ed684b8b09fa1cd103,1
infected,/home/farhan/my-projects/pearl/data/infected/image10687.jpg,3cda008ead18f5ef2020baf0b3ef15d9,1
infected,/home/farhan/my-projects/pearl/data/infected/image12117.jpg,3cdb6178c00d7ec25b6eefef1f3c7a40,1
infected,/home/farhan/my-projects/pearl/data/infected/Image_895.jpg,3cdfe5cc098a49b563880e41a2b63464,1
infected,/home/farhan/my-projects/pearl/data/infected/Image_Rotate_181.jpg,3d04cb3df76f975758639d34873a8f7d,1
infected,/home/farhan/my-projects/pearl/data/infected/image12083.jpg,3d23d37b54c38140b21142837948de10,1
infected,/home/farhan/my-projects/pearl/data/infected/image10493.jpg,3d39a40dc3e4bb4a74a54575902c586c,1
infected,/home/farhan/my-projects/pearl/data/infected/image11646.jpg,3d769c2fa34ebb5be7d21258bcb4dd80,1
infected,/home/farhan/my-projects/pearl/data/infected/image10630.jpg,3d8dec53ab1c798bdfedfbe78745b3fc,1
infected,/home/farhan/my-projects/pearl/data/infected/image11420.jpg,3d930e090449e96f1003fe747e7b33f9,1
infected,/home/farhan/my-projects/pearl/data/infected/image10592.jpg,3da2c6f456cf763c30ae5a13bb5ae1ab,1
infected,/home/farhan/my-projects/pearl/data/infected/image11183.jpg,3da506c7d3f3057350b0a2bc313f408e,1
infected,/home/farhan/my-projects/pearl/data/infected/image12850.jpg,3da813b48873a74f8cdcbaa3026a5cf9,1
infected,/home/farhan/my-projects/pearl/data/infected/image11933.jpg,3db25b9bca7f55ecd09ab27abb5c359f,1
infected,/home/farhan/my-projects/pearl/data/infected/image10647.jpg,3dc2231d02dff073e4e88d33cf4cb102,1
infected,/home/farhan/my-projects/pearl/data/infected/image10151.jpg,3dea83b0365232be7f18f4a824a441df,1
infected,/home/farhan/my-projects/pearl/data/infected/Image_Rotate_Rotate_Right_155.jpg,3df0183e4a07ccdf6e9dcbb593ad3652,1
infected,/home/farhan/my-projects/pearl/data/infected/image10197.jpg,3df0b9071a7c8ea38239ddbcca8dab45,1
infected,/home/farhan/my-projects/pearl/data/infected/image13040.jpg,3df2a8c9e69c2100db03be464898d69f,1
infected,/home/farhan/my-projects/pearl/data/infected/image10381.jpg,3e0522932614ab600a0e95333e295aca,1
infected,/home/farhan/my-projects/pearl/data/infected/Image_011.jpg,3e06ae48a60ab1678b2f18eba02dff69,1
infected,/home/farhan/my-projects/pearl/data/infected/Image_Rotate_Rotate_Right_161.jpg,3e1758b572340bbae04f441b7acdef7a,1
infected,/home/farhan/my-projects/pearl/data/infected/image10616.jpg,3e1d2413faeaf2b45a3bbb82a0c7738c,1
infected,/home/farhan/my-projects/pearl/data/infected/image10656.jpg,3e31e96f0552f69dac10f2c40a44e424,1
infected,/home/farhan/my-projects/pearl/data/infected/Image_455.jpg,3e39723729cf0f104be92e1194bd1bd9,1
infected,/home/farhan/my-projects/pearl/data/infected/image13047.jpg,3e454747e6490e1a94d68ea7529733c6,1
infected,/home/farhan/my-projects/pearl/data/infected/image12950.jpg,3e6d4e1f9ebd24ecdcf22101ccee745a,1
infected,/home/farhan/my-projects/pearl/data/infected/Image_resize_123.jpg,3e7c1dd3d71c933f6177dbaaf67f3878,1
infected,/home/farhan/my-projects/pearl/data/infected/image11246.jpg,3e84c92f8157ddeac1636d83359b66b0,1
infected,/home/farhan/my-projects/pearl/data/infected/image10221.jpg,3eb8a36e3715d6fbe84386fdc77f2412,1
infected,/home/farhan/my-projects/pearl/data/infected/Image_177.jpg,3edddbe950a0c0697ad162f2ee2aa719,1
infected,/home/farhan/my-projects/pearl/data/infected/Image_resize_121.jpg,3effb095a3e8f929536f8142e10cc192,1
infected,/home/farhan/my-projects/pearl/data/infected/image11280.jpg,3f0b9e5ff2a62c65c6d3b997a3bc8ec7,1
infected,/home/farhan/my-projects/pearl/data/infected/image10658.jpg,3f1c2aff23680f8b259fffe0e66085b0,1
infected,/home/farhan/my-projects/pearl/data/infected/Image_543.jpg,3f1e4079d2c30e2a96c9019a2948d9ed,1
infected,/home/farhan/my-projects/pearl/data/infected/Image_Rotate_199.jpg,3f51104aefc13f2029831df3d030368c,1
infected,/home/farhan/my-projects/pearl/data/infected/Image_807.jpg,3f81671d3b038a27e00603005ca6ef4d,1
infected,/home/farhan/my-projects/pearl/data/infected/image13100.jpg,3f99846c42e6c7846e3d2d5877a534ce,1
infected,/home/farhan/my-projects/pearl/data/infected/image10846.jpg,3fc2a15ac3f08c48261f54815a4db407,1
infected,/home/farhan/my-projects/pearl/data/infected/image10406.jpg,3fc3bff79e416161ec43ba6f7d268751,1
infected,/home/farhan/my-projects/pearl/data/infected/image11325.jpg,3fcd031f2c5b3e0d3a5fb3716dbb6d33,1
infected,/home/farhan/my-projects/pearl/data/infected/image11266.jpg,3fcd2cff575e5805791e4ab08e998455,1
infected,/home/farhan/my-projects/pearl/data/infected/image10917.jpg,3fcf8c25a65acd6edfe7a9b0be7ca91a,1
infected,/home/farhan/my-projects/pearl/data/infected/Image_121.jpg,3fd3bee7a227327d76bece94071516f6,1
infected,/home/farhan/my-projects/pearl/data/infected/image10811.jpg,3ff204948db4ef53d38ca6c6e20ea2d8,1
infected,/home/farhan/my-projects/pearl/data/infected/Image_Rotate_175.jpg,3fffdbd049dffd39b420af6d95de41d4,1
infected,/home/farhan/my-projects/pearl/data/infected/image13075.jpg,4009a717c2220e6f3062920e141e2cd7,1
infected,/home/farhan/my-projects/pearl/data/infected/image12565.jpg,402a0e4ca9a3fdecacfdb8c11f13db71,1
infected,/home/farhan/my-projects/pearl/data/infected/Image_297.jpg,403d45143e33e8ddb966e2c6b05f990c,1
infected,/home/farhan/my-projects/pearl/data/infected/image10733.jpg,404bdbca9a44d3a3f5d3f53d4d0eb3d7,1
infected,/home/farhan/my-projects/pearl/data/infected/image10350.jpg,405531cba3509600c86a91af260ea225,1
infected,/home/farhan/my-projects/pearl/data/infected/Image_851.jpg,4057c45f0d9218ec89fff12e873b9624,1
infected,/home/farhan/my-projects/pearl/data/infected/image12077.jpg,406a39a38f7b2e50b84ec35573cdf984,1
infected,/home/farhan/my-projects/pearl/data/infected/image10451.jpg,40be48c861dfa4162cabc1626416e9ae,1
infected,/home/farhan/my-projects/pearl/data/infected/image10584.jpg,40d54633b1e82efbe1f469093a4b605e,1
infected,/home/farhan/my-projects/pearl/data/infected/image10505.jpg,411e283929c675d4d9108eeafc5aa713,1
infected,/home/farhan/my-projects/pearl/data/infected/Image_resize_045.jpg,41356d892665c3efc836262a05682da9,1
infected,/home/farhan/my-projects/pearl/data/infected/image11799.jpg,414eebe2a14facee850d4d11b7a8b75c,1
infected,/home/farhan/my-projects/pearl/data/infected/image10225.jpg,41853003c15a34d1273a04084ec56a66,1
infected,/home/farhan/my-projects/pearl/data/infected/Image_Rotate_041.jpg,419c9e75ba32eaf6d3a505ed32134348,1
infected,/home/farhan/my-projects/pearl/data/infected/image12136.jpg,41a723351f7e1a8fe65f5238ab4930c8,1
infected,/home/farhan/my-projects/pearl/data/infected/image10130.jpg,41c8de3621fc3f58ca494aa196d633f5,1
infected,/home/farhan/my-projects/pearl/data/infected/image10013.jpg,4216f481d753719878f64379d7e89ec5,1
infected,/home/farhan/my-projects/pearl/data/infected/image11693.jpg,4228b92748b7a9ab45ff88373363ab4f,1
infected,/home/farhan/my-projects/pearl/data/infected/image11645.jpg,42293c55c82f5f71e7e363ce38916f3e,1
infected,/home/farhan/my-projects/pearl/data/infected/image10252.jpg,422d0ee4dbf4220875e1ef21dddbc667,1
infected,/home/farhan/my-projects/pearl/data/infected/image10195.jpg,4247aa3be570e4728484b4631b0cf6bd,1
infected,/home/farhan/my-projects/pearl/data/infected/image12767.jpg,4255ba5ad71835cbb51b57d7bbc3b615,1
infected,/home/farhan/my-projects/pearl/data/infected/Image_Rotate_189.jpg,4275635b3bb1563d99a73baed6c66ff1,1
infected,/home/farhan/my-projects/pearl/data/infected/Image_Rotate_Rotate_Right_123.jpg,4284cb08778e1adb5b50eb8f588f5ec7,1
infected,/home/farhan/my-projects/pearl/data/infected/image10384.jpg,428a7e28a416caa3dee2775869b4f221,1
infected,/home/farhan/my-projects/pearl/data/infected/image11392.jpg,42b425f21c74796678fe06c87dedc254,1
infected,/home/farhan/my-projects/pearl/data/infected/image10222.jpg,42c9987703a135bc13fa563a10042dbe,1
infected,/home/farhan/my-projects/pearl/data/infected/Image_565.jpg,42de462df0df40053e4f4065d4896285,1
infected,/home/farhan/my-projects/pearl/data/infected/image11209.jpg,42f932fbc1c78e32a4d007e34e16c6db,1
infected,/home/farhan/my-projects/pearl/data/infected/image10325.jpg,4302ad1a9188c76dc75b13f4275439f2,1
infected,/home/farhan/my-projects/pearl/data/infected/image11863.jpg,4304d81565106d40c2d2f31ccb0e4201,1
infected,/home/farhan/my-projects/pearl/data/infected/Image_Rotate_Rotate_Right_299.jpg,434752cee7bc24ffa636dfe28dedf113,1
infected,/home/farhan/my-projects/pearl/data/infected/Image_Rotate_Rotate_Right_061.jpg,434c433536034b9a99345d03cfcc268e,1
infected,/home/farhan/my-projects/pearl/data/infected/image11393.jpg,434d66815ef8c6397e4daf8b3be95cda,1
infected,/home/farhan/my-projects/pearl/data/infected/image11446.jpg,434e7c5366807eff32358cb27e86080d,1
infected,/home/farhan/my-projects/pearl/data/infected/Image_657.jpg,43599d0ff624d346ade5d27f9ccca4b5,1
infected,/home/farhan/my-projects/pearl/data/infected/image11936.jpg,436adef8bee6975e58bbfcb26d77a55b,1
infected,/home/farhan/my-projects/pearl/data/infected/Image_Rotate_Rotate_Right_341.jpg,43927a4db7827220668e8f5b028a4e70,1
infected,/home/farhan/my-projects/pearl/data/infected/image10379.jpg,43dfd1419e258a18b418d892680f2264,1
infected,/home/farhan/my-projects/pearl/data/infected/image12594.jpg,441b811746127984db7fd61dbf1b050b,1
infected,/home/farhan/my-projects/pearl/data/infected/image10834.jpg,442f78efc7f16b93e5c31f888d7bb903,1
infected,/home/farhan/my-projects/pearl/data/infected/image10359.jpg,443ff7732d3d372b26197fb33ee67cb3,1
infected,/home/farhan/my-projects/pearl/data/infected/Image_Rotate_167.jpg,44589a807a75aa20b2331f0054a44b2e,1
infected,/home/farhan/my-projects/pearl/data/infected/Image_697.jpg,4483863a0a5eb2c8d72a51a2df2abf74,1
infected,/home/farhan/my-projects/pearl/data/infected/image11855.jpg,4495c90096064f3ab9995508bfdc37d2,1
infected,/home/farhan/my-projects/pearl/data/infected/image10782.jpg,44a6f04dfa538e39b6be6a24ecb7b184,1
infected,/home/farhan/my-projects/pearl/data/infected/image10629.jpg,44ab359205b6e67a20d46346ad49a825,1
infected,/home/farhan/my-projects/pearl/data/infected/image11801.jpg,44b16750314dced60804b3067dd7ef78,1
infected,/home/farhan/my-projects/pearl/data/infected/image11657.jpg,44c4cc172fadd37cf5b681cc32b56604,1
infected,/home/farhan/my-projects/pearl/data/infected/Image_523.jpg,44c68b46f027336c59eb0928ded27da9,1
infected,/home/farhan/my-projects/pearl/data/infected/image12606.jpg,44d992dbd4eadb5ba9a0d2e5e4463986,1
infected,/home/farhan/my-projects/pearl/data/infected/image10046.jpg,44e9bcd1c0eae743687a88a29ea307f6,1
infected,/home/farhan/my-projects/pearl/data/infected/image11258.jpg,44f54c361bf559f6b03829d5d0953d9a,1
infected,/home/farhan/my-projects/pearl/data/infected/image10502.jpg,44fa16e557de9dfb432b0562c2bf5f19,1
infected,/home/farhan/my-projects/pearl/data/infected/image11377.jpg,4525bb6f22c0fd9d79aa33d9c3af2a62,1
infected,/home/farhan/my-projects/pearl/data/infected/image11301.jpg,453bcac4f65acea82477f4a0c23d5508,1
infected,/home/farhan/my-projects/pearl/data/infected/image10371.jpg,45410b9ab9966df6b5a0b407c6bace8b,1
infected,/home/farhan/my-projects/pearl/data/infected/image11354.jpg,456074584f42e919ec3662fd78041ca0,1
infected,/home/farhan/my-projects/pearl/data/infected/image10746.jpg,45739262438df187379977aaa98f3bb7,1
infected,/home/farhan/my-projects/pearl/data/infected/image12777.jpg,45793439be7ea6d755d59382bd14d2d5,1
infected,/home/farhan/my-projects/pearl/data/infected/image10203.jpg,4595bcef83649987f451e540ecfa4a4c,1
infected,/home/farhan/my-projects/pearl/data/infected/Image_Rotate_013.jpg,45ab544dd207cdd64a7d7c95b9f7f659,1
infected,/home/farhan/my-projects/pearl/data/infected/image10233.jpg,45b98b1ebda8a90d1c9d8887a924aa26,1
infected,/home/farhan/my-projects/pearl/data/infected/Image_705.jpg,45cee77b493a4fa1425ddff452f43753,1
infected,/home/farhan/my-projects/pearl/data/infected/image12624.jpg,45ef704cee24f27ebcbe6b1bf9387a4a,1
infected,/home/farhan/my-projects/pearl/data/infected/Image_197.jpg,460f8204cc5446704b28664b1423af2a,1
infected,/home/farhan/my-projects/pearl/data/infected/Image_Rotate_097.jpg,461a0b3f7c3334b22d62846619cad25f,1
infected,/home/farhan/my-projects/pearl/data/infected/image11440.jpg,462cf0f02e990db2de515be6382c426d,1
infected,/home/farhan/my-projects/pearl/data/infected/image11428.jpg,462d332776a806fe2106b01ef44e4a29,1
infected,/home/farhan/my-projects/pearl/data/infected/Image_Rotate_Rotate_Right_325.jpg,4636f65ea709ca157d8a1aee69900f23,1
infected,/home/farhan/my-projects/pearl/data/infected/Image_763.jpg,4641f09fab0eca54c02f37e7f4b41777,1
infected,/home/farhan/my-projects/pearl/data/infected/image10147.jpg,46446508ed29062beefce832bc295034,1
infected,/home/farhan/my-projects/pearl/data/infected/image10014.jpg,464efe8b55bc8e0f8a5025b64aa3a5a5,1
infected,/home/farhan/my-projects/pearl/data/infected/image10375.jpg,4696ec810190915585d5250ccacea3b9,1
infected,/home/farhan/my-projects/pearl/data/infected/image11498.jpg,469d7d91caf78a4db44170e791de7492,1
infected,/home/farhan/my-projects/pearl/data/infected/Image_957.jpg,46c90757efa13f9455a1881fcc093df1,1
infected,/home/farhan/my-projects/pearl/data/infected/image10173.jpg,46d14047cf1a32d86e5084395f82e6d0,1
infected,/home/farhan/my-projects/pearl/data/infected/image11743.jpg,46d8afbabfba2c16c900a49ddfdc8121,1
infected,/home/farhan/my-projects/pearl/data/infected/image11942.jpg,46eb07f52bd60a0b3c330173d8c3d04e,1
infected,/home/farhan/my-projects/pearl/data/infected/image13103.jpg,477fb1c82e0b5e7421cbc68874e9b2dd,1
infected,/home/farhan/my-projects/pearl/data/infected/Image_Rotate_103.jpg,4790b90756eb71469f83db807531ed0c,1
infected,/home/farhan/my-projects/pearl/data/infected/image10159.jpg,47c1ba245e67c33be0ce9d8f8cfc2c1c,1
infected,/home/farhan/my-projects/pearl/data/infected/image12936.jpg,47c27b46db767ae1e259dc5607266774,1
infected,/home/farhan/my-projects/pearl/data/infected/image10876.jpg,47e9eaf895c3fb207882471516befd26,1
infected,/home/farhan/my-projects/pearl/data/infected/Image_Rotate_Rotate_Right_239.jpg,47fa3ed668c0f48344e2f57d67588e18,1
infected,/home/farhan/my-projects/pearl/data/infected/image10081.jpg,483e5ca3083ea73b30eecaa71b2596e9,1
infected,/home/farhan/my-projects/pearl/data/infected/image10654.jpg,485571b9af896c12ccbd595634f87cc6,1
infected,/home/farhan/my-projects/pearl/data/infected/image12845.jpg,485e212602b5effbca39721bff76c64d,1
infected,/home/farhan/my-projects/pearl/data/infected/image11910.jpg,485e6bcb7115970c95f3457b9179eb3b,1
infected,/home/farhan/my-projects/pearl/data/infected/image11812.jpg,4860c867472023ec2120e6b536834d2e,1
infected,/home/farhan/my-projects/pearl/data/infected/image10361.jpg,4878ea05420bb37679ee41c1395b55fa,1
infected,/home/farhan/my-projects/pearl/data/infected/Image_075.jpg,4895041f58f93fdbdef7c04ae7031f33,1
infected,/home/farhan/my-projects/pearl/data/infected/image10134.jpg,48adae1e119375b39ae3323a38aaaf60,1
infected,/home/farhan/my-projects/pearl/data/infected/image10788.jpg,48bc0fe89b6ab4981bec20073cb355f2,1
infected,/home/farhan/my-projects/pearl/data/infected/image12582.jpg,48e6be297fb5ac0598aa95a41e9a22ee,1
infected,/home/farhan/my-projects/pearl/data/infected/image11647.jpg,4904e061c21ede4bdef20c474114bf45,1
infected,/home/farhan/my-projects/pearl/data/infected/Image_229.jpg,4929396197f3dfb631422eeaf2b68aed,1
infected,/home/farhan/my-projects/pearl/data/infected/image10313.jpg,49d06ac9da4217b0ca05df756d706c0d,1
infected,/home/farhan/my-projects/pearl/data/infected/image12061.jpg,49e1fa27c837d2117fd8a9cfeca5c780,1
infected,/home/farhan/my-projects/pearl/data/infected/image13059.jpg,49e20019b609fc2dc9bbae1b0933439e,1
infected,/home/farhan/my-projects/pearl/data/infected/image10668.jpg,4a1cf8b46e9f7151efb9786906ef40e9,1
infected,/home/farhan/my-projects/pearl/data/infected/image11160.jpg,4a4b50fedb7ab3dfaa2c6f6c36220413,1
infected,/home/farhan/my-projects/pearl/data/infected/image12452.jpg,4a4fe752614fedadd0c9adb3aac948ea,1
infected,/home/farhan/my-projects/pearl/data/infected/image11157.jpg,4a532020b5ba6acc87e6b1def93b583e,1
infected,/home/farhan/my-projects/pearl/data/infected/Image_Rotate_Rotate_Right_159.jpg,4a782a8f0ca32de90fe06acf53852906,1
infected,/home/farhan/my-projects/pearl/data/infected/image10053.jpg,4a7b61353b0117ea925b01da84644c7f,1
infected,/home/farhan/my-projects/pearl/data/infected/image10281.jpg,4a8922c9206fc3b758d5183163d3ac02,1
infected,/home/farhan/my-projects/pearl/data/infected/Image_577.jpg,4a9debf713a88d934477c39a19169a10,1
infected,/home/farhan/my-projects/pearl/data/infected/image11226.jpg,4acbd0a00e3bf506e1c214adc048e17d,1
infected,/home/farhan/my-projects/pearl/data/infected/image10150.jpg,4ad829a01a6b8a9a5bedc746df2318bd,1
infected,/home/farhan/my-projects/pearl/data/infected/image10366.jpg,4adbd708311b6631505f84ac12b83114,1
infected,/home/farhan/my-projects/pearl/data/infected/Image_resize_117.jpg,4aeb176bc8bac8e9e39a078b6b0651d8,1
infected,/home/farhan/my-projects/pearl/data/infected/image11662.jpg,4af4799d839658db11730aca16885324,1
infected,/home/farhan/my-projects/pearl/data/infected/image10029.jpg,4b11e49080d3870ddc26cc74654218a5,1
infected,/home/farhan/my-projects/pearl/data/infected/image13115.jpg,4b25c6f2b26af024e0fb2b471a132205,1
infected,/home/farhan/my-projects/pearl/data/infected/Image_563.jpg,4b301d90b48af1bdc39fa76d3b44e46e,1
infected,/home/farhan/my-projects/pearl/data/infected/Image_541.jpg,4b490d02df4bf524b8ad9a2beef37e5a,1
infected,/home/farhan/my-projects/pearl/data/infected/image11233.jpg,4b6dc970cd862ef77a4816ae81115ba2,1
infected,/home/farhan/my-projects/pearl/data/infected/Image_resize_135.jpg,4b7213de8a25b80d186f9874767ec259,1
infected,/home/farhan/my-projects/pearl/data/infected/image11482.jpg,4b8aa933af8a7b068cb5aa083569f130,1
infected,/home/farhan/my-projects/pearl/data/infected/image11490.jpg,4bab884f39e7f54af04cb67381f18f0d,1
infected,/home/farhan/my-projects/pearl/data/infected/image10323.jpg,4bb05ae1074775f68c357b40360ce385,1
infected,/home/farhan/my-projects/pearl/data/infected/image12004.jpg,4bbf68f99737e4ff5556d7fe06558266,1
infected,/home/farhan/my-projects/pearl/data/infected/image10274.jpg,4bd5de724f1847a707f2168465d06514,1
infected,/home/farhan/my-projects/pearl/data/infected/image11271.jpg,4be87b270b81ab236c6d6a57988128e2,1
infected,/home/farhan/my-projects/pearl/data/infected/Image_Rotate_Rotate_Right_363.jpg,4c0569fedc74e463c03f36161f0d5415,1
infected,/home/farhan/my-projects/pearl/data/infected/image12975.jpg,4c2533d5ae261c67f90af4a2f8a17c51,1
infected,/home/farhan/my-projects/pearl/data/infected/Image_531.jpg,4c29b287a00232c3e772c805770afe10,1
infected,/home/farhan/my-projects/pearl/data/infected/image11337.jpg,4c51b84ade410e879a09238e0aa6d0a5,1
infected,/home/farhan/my-projects/pearl/data/infected/image10097.jpg,4c7bd0eaedb6b0438ccf0e7edaddbc24,1
infected,/home/farhan/my-projects/pearl/data/infected/image12390.jpg,4c82d96bba6a10c2964edde7d3963d44,1
infected,/home/farhan/my-projects/pearl/data/infected/Image_235.jpg,4c940e5d980ec9ab269dc99e0b4e79ae,1
infected,/home/farhan/my-projects/pearl/data/infected/image11941.jpg,4ca8520c7b908ab059f497b84ee74f25,1
infected,/home/farhan/my-projects/pearl/data/infected/image13011.jpg,4cc7e88822fc09539cbf9f51c8cc97ed,1
infected,/home/farhan/my-projects/pearl/data/infected/image11292.jpg,4cdbc4c19ff30f3d78729e777bc320ad,1
infected,/home/farhan/my-projects/pearl/data/infected/image11844.jpg,4ce02f6173f337aa4704674a8926b7e2,1
infected,/home/farhan/my-projects/pearl/data/infected/Image_737.jpg,4ce2e0abeb40e172ef989a6fa89c3f2b,1
infected,/home/farhan/my-projects/pearl/data/infected/Image_Rotate_143.jpg,4ce54b1ed5eee9ac13e769e7a23a5597,1
infected,/home/farhan/my-projects/pearl/data/infected/Image_resize_011.jpg,4d08a28e8db8bec18d2ab73d5669fd74,1
infected,/home/farhan/my-projects/pearl/data/infected/image10189.jpg,4d18901a02dc0c312b2883e80ccadb0c,1
infected,/home/farhan/my-projects/pearl/data/infected/Image_Rotate_Rotate_Right_315.jpg,4d2b5dd0b76c1494827fda43c212e9ce,1
infected,/home/farhan/my-projects/pearl/data/infected/image11241.jpg,4d2be4846414f04a3c9889cf4e31a788,1
infected,/home/farhan/my-projects/pearl/data/infected/image10334.jpg,4d436bb3692ff21aa246c6652d49147b,1
infected,/home/farhan/my-projects/pearl/data/infected/image10881.jpg,4d730460fe28cf9ee2d73ad1693793a1,1
infected,/home/farhan/my-projects/pearl/data/infected/Image_327.jpg,4d74b0318d36094d4f756516d4e32fd0,1
infected,/home/farhan/my-projects/pearl/data/infected/image12119.jpg,4d7ee7fb1ce1ecd8fbc8081b77f23f87,1
infected,/home/farhan/my-projects/pearl/data/infected/Image_959.jpg,4d89a7c48fd2addc77c1c81908746899,1
infected,/home/farhan/my-projects/pearl/data/infected/image11159.jpg,4d966698af5265b932209bb18a5023ee,1
infected,/home/farhan/my-projects/pearl/data/infected/image12094.jpg,4da2dd5ad93ce8f305fb6f9469ccfbc5,1
infected,/home/farhan/my-projects/pearl/data/infected/Image_Rotate_025.jpg,4db0d2081587bb629eebff41c59a390c,1
infected,/home/farhan/my-projects/pearl/data/infected/image11484.jpg,4db510d9e916b6f4acca201bcfd81834,1
infected,/home/farhan/my-projects/pearl/data/infected/image12982.jpg,4ddd165d54a9ae5af0e7509aa9f4829d,1
infected,/home/farhan/my-projects/pearl/data/infected/image11486.jpg,4dde2b8c2cedfca37dda22c3ccd0ac4d,1
infected,/home/farhan/my-projects/pearl/data/infected/image10215.jpg,4e35b71e07ba519b8317c4ec482eda18,1
infected,/home/farhan/my-projects/pearl/data/infected/image10263.jpg,4e3b0d291687af1d8b7384659c92092f,1
infected,/home/farhan/my-projects/pearl/data/infected/image10589.jpg,4e457f3a68752508d2a468693563ef09,1
infected,/home/farhan/my-projects/pearl/data/infected/Image_Rotate_005.jpg,4e6fd846ba283c27135334402e80ff06,1
infected,/home/farhan/my-projects/pearl/data/infected/image10211.jpg,4e7347902c6a56b23ad64f0c5e454bac,1
infected,/home/farhan/my-projects/pearl/data/infected/image11458.jpg,4e77cc6dfadcd14e63de7f34e186a5e4,1
infected,/home/farhan/my-projects/pearl/data/infected/Image_119.jpg,4e7b99bdc0c227a52b01c0ce7f6e1332,1
infected,/home/farhan/my-projects/pearl/data/infected/Image_667.jpg,4ea93d4fb8455487b52c0854abb694fd,1
infected,/home/farhan/my-projects/pearl/data/infected/image11586.jpg,4eb17a337a09127ca6309df6e6595c7b,1
infected,/home/farhan/my-projects/pearl/data/infected/image10347.jpg,4ed90c5721d2f326aee9d1a89e6f426f,1
infected,/home/farhan/my-projects/pearl/data/infected/image10258.jpg,4ee4609d3cdffd974cb48bb48e5ce25e,1
infected,/home/farhan/my-projects/pearl/data/infected/Image_653.jpg,4eea7f1e4eb3cd6a291f83c4da63e443,1
infected,/home/farhan/my-projects/pearl/data/infected/Image_Rotate_Rotate_Right_201.jpg,4eed60342113ea9b3fb3b7a54a9ac13c,1
infected,/home/farhan/my-projects/pearl/data/infected/image10247.jpg,4f14ccf5578c7f5a060e725f8955365d,1
infected,/home/farhan/my-projects/pearl/data/infected/image11593.jpg,4f21c623749f010f8b5e6af276d0bdc0,1
infected,/home/farhan/my-projects/pearl/data/infected/image10807.jpg,4f866bbacd7071b0b66aac1faac3b8b3,1
infected,/home/farhan/my-projects/pearl/data/infected/Image_155.jpg,4fd947a81e75a7b93df668a8ad1ab9a2,1
infected,/home/farhan/my-projects/pearl/data/infected/image10267.jpg,4febc9cffc8a943517fe0c14f5916e64,1
infected,/home/farhan/my-projects/pearl/data/infected/Image_Rotate_Rotate_Right_093.jpg,4ffe3c76c20a1628f809382a54a8578c,1
infected,/home/farhan/my-projects/pearl/data/infected/image12438.jpg,5025a6685aed4e34274a8e05b7aef9f2,1
infected,/home/farhan/my-projects/pearl/data/infected/image11418.jpg,503c2485cbfe1c15276d6ef4a5fb7730,1
infected,/home/farhan/my-projects/pearl/data/infected/Image_491.jpg,506a44198d6952252718c1d9e9dc1f0c,1
infected,/home/farhan/my-projects/pearl/data/infected/image12610.jpg,508a0e8351fff1fd8ceffe6b6a068300,1
infected,/home/farhan/my-projects/pearl/data/infected/image10585.jpg,508e591a47a776195f037d63a46ff8a1,1
infected,/home/farhan/my-projects/pearl/data/infected/image10217.jpg,50a01f8c42d4e8cc989848f7e541cb54,1
infected,/home/farhan/my-projects/pearl/data/infected/Image_163.jpg,50b52ebc0545915e422190806289af0d,1
infected,/home/farhan/my-projects/pearl/data/infected/image10028.jpg,50b5812d743bde733e6ffcb42e8b95c1,1
infected,/home/farhan/my-projects/pearl/data/infected/Image_611.jpg,50cdeaa78456f8bd0e68e2cdf703e6c3,1
infected,/home/farhan/my-projects/pearl/data/infected/Image_045.jpg,50d318edc02729c5967a725e53990b20,1
infected,/home/farhan/my-projects/pearl/data/infected/image10856.jpg,50d9e02f5b8668847613cfdc2ba7d93b,1
infected,/home/farhan/my-projects/pearl/data/infected/Image_295.jpg,50f20fee6f563f0f155bd46bd3b3f8d6,1
infected,/home/farhan/my-projects/pearl/data/infected/Image_939.jpg,50f58e24733e4d21f32e42147a4cd16f,1
infected,/home/farhan/my-projects/pearl/data/infected/Image_Rotate_Rotate_Right_375.jpg,512c4b08e547ecd966da76b7281279a8,1
infected,/home/farhan/my-projects/pearl/data/infected/Image_Rotate_Rotate_Right_135.jpg,517db4301ce54b6369180787ce4a1695,1
infected,/home/farhan/my-projects/pearl/data/infected/image12140.jpg,51896b4d36b003621e17a13738943f2a,1
infected,/home/farhan/my-projects/pearl/data/infected/Image_resize_181.jpg,51958d9f2ac70242757b66707926a9a6,1
infected,/home/farhan/my-projects/pearl/data/infected/image12466.jpg,5197994a9dcc2e2ff040abb45e4a2464,1
infected,/home/farhan/my-projects/pearl/data/infected/image11745.jpg,51a678b2fb1ce3b35c4451413460a17e,1
infected,/home/farhan/my-projects/pearl/data/infected/image12516.jpg,51a7e6acca2aa861324e2c2bedd46b0b,1
infected,/home/farhan/my-projects/pearl/data/infected/image10335.jpg,51ddcaf9d6a0d9526f862055c21d1a6d,1
infected,/home/farhan/my-projects/pearl/data/infected/image12062.jpg,51fdd4c4516b79e549fb32d410776dc7,1
infected,/home/farhan/my-projects/pearl/data/infected/image11519.jpg,5209b5422ff66734b9a70d017eb159d2,1
infected,/home/farhan/my-projects/pearl/data/infected/image11737.jpg,5213733f3af93f2ac28f8562b68ff9ec,1
infected,/home/farhan/my-projects/pearl/data/infected/Image_Rotate_Rotate_Right_283.jpg,5213f775b02a07fa8d9ad7c8d20122fc,1
infected,/home/farhan/my-projects/pearl/data/infected/Image_371.jpg,52187d86f89ac068e70111f0e2fed46f,1
infected,/home/farhan/my-projects/pearl/data/infected/Image_361.jpg,522393818480d78f32a29aa45a3eb7c8,1
infected,/home/farhan/my-projects/pearl/data/infected/image11295.jpg,5225565fca076c0e60c4719b1654877d,1
infected,/home/farhan/my-projects/pearl/data/infected/image11837.jpg,5228d1ec61907e58b65bfc2f2512367e,1
infected,/home/farhan/my-projects/pearl/data/infected/image11800.jpg,522a0c1aa15b994767c575b0c8467e5f,1
infected,/home/farhan/my-projects/pearl/data/infected/image10461.jpg,522d5b51cbe6a7d5722c2f8ab5067930,1
infected,/home/farhan/my-projects/pearl/data/infected/image10729.jpg,52512efce7d0870e98f9bd7a358603f6,1
infected,/home/farhan/my-projects/pearl/data/infected/image10206.jpg,5268935590c87ec8c7dc05b07d899145,1
infected,/home/farhan/my-projects/pearl/data/infected/image10613.jpg,5282da6d91f39929bd397947a76b9ec3,1
infected,/home/farhan/my-projects/pearl/data/infected/Image_009.jpg,528f8d4e97a71d3f498b5da120f68c1a,1
infected,/home/farhan/my-projects/pearl/data/infected/image11760.jpg,52905dd68248dad07ac5d505e49a1d87,1
infected,/home/farhan/my-projects/pearl/data/infected/image10475.jpg,529d09b0bf3830a12d13447d6e1dd291,1
infected,/home/farhan/my-projects/pearl/data/infected/image10863.jpg,52ab3449cd40bfcc7bfdbb6a511bbf37,1
infected,/home/farhan/my-projects/pearl/data/infected/image12043.jpg,52c143a632d7e7aa7aa1470d4a6ed1bb,1
infected,/home/farhan/my-projects/pearl/data/infected/image10752.jpg,52cd72729064836e1197e5b80fccbeaf,1
infected,/home/farhan/my-projects/pearl/data/infected/image12591.jpg,52d418237b1e5a15716e70059234a7bf,1
infected,/home/farhan/my-projects/pearl/data/infected/Image_221.jpg,52d746c97abaa1e86549e6be7e7f7aa4,1
infected,/home/farhan/my-projects/pearl/data/infected/image11515.jpg,52e6ca40c8549c2cd53fb8bedb2064a2,1
infected,/home/farhan/my-projects/pearl/data/infected/image10370.jpg,52f14fc6adfa81647b5bdbc222f1a007,1
infected,/home/farhan/my-projects/pearl/data/infected/Image_511.jpg,52f79833e84cc48d45559c4d5a503c18,1
infected,/home/farhan/my-projects/pearl/data/infected/image10642.jpg,530876c51f6476aaa0f1a2ac8e8ed72f,1
infected,/home/farhan/my-projects/pearl/data/infected/Image_Rotate_187.jpg,531e096cd5a03e889b52b2a3ea6f9921,1
infected,/home/farhan/my-projects/pearl/data/infected/image11421.jpg,53317f40bccd48cb77316c0c3ea270a3,1
infected,/home/farhan/my-projects/pearl/data/infected/Image_271.jpg,53454de372bdf2f5bdda2e6c5ea730ea,1
infected,/home/farhan/my-projects/pearl/data/infected/Image_resize_187.jpg,535f87382c9649fca9948e0c2b5e1b78,1
infected,/home/farhan/my-projects/pearl/data/infected/image10890.jpg,5364e4486415e9579456383a86dc7bda,1
infected,/home/farhan/my-projects/pearl/data/infected/Image_591.jpg,5367fb1efafb32e3fc3b1b575ccbe0be,1
infected,/home/farhan/my-projects/pearl/data/infected/image12162.jpg,537203c05699b9315767ff9d055927cb,1
infected,/home/farhan/my-projects/pearl/data/infected/Image_661.jpg,5379968ee830e196af6a123e73db1c5a,1
infected,/home/farhan/my-projects/pearl/data/infected/image12583.jpg,538948d558cc8e4037047c412adf78db,1
infected,/home/farhan/my-projects/pearl/data/infected/image11320.jpg,538b58c781698187a323ae508dbf525a,1
infected,/home/farhan/my-projects/pearl/data/infected/image11940.jpg,5392259bd4f0d73628dcc5357dbc59b5,1
infected,/home/farhan/my-projects/pearl/data/infected/image11375.jpg,53ab42fda757c30b5e71fc5cbb36be57,1
infected,/home/farhan/my-projects/pearl/data/infected/image10771.jpg,53aed33cc051f6d01169835508d7cfdd,1
infected,/home/farhan/my-projects/pearl/data/infected/image11260.jpg,53b772eae03eb59b3e39c8d8e1538af8,1
infected,/home/farhan/my-projects/pearl/data/infected/image12066.jpg,53ceacea9601c808d650485671211fd0,1
infected,/home/farhan/my-projects/pearl/data/infected/image10786.jpg,540a1b3bbf26abf569cf1d606de8b4a4,1
infected,/home/farhan/my-projects/pearl/data/infected/image10519.jpg,54135d163493c151697a4aaea42fc76b,1
infected,/home/farhan/my-projects/pearl/data/infected/image11814.jpg,545f4c6d321591425646ed1ce028f5de,1
infected,/home/farhan/my-projects/pearl/data/infected/Image_457.jpg,54d18b542d385f314e6123aaa34a3e97,1
infected,/home/farhan/my-projects/pearl/data/infected/Image_513.jpg,5546206303fb974f15d84162ae1ae8ac,1
infected,/home/farhan/my-projects/pearl/data/infected/image13008.jpg,5558b9064551af82c96256df2eee6910,1
infected,/home/farhan/my-projects/pearl/data/infected/image10089.jpg,555e6d6586de8505b1b8af1b47bbab29,1
infected,/home/farhan/my-projects/pearl/data/infected/image10106.jpg,5568d8cb83a9aa4382f1dc8188bc6b9e,1
infected,/home/farhan/my-projects/pearl/data/infected/image13007.jpg,55791f45a3fed96b9e96d4bb6f5e1a68,1
infected,/home/farhan/my-projects/pearl/data/infected/Image_053.jpg,557b7f87e6a717a64dda0e01799d8348,1
infected,/home/farhan/my-projects/pearl/data/infected/Image_447.jpg,55831480c4e17f4c6405a4337693f31b,1
infected,/home/farhan/my-projects/pearl/data/infected/image11395.jpg,5597955ad2650e5ec4baa5bbbeed16b5,1
infected,/home/farhan/my-projects/pearl/data/infected/image11461.jpg,559e3196e5b1f768f2af2f3fab95d213,1
infected,/home/farhan/my-projects/pearl/data/infected/image10829.jpg,55bc0370aeeb43d2320ace09cc531000,1
infected,/home/farhan/my-projects/pearl/data/infected/Image_1015.jpg,55ccd6af571a526c53f73f8fa94acec8,1
infected,/home/farhan/my-projects/pearl/data/infected/image10545.jpg,55df735d760a23965ada0088a15fd384,1
infected,/home/farhan/my-projects/pearl/data/infected/image11826.jpg,55e7d5cf6a4b669a23cfc088580c65a9,1
infected,/home/farhan/my-projects/pearl/data/infected/image10734.jpg,5629f87e05a7350e59ba5f851954a1f8,1
infected,/home/farhan/my-projects/pearl/data/infected/image11158.jpg,562d6d33fbf1625aca405721ee6799fa,1
infected,/home/farhan/my-projects/pearl/data/infected/image10443.jpg,563a2f156094db7fa8d6231e79143750,1
infected,/home/farhan/my-projects/pearl/data/infected/Image_Rotate_Rotate_Right_095.jpg,563e9074270febf59eafe54ba96a3ac7,1
infected,/home/farhan/my-projects/pearl/data/infected/Image_Rotate_Rotate_Right_199.jpg,56475d4313cd1091c5402c648f1e27f0,1
infected,/home/farhan/my-projects/pearl/data/infected/image12596.jpg,569342a13fb3baffdc797d5e41c02e3c,1
infected,/home/farhan/my-projects/pearl/data/infected/image10432.jpg,56a99b97df2f29c70bcdb5cdd1111bcc,1
infected,/home/farhan/my-projects/pearl/data/infected/Image_571.jpg,56aa807bf705b199f845bfb8823c0a30,1
infected,/home/farhan/my-projects/pearl/data/infected/Image_875.jpg,56b95da840652798a697f3e941396c04,1
infected,/home/farhan/my-projects/pearl/data/infected/Image_825.jpg,56c93724b4f399933f33fa7acd8630a8,1
infected,/home/farhan/my-projects/pearl/data/infected/image10467.jpg,56e60cb2331c2d6fedd2b3948e07d94a,1
infected,/home/farhan/my-projects/pearl/data/infected/image11785.jpg,56f1aad4676fac871d217065ce82be08,1
infected,/home/farhan/my-projects/pearl/data/infected/image10499.jpg,570753aa4558e839a2d8e260d36929d7,1
infected,/home/farhan/my-projects/pearl/data/infected/image11449.jpg,57409f1bd18eab9829a266075e4be09f,1
infected,/home/farhan/my-projects/pearl/data/infected/image10423.jpg,5749508af17db656f121decb002e5cd4,1
infected,/home/farhan/my-projects/pearl/data/infected/image12302.jpg,578291eb54ad7d8302e1c927e8fc74bb,1
infected,/home/farhan/my-projects/pearl/data/infected/image13035.jpg,579864b32e5a88b591976e084d898949,1
infected,/home/farhan/my-projects/pearl/data/infected/image10226.jpg,57a743822cd55e480714972cf23cd3f2,1
infected,/home/farhan/my-projects/pearl/data/infected/Image_285.jpg,57aa4a3fa98e7fb5f520f8435c1b8229,1
infected,/home/farhan/my-projects/pearl/data/infected/image10344.jpg,57b30c1aa6adcfca2a2ab39508f68329,1
infected,/home/farhan/my-projects/pearl/data/infected/image10314.jpg,57be36c697b2c06740e8b725580595d7,1
infected,/home/farhan/my-projects/pearl/data/infected/image10710.jpg,57de5967aeffcaeb2fd0787cd2533f8e,1
infected,/home/farhan/my-projects/pearl/data/infected/image10689.jpg,57f869bbeed94073bf79914598c15c0a,1
infected,/home/farhan/my-projects/pearl/data/infected/image11894.jpg,582e5b92d27e3cbcba4797107cecda59,1
infected,/home/farhan/my-projects/pearl/data/infected/image11669.jpg,58416a29095690de40ef030c6db40bca,1
infected,/home/farhan/my-projects/pearl/data/infected/Image_767.jpg,58477ef774c2888bffb901ea6e7f9d63,1
infected,/home/farhan/my-projects/pearl/data/infected/image11763.jpg,5862babb35676ec9cdbb1938d6366e4a,1
infected,/home/farhan/my-projects/pearl/data/infected/Image_Rotate_Rotate_Right_187.jpg,588176f0c15fb00c10e923f943736fd0,1
infected,/home/farhan/my-projects/pearl/data/infected/image10659.jpg,58bc2212598f9b7e72f2dd113d94b654,1
infected,/home/farhan/my-projects/pearl/data/infected/Image_109.jpg,58de230fb4e813fd564ee278b302cedd,1
infected,/home/farhan/my-projects/pearl/data/infected/image11906.jpg,58de90756d04966ea0ec324d2f7b2a4b,1
infected,/home/farhan/my-projects/pearl/data/infected/image10091.jpg,58f47b3d621b387806a8f6f8b62d01d9,1
infected,/home/farhan/my-projects/pearl/data/infected/Image_499.jpg,591273fe73974fba10302ac071dc3d1a,1
infected,/home/farhan/my-projects/pearl/data/infected/Image_Rotate_Rotate_Right_151.jpg,592277ae50318d23eeaed1b327c678bd,1
infected,/home/farhan/my-projects/pearl/data/infected/Image_Rotate_Rotate_Right_185.jpg,5956529c2ec20ce6daf54630745d6ea9,1
infected,/home/farhan/my-projects/pearl/data/infected/image11626.jpg,595f9d902bcfbccc39ef191ab2b3f7d9,1
infected,/home/farhan/my-projects/pearl/data/infected/image11153.jpg,597bb1046838f3c2c893571103a871a9,1
infected,/home/farhan/my-projects/pearl/data/infected/image10783.jpg,59832b4172612f294ffb4e5d09aff36b,1
infected,/home/farhan/my-projects/pearl/data/infected/Image_275.jpg,5999449203140f030909cf9979d3a35a,1
infected,/home/farhan/my-projects/pearl/data/infected/image10757.jpg,599a1a8da315db472d20837c1b65b95e,1
infected,/home/farhan/my-projects/pearl/data/infected/Image_687.jpg,59a2de091e95bcd5d9a8ab9cecd7cc77,1
infected,/home/farhan/my-projects/pearl/data/infected/image10395.jpg,59b8536338e81b533d417a24c34f0530,1
infected,/home/farhan/my-projects/pearl/data/infected/image10598.jpg,59bd3ff83fb985d93c36d0d617072e23,1
infected,/home/farhan/my-projects/pearl/data/infected/Image_031.jpg,59c60a81da2b1a470c097ffd10d4f829,1
infected,/home/farhan/my-projects/pearl/data/infected/Image_resize_081.jpg,59d80dba5ab1340f0d5750de4abdbb7e,1
infected,/home/farhan/my-projects/pearl/data/infected/Image_607.jpg,59e531f7ba43acce293e1e7b0fd7cfac,1
infected,/home/farhan/my-projects/pearl/data/infected/image10632.jpg,59ec462d08d804d2ff23fee843cf9b08,1
infected,/home/farhan/my-projects/pearl/data/infected/Image_775.jpg,59f889907915cb12910767855fd3b737,1
infected,/home/farhan/my-projects/pearl/data/infected/image11808.jpg,5a05c1d90e96fcd3ca328f4bf3136bfa,1
infected,/home/farhan/my-projects/pearl/data/infected/image11531.jpg,5a070293d5f85c9d6add47ef24ccbe33,1
infected,/home/farhan/my-projects/pearl/data/infected/image10250.jpg,5a08b6f8e159fb2791f93dbd660ab49a,1
infected,/home/farhan/my-projects/pearl/data/infected/image10698.jpg,5a10b5318f9e452d044536a3fa9a1407,1
infected,/home/farhan/my-projects/pearl/data/infected/image10573.jpg,5a38c5ecedb4a556ad0d4d4e9367b8bf,1
infected,/home/farhan/my-projects/pearl/data/infected/image11875.jpg,5a3944ec334757c2a1b1832fcc309503,1
infected,/home/farhan/my-projects/pearl/data/infected/Image_883.jpg,5a44237063682d9e794c61e8460125dd,1
infected,/home/farhan/my-projects/pearl/data/infected/image12670.jpg,5a4579b62846b3e796dda8e2acca663e,1
infected,/home/farhan/my-projects/pearl/data/infected/image12142.jpg,5a986d1bd918f6f5beb0ecb7c1b6ea7f,1
infected,/home/farhan/my-projects/pearl/data/infected/image11202.jpg,5a99d848c97257219c49335d4a4e5889,1
infected,/home/farhan/my-projects/pearl/data/infected/image11872.jpg,5aa9113d1e13614f1ecdd11f1c3633a8,1
infected,/home/farhan/my-projects/pearl/data/infected/Image_Rotate_Rotate_Right_011.jpg,5aaae8156e8ea565beecbb429bcca08b,1
infected,/home/farhan/my-projects/pearl/data/infected/image10486.jpg,5ac1fd68e229ffdb2ca78928ca0f6271,1
infected,/home/farhan/my-projects/pearl/data/infected/Image_Rotate_Rotate_Right_143.jpg,5ae52232cd86933dd895bb9eb133d38c,1
infected,/home/farhan/my-projects/pearl/data/infected/Image_937.jpg,5aeab74dc760ea600cb2542eade42a09,1
infected,/home/farhan/my-projects/pearl/data/infected/Image_Rotate_065.jpg,5af3509e686b1ffd038a2b00d3fb41d3,1
infected,/home/farhan/my-projects/pearl/data/infected/image11613.jpg,5af54463707878a7a988cb9d6145591d,1
infected,/home/farhan/my-projects/pearl/data/infected/image12003.jpg,5b0ca6a3bd7e350f5598da03d4906372,1
infected,/home/farhan/my-projects/pearl/data/infected/image12510.jpg,5b0e81888dc8f922e7dc24598aff47ed,1
infected,/home/farhan/my-projects/pearl/data/infected/Image_resize_015.jpg,5b4d422d55b3e3a3ee680709f275f0e9,1
infected,/home/farhan/my-projects/pearl/data/infected/image10938.jpg,5b70389bf60241de4615a3c18084c721,1
infected,/home/farhan/my-projects/pearl/data/infected/image10213.jpg,5ba1d768df16c75067a7e567afdbc191,1
infected,/home/farhan/my-projects/pearl/data/infected/image10504.jpg,5bc41afa8ca854b7e680e47e759711f7,1
infected,/home/farhan/my-projects/pearl/data/infected/image11719.jpg,5be037eeaac8a9eab2b241a1a6b63316,1
infected,/home/farhan/my-projects/pearl/data/infected/Image_resize_085.jpg,5bfa55705713fc84dd2a8c86015e400c,1
infected,/home/farhan/my-projects/pearl/data/infected/Image_173.jpg,5c041909b47432c6dff8aa29336e7e6a,1
infected,/home/farhan/my-projects/pearl/data/infected/image11997.jpg,5c276cd53aead35a643b67915cbb424e,1
infected,/home/farhan/my-projects/pearl/data/infected/image10297.jpg,5c344631a81d10d7372c0ec25e3873bf,1
infected,/home/farhan/my-projects/pearl/data/infected/Image_Rotate_Rotate_Right_331.jpg,5c452e3cdf2d7b1b1e170dcec4f750ab,1
infected,/home/farhan/my-projects/pearl/data/infected/Image_535.jpg,5c69d9fd649ce4aa0ccc2f595a9ec224,1
infected,/home/farhan/my-projects/pearl/data/infected/image11229.jpg,5c75245b9068fc4485a2c25818745f4d,1
infected,/home/farhan/my-projects/pearl/data/infected/image10111.jpg,5cb388b2e6ae4dc4d1eb84f5c7d28560,1
infected,/home/farhan/my-projects/pearl/data/infected/image12994.jpg,5cc25a1506c7408295b0567d8cc157b0,1
infected,/home/farhan/my-projects/pearl/data/infected/image12465.jpg,5cd10895bf81d7b1c84a55e5ab0f02ae,1
infected,/home/farhan/my-projects/pearl/data/infected/image10174.jpg,5cd82b3df0ed89d1a79a28923cf5d60d,1
infected,/home/farhan/my-projects/pearl/data/infected/image12453.jpg,5cddfebd70b9061eeb3592f46347d4d5,1
infected,/home/farhan/my-projects/pearl/data/infected/image10055.jpg,5d00a230aac5fee45ac9c6a259f99353,1
infected,/home/farhan/my-projects/pearl/data/infected/image12289.jpg,5d09073bd5990ce65ce3d760e0d7ba94,1
infected,/home/farhan/my-projects/pearl/data/infected/Image_Rotate_Rotate_Right_387.jpg,5d1ca76884cd8ac3e2226b68df6a8649,1
infected,/home/farhan/my-projects/pearl/data/infected/image10073.jpg,5d2cf27dcb3b9422fd8438c0e3665873,1
infected,/home/farhan/my-projects/pearl/data/infected/image10441.jpg,5d5f39e908fad6ee31e55ce90f6adc01,1
infected,/home/farhan/my-projects/pearl/data/infected/image11772.jpg,5d6e654d5acd13cc9f6633c5e1e76506,1
infected,/home/farhan/my-projects/pearl/data/infected/image12793.jpg,5dafd6867aeae9be4eccd8c0d572672e,1
infected,/home/farhan/my-projects/pearl/data/infected/Image_Rotate_109.jpg,5de96963b799a4fc53eada8d7abc6863,1
infected,/home/farhan/my-projects/pearl/data/infected/image11929.jpg,5e149f846d44a23546273947452403a6,1
infected,/home/farhan/my-projects/pearl/data/infected/Image_resize_059.jpg,5e3005c645db64315b6c467686150f42,1
infected,/home/farhan/my-projects/pearl/data/infected/Image_resize_057.jpg,5e31c0d29115b3b986b2966dbcda3ecd,1
infected,/home/farhan/my-projects/pearl/data/infected/Image_resize_077.jpg,5e3a87d3b8e0feba932fc19387dec98a,1
infected,/home/farhan/my-projects/pearl/data/infected/image11400.jpg,5e5e9aaabdb4fae5bf18faa63d61c060,1
infected,/home/farhan/my-projects/pearl/data/infected/image11920.jpg,5e9864ab1447765dabb592d920b2e448,1
infected,/home/farhan/my-projects/pearl/data/infected/Image_277.jpg,5e9c8e1613a21b675fc17f9026ab9cd3,1
infected,/home/farhan/my-projects/pearl/data/infected/image13056.jpg,5ec3539cf4cdcba766d8164568be0388,1
infected,/home/farhan/my-projects/pearl/data/infected/Image_727.jpg,5edea51006d09ac5fb720bebe707d261,1
infected,/home/farhan/my-projects/pearl/data/infected/image12159.jpg,5f15c7ee62eb35f6edb3bd3bf2f900a0,1
infected,/home/farhan/my-projects/pearl/data/infected/image11465.jpg,5f1bed0e512bbf670baf7aab340bbc79,1
infected,/home/farhan/my-projects/pearl/data/infected/Image_509.jpg,5f266676fbb5fb6e702cac639a87b6eb,1
infected,/home/farhan/my-projects/pearl/data/infected/Image_resize_157.jpg,5f41bcc8eed0faa266b18720671c1161,1
infected,/home/farhan/my-projects/pearl/data/infected/image11595.jpg,5f43c2be8e865623e2954628342bb27c,1
infected,/home/farhan/my-projects/pearl/data/infected/Image_Rotate_Rotate_Right_397.jpg,5f4613514c9c818449bad4a0a9df329f,1
infected,/home/farhan/my-projects/pearl/data/infected/image12180.jpg,5f49ce0a9ba27676c5f85b9b54f24bb8,1
infected,/home/farhan/my-projects/pearl/data/infected/image10293.jpg,5f5c9ba70066e79c0ce70458a33d58c0,1
infected,/home/farhan/my-projects/pearl/data/infected/image11184.jpg,5f8e996cd06a0e17bc1fd535486ff21c,1
infected,/home/farhan/my-projects/pearl/data/infected/image11643.jpg,5f932be9dd8723bed94495bb05451a90,1
infected,/home/farhan/my-projects/pearl/data/infected/image12566.jpg,5fb513f20cf32d82d04a3ff925df404b,1
infected,/home/farhan/my-projects/pearl/data/infected/image10684.jpg,5fe74cf9d1f831cb0f083f033f8c70cd,1
infected,/home/farhan/my-projects/pearl/data/infected/Image_695.jpg,5ff52a50ec557c4d678b989a4bd67477,1
infected,/home/farhan/my-projects/pearl/data/infected/image11560.jpg,600b59548a3b9dedcfa4d4bcb2e74989,1
infected,/home/farhan/my-projects/pearl/data/infected/Image_1013.jpg,60177d2f69342ebdd49859d72fe7d6e7,1
infected,/home/farhan/my-projects/pearl/data/infected/image12197.jpg,6019d18ab11572a0ce2931c73615d8a0,1
infected,/home/farhan/my-projects/pearl/data/infected/image10914.jpg,60208cc60e8437a803a56874db98e6a8,1
infected,/home/farhan/my-projects/pearl/data/infected/Image_333.jpg,608fa6d612d681a220bca021e42167d3,1
infected,/home/farhan/my-projects/pearl/data/infected/image10244.jpg,609296e99126d1cb75b037b117bd6155,1
infected,/home/farhan/my-projects/pearl/data/infected/image12855.jpg,609ccb169e914dc31f7f788fa153a845,1
infected,/home/farhan/my-projects/pearl/data/infected/image12882.jpg,60a66b56066bf66e14ca0395db51ec69,1
infected,/home/farhan/my-projects/pearl/data/infected/image12301.jpg,60a8214d8ebf8781d415fb8dadf7a09d,1
infected,/home/farhan/my-projects/pearl/data/infected/Image_Rotate_Rotate_Right_021.jpg,60b04c7b998e9b209d41d81f61c4d4a1,1
infected,/home/farhan/my-projects/pearl/data/infected/image12074.jpg,60bb98d69ece79e626add807a0b5cc82,1
infected,/home/farhan/my-projects/pearl/data/infected/image11203.jpg,60d7e7ba306bf87f785d780751492a86,1
infected,/home/farhan/my-projects/pearl/data/infected/Image_Rotate_015.jpg,6115ee21764565c0f7b85f072a7baba9,1
infected,/home/farhan/my-projects/pearl/data/infected/Image_359.jpg,6117719b51a255407a908745c1eac05e,1
infected,/home/farhan/my-projects/pearl/data/infected/Image_resize_103.jpg,611834735edf7784f3102eb19a74bc50,1
infected,/home/farhan/my-projects/pearl/data/infected/image12749.jpg,61357fa476886dedbfe32a18743d6af8,1
infected,/home/farhan/my-projects/pearl/data/infected/image11396.jpg,61423c3fd96cd12b5f535a612aa43528,1
infected,/home/farhan/my-projects/pearl/data/infected/image12680.jpg,6152f9a8239bad12cfefb9923ee67efa,1
infected,/home/farhan/my-projects/pearl/data/infected/image11248.jpg,61609938732ccff904b69475b4552e6f,1
infected,/home/farhan/my-projects/pearl/data/infected/image10367.jpg,616605990d013a0191753390ceb3b405,1
infected,/home/farhan/my-projects/pearl/data/infected/image11824.jpg,6181d76b8a1d60aa3755108d65f83e43,1
infected,/home/farhan/my-projects/pearl/data/infected/Image_983.jpg,61839c5156fb04a5c9001cf1e3ee1d6b,1
infected,/home/farhan/my-projects/pearl/data/infected/image10397.jpg,618c5b1fa25ccaeb6b44a60798869237,1
infected,/home/farhan/my-projects/pearl/data/infected/image11901.jpg,6191f4c53e18031939ca833b80ad320b,1
infected,/home/farhan/my-projects/pearl/data/infected/Image_Rotate_Rotate_Right_117.jpg,619d0a2915e8c85cc8339c4ea3608435,1
infected,/home/farhan/my-projects/pearl/data/infected/image10275.jpg,61ae3332f3c68e47f89aa869bbfe4637,1
infected,/home/farhan/my-projects/pearl/data/infected/Image_777.jpg,61c56c871ebc01c173e82f5df7940b34,1
infected,/home/farhan/my-projects/pearl/data/infected/image11615.jpg,61ed9e2d0b72940f4fb13768a5180b15,1
infected,/home/farhan/my-projects/pearl/data/infected/image12394.jpg,62021677811c6194b815cb0950279562,1
infected,/home/farhan/my-projects/pearl/data/infected/image10036.jpg,621deb0af1e65a9f8e84d1e55b0299de,1
infected,/home/farhan/my-projects/pearl/data/infected/image12595.jpg,622b0d226ff461998eb0c4bed88afb1c,1
infected,/home/farhan/my-projects/pearl/data/infected/Image_Rotate_125.jpg,6243bbd2e348436b476e22b50c891c3f,1
infected,/home/farhan/my-projects/pearl/data/infected/image10090.jpg,624bf5ecb7454069cd7c0886a217552b,1
infected,/home/farhan/my-projects/pearl/data/infected/image12911.jpg,624d084f0dd0f769356e5c5e65e5a7fc,1
infected,/home/farhan/my-projects/pearl/data/infected/image10469.jpg,6284cc9855b592ebd922bda19af953e8,1
infected,/home/farhan/my-projects/pearl/data/infected/Image_Rotate_Rotate_Right_193.jpg,628abcd8d9f1530cf20a712b10ff4814,1
infected,/home/farhan/my-projects/pearl/data/infected/Image_Rotate_Rotate_Right_195.jpg,62b5ddc1aaa0a2ce359321cc8f4f9320,1
infected,/home/farhan/my-projects/pearl/data/infected/image11207.jpg,62e57211a9f61d8cb67bf35e3a132021,1
infected,/home/farhan/my-projects/pearl/data/infected/image13129.jpg,62e7a8a395fa9d183790e2c2d3ca7614,1
infected,/home/farhan/my-projects/pearl/data/infected/image12796.jpg,62eae316ab75a440033dcbf301c7c842,1
infected,/home/farhan/my-projects/pearl/data/infected/image12751.jpg,633524eff9bd63dec7289cf326da0fc9,1
infected,/home/farhan/my-projects/pearl/data/infected/image10535.jpg,6348f16bbd031f98c4d661893a6c6842,1
infected,/home/farhan/my-projects/pearl/data/infected/image10037.jpg,634f6b1a8bf072187073e5e247545b35,1
infected,/home/farhan/my-projects/pearl/data/infected/image12148.jpg,6350b91d61503299c9de18f26bbbeead,1
infected,/home/farhan/my-projects/pearl/data/infected/image11204.jpg,6355fe0c48871de24540eb4cf3bceb8a,1
infected,/home/farhan/my-projects/pearl/data/infected/image11389.jpg,63563a7eef5da7cd3e4662747fa666a2,1
infected,/home/farhan/my-projects/pearl/data/infected/Image_resize_169.jpg,6363d234d2a9e46b561b2410c3ecad71,1
infected,/home/farhan/my-projects/pearl/data/infected/image10156.jpg,63a2f6edee87ce3c18e17c78deb0cf82,1
infected,/home/farhan/my-projects/pearl/data/infected/image10125.jpg,63e5eaf5707d37bb013e101e2ba080b1,1
infected,/home/farhan/my-projects/pearl/data/infected/image10521.jpg,63f36fe23fa0b85ccb8ae0fc9a36b436,1
infected,/home/farhan/my-projects/pearl/data/infected/image11367.jpg,63f39a7efa8b134d2f42aa7f31aeb3eb,1
infected,/home/farhan/my-projects/pearl/data/infected/Image_681.jpg,63fc375b9cb497d2167a4bbea9c87e94,1
infected,/home/farhan/my-projects/pearl/data/infected/Image_Rotate_Rotate_Right_383.jpg,63fd90df46e4b60cd148155ee90ddf8f,1
infected,/home/farhan/my-projects/pearl/data/infected/Image_resize_161.jpg,6405cc0f94d45aa756120f6dfd266a55,1
infected,/home/farhan/my-projects/pearl/data/infected/image10355.jpg,64167a8a5a5713689acc2c3ba46839b3,1
infected,/home/farhan/my-projects/pearl/data/infected/Image_Rotate_Rotate_Right_357.jpg,642fd2b39a4be0d5e4ed77951c49efeb,1
infected,/home/farhan/my-projects/pearl/data/infected/image11789.jpg,6439622b4e38a44951dc8ec265312bc7,1
infected,/home/farhan/my-projects/pearl/data/infected/image13113.jpg,644fb369e6ca2508329aa26a9978676a,1
infected,/home/farhan/my-projects/pearl/data/infected/Image_resize_039.jpg,64729f2660d96c3cefcd78d8239c4ef8,1
infected,/home/farhan/my-projects/pearl/data/infected/image12636.jpg,64777bbf829bafc0cee5f2fe64965c6c,1
infected,/home/farhan/my-projects/pearl/data/infected/image11423.jpg,6483f27daa342899980147f4bc636b3d,1
infected,/home/farhan/my-projects/pearl/data/infected/image11946.jpg,64bf27e15990859a055964b7e4003452,1
infected,/home/farhan/my-projects/pearl/data/infected/image11943.jpg,64d6f3810dcf511a3c00dc21983f5ccb,1
infected,/home/farhan/my-projects/pearl/data/infected/Image_319.jpg,64ec1a9dd99651659fb3111d9617f278,1
infected,/home/farhan/my-projects/pearl/data/infected/image12563.jpg,64f6de19eeef0dc17b243f530dfab06a,1
infected,/home/farhan/my-projects/pearl/data/infected/image11639.jpg,6518395a10bdbbe53ffae2e9abe5d9fe,1
infected,/home/farhan/my-projects/pearl/data/infected/image12045.jpg,6554b0b9498d10e94347a9073d168cd0,1
infected,/home/farhan/my-projects/pearl/data/infected/image12784.jpg,656d11aa4c3cbaa055b4003227b156dd,1
infected,/home/farhan/my-projects/pearl/data/infected/image12570.jpg,6589dcee78478ab489dac3314985c513,1
infected,/home/farhan/my-projects/pearl/data/infected/image12729.jpg,658e623c34c132d35adf5abda701b49f,1
infected,/home/farhan/my-projects/pearl/data/infected/Image_735.jpg,65a5e606995d3856151302616f4f36b1,1
infected,/home/farhan/my-projects/pearl/data/infected/image12742.jpg,65f7670e807f39e4696182f5992c7e7e,1
infected,/home/farhan/my-projects/pearl/data/infected/Image_329.jpg,65ff1d52bb9fe148bf75d839140e2c38,1
infected,/home/farhan/my-projects/pearl/data/infected/image10779.jpg,66039b3f2fa516f723d92cf4c940402d,1
infected,/home/farhan/my-projects/pearl/data/infected/image13106.jpg,662c68293430c7187ea010d69004d4f7,1
infected,/home/farhan/my-projects/pearl/data/infected/image11606.jpg,66324beb83bd16b0d46bc1635e4336d1,1
infected,/home/farhan/my-projects/pearl/data/infected/image12632.jpg,66349129da94e43fc9c30a6b70d4e236,1
infected,/home/farhan/my-projects/pearl/data/infected/image12135.jpg,664c7149d7d5503bc6f1988e77665ad5,1
infected,/home/farhan/my-projects/pearl/data/infected/image12548.jpg,6658693eef31e468e83e13203920e015,1
infected,/home/farhan/my-projects/pearl/data/infected/image10801.jpg,666c0ddb24935f96aa5a0e222a07f3fd,1
infected,/home/farhan/my-projects/pearl/data/infected/Image_547.jpg,6674d888d89c19bd7946575b93a1afe0,1
infected,/home/farhan/my-projects/pearl/data/infected/Image_Rotate_Rotate_Right_181.jpg,6681d5109809acd8b1852c6371175f52,1
infected,/home/farhan/my-projects/pearl/data/infected/image12256.jpg,6687945a7bc7493d1f8a02a069cf9e19,1
infected,/home/farhan/my-projects/pearl/data/infected/image12921.jpg,669b52898c18b02127110959bb6027f2,1
infected,/home/farhan/my-projects/pearl/data/infected/image12025.jpg,66b2b30af2cc026af09a3fbe991c547a,1
infected,/home/farhan/my-projects/pearl/data/infected/image10098.jpg,66d52695d41eb8347dd90c23f5856d76,1
infected,/home/farhan/my-projects/pearl/data/infected/Image_991.jpg,6704d337cedd56ced1cb0decfd1c28f0,1
infected,/home/farhan/my-projects/pearl/data/infected/image11635.jpg,670f36423e42404e92baf8ae94929cd4,1
infected,/home/farhan/my-projects/pearl/data/infected/image12584.jpg,6715c7f8622c144a5e69a74390250c23,1
infected,/home/farhan/my-projects/pearl/data/infected/image12668.jpg,671c6dbf0d75caf157b54dc89d9f0089,1
infected,/home/farhan/my-projects/pearl/data/infected/image12764.jpg,671edfe190d98db89bef3680bdf4273a,1
infected,/home/farhan/my-projects/pearl/data/infected/Image_resize_049.jpg,67722db318a98c6e4c9d1b38c54febb9,1
infected,/home/farhan/my-projects/pearl/data/infected/image10458.jpg,6778ac002bd74704ea530b5f8add7493,1
infected,/home/farhan/my-projects/pearl/data/infected/image12568.jpg,678fce63c72e3858a960184601f70865,1
infected,/home/farhan/my-projects/pearl/data/infected/image10165.jpg,67981b91404996b0184fc7dd2e3ab66c,1
infected,/home/farhan/my-projects/pearl/data/infected/Image_149.jpg,679cfe4e60e1c08f628f2592eadfc39f,1
infected,/home/farhan/my-projects/pearl/data/infected/Image_Rotate_149.jpg,67a01fd0eb8e0511c2a097ec2cb31ede,1
infected,/home/farhan/my-projects/pearl/data/infected/image10311.jpg,67c09cf67bd6d2848a3de42bea784f2d,1
infected,/home/farhan/my-projects/pearl/data/infected/Image_Rotate_Rotate_Right_345.jpg,67c3ac236088598e8e33a2490f26c0ae,1
infected,/home/farhan/my-projects/pearl/data/infected/Image_783.jpg,67c57c80aced13f454f1dcb3c480bd69,1
infected,/home/farhan/my-projects/pearl/data/infected/Image_1017.jpg,67d050a5fd29a832874196fa34d38b42,1
infected,/home/farhan/my-projects/pearl/data/infected/image10184.jpg,67e9e72ca8266381bb135e39a002a166,1
infected,/home/farhan/my-projects/pearl/data/infected/image12898.jpg,67eb42870ab96a5fd9d1be8980df6826,1
infected,/home/farhan/my-projects/pearl/data/infected/image13196.jpg,67edd6ee128a59ada3c7258cba26aa48,1
infected,/home/farhan/my-projects/pearl/data/infected/image12580.jpg,681871a497fbdd8f7133f0b468ce455d,1
infected,/home/farhan/my-projects/pearl/data/infected/image10488.jpg,68382e54155daf1b11f88453e6111c7c,1
infected,/home/farhan/my-projects/pearl/data/infected/image11182.jpg,685e347400d3b23da2ea46fcc3961bf1,1
infected,/home/farhan/my-projects/pearl/data/infected/image10708.jpg,6862d0edee53bc98e076c037fb8403cc,1
infected,/home/farhan/my-projects/pearl/data/infected/image10571.jpg,6865fe176dda44649d45634cd42b1d85,1
infected,/home/farhan/my-projects/pearl/data/infected/image11518.jpg,68819d63225b205e5cebd3aff5592d79,1
infected,/home/farhan/my-projects/pearl/data/infected/image10228.jpg,68b5d5bf2ee17eaa0335419353804b81,1
infected,/home/farhan/my-projects/pearl/data/infected/Image_579.jpg,68bc543c9b6d6dc432bc845dc042f236,1
infected,/home/farhan/my-projects/pearl/data/infected/image11907.jpg,68e112b89212ca39f9e28087331648fe,1
infected,/home/farhan/my-projects/pearl/data/infected/image12552.jpg,68e692abec8198336c254afd1bcd5a12,1
infected,/home/farhan/my-projects/pearl/data/infected/Image_561.jpg,68eb8503d98a5d273f923a94869a5f15,1
infected,/home/farhan/my-projects/pearl/data/infected/image11825.jpg,690700c30b42fad43852277205d108a7,1
infected,/home/farhan/my-projects/pearl/data/infected/Image_Rotate_Rotate_Right_271.jpg,69130a0d843a5070c311a774cac6309d,1
infected,/home/farhan/my-projects/pearl/data/infected/image10002.jpg,6960cc44aca7b19be1738e33c3922e8d,1
infected,/home/farhan/my-projects/pearl/data/infected/image12891.jpg,69657cbb4d368b2889027ac23e1bea0a,1
infected,/home/farhan/my-projects/pearl/data/infected/Image_resize_031.jpg,696f72516f6f1ba1d97ca80784dcb098,1
infected,/home/farhan/my-projects/pearl/data/infected/image11858.jpg,69767f56030703709e3368ce2753be29,1
infected,/home/farhan/my-projects/pearl/data/infected/image11287.jpg,698c20a768f74da46b8cd9769293c25a,1
infected,/home/farhan/my-projects/pearl/data/infected/image11317.jpg,69973d623b7555db0d9f181bdf5bb0c4,1
infected,/home/farhan/my-projects/pearl/data/infected/image10774.jpg,69b079a33827784aab6f3889f78cbf36,1
infected,/home/farhan/my-projects/pearl/data/infected/image11925.jpg,69be3087d9ee03147af830818f1a0cd0,1
infected,/home/farhan/my-projects/pearl/data/infected/image11982.jpg,69d262b3e9adf513881eeef71aed3996,1
infected,/home/farhan/my-projects/pearl/data/infected/Image_603.jpg,69d2fbd5caac4184f029f6a445c8bd0d,1
infected,/home/farhan/my-projects/pearl/data/infected/image11454.jpg,69f15bb938d62eef1a7e5bb8027c45be,1
infected,/home/farhan/my-projects/pearl/data/infected/image10691.jpg,6a10f25670b06599a31d046f527d4c3e,1
infected,/home/farhan/my-projects/pearl/data/infected/image10697.jpg,6a35984c6e5b0e291fd60e8d55a26594,1
infected,/home/farhan/my-projects/pearl/data/infected/image11619.jpg,6a3f0d19e0594ed9bed4543cf2ff392c,1
infected,/home/farhan/my-projects/pearl/data/infected/image10336.jpg,6a4b18c9615cafc8f746dc8cdf980858,1
infected,/home/farhan/my-projects/pearl/data/infected/image12785.jpg,6a4c97ed99927539af59322b8d37d2b4,1
infected,/home/farhan/my-projects/pearl/data/infected/image11300.jpg,6a4cdd6c51c1035fcf915b8fa812021d,1
infected,/home/farhan/my-projects/pearl/data/infected/image10426.jpg,6a6a898bb1a38a175e84d5c902523697,1
infected,/home/farhan/my-projects/pearl/data/infected/Image_Rotate_Rotate_Right_343.jpg,6a782fe11c77883395b4cfdc0afc4e2c,1
infected,/home/farhan/my-projects/pearl/data/infected/image11240.jpg,6a8d17190df1db1a9e162637367ce8b9,1
infected,/home/farhan/my-projects/pearl/data/infected/image10601.jpg,6ab2804bd54045c5b75eab3e8a70919d,1
infected,/home/farhan/my-projects/pearl/data/infected/Image_Rotate_Rotate_Right_111.jpg,6abbfe957ac26c7dffce877ef8923f4c,1
infected,/home/farhan/my-projects/pearl/data/infected/image11912.jpg,6abed3e63178b3f35afc544d70af0d0e,1
infected,/home/farhan/my-projects/pearl/data/infected/image10886.jpg,6af8056ef36d5d41729e4c4bc3d9f6ff,1
infected,/home/farhan/my-projects/pearl/data/infected/image11734.jpg,6afac89b9f8a5b5bdee4e26660f35974,1
infected,/home/farhan/my-projects/pearl/data/infected/image11476.jpg,6afd44d9b4deae1330e636427dafe3aa,1
infected,/home/farhan/my-projects/pearl/data/infected/image11715.jpg,6b124920401da9d5e942e41883754a52,1
infected,/home/farhan/my-projects/pearl/data/infected/image10405.jpg,6b209442c5f69714c701e3e268f60357,1
infected,/home/farhan/my-projects/pearl/data/infected/image10506.jpg,6b413fb2a1ba3a1543c6be51012a000e,1
infected,/home/farhan/my-projects/pearl/data/infected/image12550.jpg,6b4ac66792d9a6cafde1718bbf4e832a,1
infected,/home/farhan/my-projects/pearl/data/infected/Image_089.jpg,6b4d125ffdcca4ed31eee1aeb2bcba18,1
infected,/home/farhan/my-projects/pearl/data/infected/image10600.jpg,6b723ba7b8391e909877a777505eca09,1
infected,/home/farhan/my-projects/pearl/data/infected/image11959.jpg,6b85ae59abc0ffcac31fd4b4904b34f1,1
infected,/home/farhan/my-projects/pearl/data/infected/Image_resize_005.jpg,6b8898e14f615f0c06abf403279c3433,1
infected,/home/farhan/my-projects/pearl/data/infected/image10155.jpg,6b912b40c6eec235f95fcaddfb425546,1
infected,/home/farhan/my-projects/pearl/data/infected/image11385.jpg,6ba1c59b64338eb39c73d441fd7b0df0,1
infected,/home/farhan/my-projects/pearl/data/infected/image10289.jpg,6bc521f80b78e5e340a19b868278aeda,1
infected,/home/farhan/my-projects/pearl/data/infected/Image_1005.jpg,6be679ccbd2b110726917a94e5bfb9cd,1
infected,/home/farhan/my-projects/pearl/data/infected/image11093.jpg,6bfdba6a81a94cecf3ce931e04b0ab37,1
infected,/home/farhan/my-projects/pearl/data/infected/image10775.jpg,6c2838f563f8b6465a3728e50ee74fe2,1
infected,/home/farhan/my-projects/pearl/data/infected/image10749.jpg,6c3e07dad7a5745f629f148c1042b224,1
infected,/home/farhan/my-projects/pearl/data/infected/image10819.jpg,6c42df7fe8ba24333854741b2bf67367,1
infected,/home/farhan/my-projects/pearl/data/infected/image10320.jpg,6c4e5ac2b7a493fa0a616fac22d6d8e8,1
infected,/home/farhan/my-projects/pearl/data/infected/image10440.jpg,6c4f1fed0d8085f8e9fa03e82b4cb6e5,1
infected,/home/farhan/my-projects/pearl/data/infected/image10181.jpg,6c8633890b13ab366b29f34cb5b6e151,1
infected,/home/farhan/my-projects/pearl/data/infected/Image_507.jpg,6c87f8b18dc9a0f40833c177fe1ffc16,1
infected,/home/farhan/my-projects/pearl/data/infected/Image_resize_159.jpg,6c88d10782ef19f041b577f2aa75e7e9,1
infected,/home/farhan/my-projects/pearl/data/infected/Image_821.jpg,6c895da7626c8a03fcc9d85754e54866,1
infected,/home/farhan/my-projects/pearl/data/infected/image12464.jpg,6c8f59a3cf40e490cc1ff3d337ed066e,1
infected,/home/farhan/my-projects/pearl/data/infected/Image_resize_133.jpg,6cb1ca3612d6835b1b442fe763122ee4,1
infected,/home/farhan/my-projects/pearl/data/infected/image13090.jpg,6cbb156ebbd6df1cda5aa2d45dede1be,1
infected,/home/farhan/my-projects/pearl/data/infected/image11383.jpg,6cc7970dc6f78b2551d760065ec50d1b,1
infected,/home/farhan/my-projects/pearl/data/infected/image13004.jpg,6cce1bde38ba0be22bd4186d4b36570d,1
infected,/home/farhan/my-projects/pearl/data/infected/image12707.jpg,6cd0e751a32bf2ba9add0f1c1c1a7744,1
infected,/home/farhan/my-projects/pearl/data/infected/Image_Rotate_Rotate_Right_019.jpg,6ce78bb1e5f1c0d74d5f42a1471bacd1,1
infected,/home/farhan/my-projects/pearl/data/infected/image12847.jpg,6ced859ac3706dcebeb3940a480dbbdc,1
infected,/home/farhan/my-projects/pearl/data/infected/image11329.jpg,6d055d4b6c41b8078a44b2701b0864a9,1
infected,/home/farhan/my-projects/pearl/data/infected/image10581.jpg,6d2343eff1d1e485842916be4b31a2e9,1
infected,/home/farhan/my-projects/pearl/data/infected/image10099.jpg,6d2e0de61fe26ce367855617f9e37697,1
infected,/home/farhan/my-projects/pearl/data/infected/Image_Rotate_047.jpg,6d2f5f419146d93eed3b669c53f2f4c7,1
infected,/home/farhan/my-projects/pearl/data/infected/Image_503.jpg,6d48e3a1cd6a0e7fd61a856f02d8c448,1
infected,/home/farhan/my-projects/pearl/data/infected/image10253.jpg,6d4b23361ce3e81c43071a9a9a052630,1
infected,/home/farhan/my-projects/pearl/data/infected/Image_337.jpg,6d4c161f12511931dfd2eef36f137c4f,1
infected,/home/farhan/my-projects/pearl/data/infected/image11154.jpg,6d56269ee93f34baa634f668719e19ea,1
infected,/home/farhan/my-projects/pearl/data/infected/image11711.jpg,6d5da714f2686a32e676c605c06e04be,1
infected,/home/farhan/my-projects/pearl/data/infected/Image_Rotate_Rotate_Right_219.jpg,6d65d2bbfa17a914302ac3d1efe68f32,1
infected,/home/farhan/my-projects/pearl/data/infected/image10456.jpg,6d6d90171638bd2c725e25fbad05c4d5,1
infected,/home/farhan/my-projects/pearl/data/infected/image13125.jpg,6d8ef01566adc0769e33e9acdd87c189,1
infected,/home/farhan/my-projects/pearl/data/infected/image12817.jpg,6db435856e02673cab27c7e2b550f52f,1
infected,/home/farhan/my-projects/pearl/data/infected/image12048.jpg,6dc82835dc6b116f07fe678188690dd6,1
infected,/home/farhan/my-projects/pearl/data/infected/Image_897.jpg,6df93e3632a9a7638869626f4701e85c,1
infected,/home/farhan/my-projects/pearl/data/infected/image11215.jpg,6e0d125f9f413d13a623904e43b351a1,1
infected,/home/farhan/my-projects/pearl/data/infected/image10597.jpg,6e15c2cef565b88ed663853fd2a8ff6c,1
infected,/home/farhan/my-projects/pearl/data/infected/image10580.jpg,6e20aabaf058c4f155b8bbf4e1495029,1
infected,/home/farhan/my-projects/pearl/data/infected/image11382.jpg,6e55f7ce701ba9ddd415d003810a70a6,1
infected,/home/farhan/my-projects/pearl/data/infected/image12737.jpg,6e63d563096332dca06dd94f43bf1848,1
infected,/home/farhan/my-projects/pearl/data/infected/Image_resize_175.jpg,6e7d62dc40a7c708a934625a69830bf0,1
infected,/home/farhan/my-projects/pearl/data/infected/Image_Rotate_Rotate_Right_081.jpg,6e828b7b3c2a2ce7543d058d7d204f5d,1
infected,/home/farhan/my-projects/pearl/data/infected/image11971.jpg,6e94a44565cd95bc0ea4bcf435d4fe42,1
infected,/home/farhan/my-projects/pearl/data/infected/image12092.jpg,6e975442da9d1bdc05576e1c0eb2b0cb,1
infected,/home/farhan/my-projects/pearl/data/infected/image10537.jpg,6e978f63b448be9dda166c78200b5aff,1
infected,/home/farhan/my-projects/pearl/data/infected/Image_Rotate_Rotate_Right_027.jpg,6ea50b55539a23fe8e6938ac4cf42ac8,1
infected,/home/farhan/my-projects/pearl/data/infected/image10767.jpg,6eb8aefaf83cadf34ad69244184b0749,1
infected,/home/farhan/my-projects/pearl/data/infected/image12286.jpg,6ec89121a97bb88b50cd509d809114e4,1
infected,/home/farhan/my-projects/pearl/data/infected/Image_605.jpg,6ecfd36b815e4df818151fd2c2b27cc8,1
infected,/home/farhan/my-projects/pearl/data/infected/Image_839.jpg,6ed1f89f2c1bec6b8d944aee35f9cf88,1
infected,/home/farhan/my-projects/pearl/data/infected/image10101.jpg,6ef547055d14ee6e8ebf54509e76f480,1
infected,/home/farhan/my-projects/pearl/data/infected/image11697.jpg,6ef7634178754ef49171b72f5483d76a,1
infected,/home/farhan/my-projects/pearl/data/infected/image11193.jpg,6f0b9a6c8dfeb223d88e9f576b3d5317,1
infected,/home/farhan/my-projects/pearl/data/infected/image11322.jpg,6f1515d09d50a218184c36e79a5eff9e,1
infected,/home/farhan/my-projects/pearl/data/infected/image10902.jpg,6f1b040172fec910d3e496a36b8bc342,1
infected,/home/farhan/my-projects/pearl/data/infected/image10825.jpg,6f1e2c6f33223cde9cb6c9efe746bc37,1
infected,/home/farhan/my-projects/pearl/data/infected/image11319.jpg,6f1e958fa434c90f0d89a762f9a5e29c,1
infected,/home/farhan/my-projects/pearl/data/infected/image10040.jpg,6f1f4d228c3c8d2ec9f16e170a078944,1
infected,/home/farhan/my-projects/pearl/data/infected/image12605.jpg,6f3e1e2c2d3c7808cf2bafe0132a444d,1
infected,/home/farhan/my-projects/pearl/data/infected/image11783.jpg,6f9d24a1436d76e8029c62735d26fad7,1
infected,/home/farhan/my-projects/pearl/data/infected/image11688.jpg,6fb33ce58145b43a9f07d3006b9e1702,1
infected,/home/farhan/my-projects/pearl/data/infected/image10143.jpg,6fc6e212c2c27e3f0a5da389313d47a5,1
infected,/home/farhan/my-projects/pearl/data/infected/image10123.jpg,6fdfe6e96ed9cc8a6d1848e2c6dca60a,1
infected,/home/farhan/my-projects/pearl/data/infected/image12893.jpg,6fecb59527a04c861b34f5fc3581414d,1
infected,/home/farhan/my-projects/pearl/data/infected/image12672.jpg,7014191dff4a56adab02d04a3e3fb45b,1
infected,/home/farhan/my-projects/pearl/data/infected/Image_483.jpg,701ad6515869e497ae8332d03f94bff7,1
infected,/home/farhan/my-projects/pearl/data/infected/image11201.jpg,701df94e9b74fb2e37575e5dc1f57c90,1
infected,/home/farhan/my-projects/pearl/data/infected/Image_945.jpg,701f3665bfc9cfac5cf198a1819fd18f,1
infected,/home/farhan/my-projects/pearl/data/infected/Image_567.jpg,7031525e8c65e10486374c64788fa7dc,1
infected,/home/farhan/my-projects/pearl/data/infected/image10631.jpg,7042f6690a3f5956018f2dd4de40d679,1
infected,/home/farhan/my-projects/pearl/data/infected/image11355.jpg,705e19cd69e1d2a56f224a801d5383a1,1
infected,/home/farhan/my-projects/pearl/data/infected/image10107.jpg,7060bd65fa9642a8c99de52d9d8cd0b6,1
infected,/home/farhan/my-projects/pearl/data/infected/image10410.jpg,7067cf8518b8cf2796d728cf817abd6a,1
infected,/home/farhan/my-projects/pearl/data/infected/image10923.jpg,7077ac35c612a1388da9cfa10ee9542e,1
infected,/home/farhan/my-projects/pearl/data/infected/image10407.jpg,7092629d6bb239ab853c8f9edbcfaa03,1
infected,/home/farhan/my-projects/pearl/data/infected/Image_Rotate_035.jpg,70b79aa2f22b08a9d406f0e76ce2988b,1
infected,/home/farhan/my-projects/pearl/data/infected/image11149.jpg,70c0b17baadee2a691ea3e5f11b8b463,1
infected,/home/farhan/my-projects/pearl/data/infected/Image_resize_143.jpg,70eac547f085c76c38bdc1861102d543,1
infected,/home/farhan/my-projects/pearl/data/infected/image11944.jpg,70f8dd16345452f28214c7084fe2e3e0,1
infected,/home/farhan/my-projects/pearl/data/infected/image12993.jpg,70f92b5a386ecb9ae05f6b3acf3f0afd,1
infected,/home/farhan/my-projects/pearl/data/infected/image10777.jpg,7123430f38da1bfe4a27884446560589,1
infected,/home/farhan/my-projects/pearl/data/infected/Image_793.jpg,7128e3174425a097db3117d4242ee0e9,1
infected,/home/farhan/my-projects/pearl/data/infected/image12554.jpg,71353dc7f194276d5781e051666bd11c,1
infected,/home/farhan/my-projects/pearl/data/infected/image11589.jpg,71370f898ecdcaa9df883cf6c42aa54a,1
infected,/home/farhan/my-projects/pearl/data/infected/image10518.jpg,71443594d9dec87a66100e71aef2d21c,1
infected,/home/farhan/my-projects/pearl/data/infected/image11798.jpg,714994e0f26a5d9c75bc558c22ecf575,1
infected,/home/farhan/my-projects/pearl/data/infected/image12783.jpg,7157216c4b3818814e897a947a068d35,1
infected,/home/farhan/my-projects/pearl/data/infected/Image_Rotate_Rotate_Right_051.jpg,719480025831e79e69830efa2d07ff64,1
infected,/home/farhan/my-projects/pearl/data/infected/image12311.jpg,71a482a8133a3b3b9a468f2f55e2bf25,1
infected,/home/farhan/my-projects/pearl/data/infected/Image_463.jpg,71a8bdbca154133be39905e7070eeec8,1
infected,/home/farhan/my-projects/pearl/data/infected/Image_071.jpg,71c1d7122406526d4bf478c70bebc7e0,1
infected,/home/farhan/my-projects/pearl/data/infected/image10417.jpg,71c72a4114f38835e5447d908584d5a7,1
infected,/home/farhan/my-projects/pearl/data/infected/Image_Rotate_Rotate_Right_361.jpg,71e3c6e53c18c2ca179a893ea6a3b24a,1
infected,/home/farhan/my-projects/pearl/data/infected/Image_183.jpg,72168443b981c5ee6a72efb7b0a7ad25,1
infected,/home/farhan/my-projects/pearl/data/infected/Image_743.jpg,72238350775b8a847a864103afe1fd82,1
infected,/home/farhan/my-projects/pearl/data/infected/image10260.jpg,72324ddab4d8f2c9ca6581f23dbeb62a,1
infected,/home/farhan/my-projects/pearl/data/infected/Image_993.jpg,723487c9bd291e3010c872a66736b603,1
infected,/home/farhan/my-projects/pearl/data/infected/image11900.jpg,7234a23bccea513d17f797f1b72349a2,1
infected,/home/farhan/my-projects/pearl/data/infected/image13154.jpg,724e15a59f2f021e4e5baba0d40a0e9a,1
infected,/home/farhan/my-projects/pearl/data/infected/image10093.jpg,72639dead696618ae8c482804da3e477,1
infected,/home/farhan/my-projects/pearl/data/infected/image13102.jpg,72750bd88458f5005d1f229cf03ec43f,1
infected,/home/farhan/my-projects/pearl/data/infected/image13137.jpg,729375d29c2868100554f6302aae6c78,1
infected,/home/farhan/my-projects/pearl/data/infected/image11614.jpg,729bf64c445f26fb489abe08ee5f7c91,1
infected,/home/farhan/my-projects/pearl/data/infected/image10568.jpg,729f855e3a60fee777d1c1d7db2e386f,1
infected,/home/farhan/my-projects/pearl/data/infected/Image_621.jpg,72a5eb662046367a903c5b963e63fc8a,1
infected,/home/farhan/my-projects/pearl/data/infected/Image_resize_017.jpg,72b16986c99f446ca1dc56908f9a4a22,1
infected,/home/farhan/my-projects/pearl/data/infected/image12928.jpg,72d29d5b823135a38ea313aa3ea77cf6,1
infected,/home/farhan/my-projects/pearl/data/infected/Image_969.jpg,72ee12001eef9ab032cb7ecc4d47ae94,1
infected,/home/farhan/my-projects/pearl/data/infected/Image_985.jpg,72eedfc91c4cb0e45e951d933b5ca6e5,1
infected,/home/farhan/my-projects/pearl/data/infected/image11556.jpg,72f387335d2901d10178daedf6330e09,1
infected,/home/farhan/my-projects/pearl/data/infected/image10452.jpg,730428c23b27f8f79077ce5079a8a8bc,1
infected,/home/farhan/my-projects/pearl/data/infected/image10182.jpg,730a30dab1a2690721b7417af7b185d8,1
infected,/home/farhan/my-projects/pearl/data/infected/image10638.jpg,7344ff90e1e65a7d736bfd875ff0715a,1
infected,/home/farhan/my-projects/pearl/data/infected/image11174.jpg,7366a26b9d3edd2bdc068a98e023f6ad,1
infected,/home/farhan/my-projects/pearl/data/infected/image11603.jpg,736b3d0269b858b0922a8ab6502a9a5d,1
infected,/home/farhan/my-projects/pearl/data/infected/image11419.jpg,7378a4cda4a2d2f3c9077a292d9c1056,1
infected,/home/farhan/my-projects/pearl/data/infected/image10280.jpg,73870b7f6d3b0ed1d97c623f66a02bee,1
infected,/home/farhan/my-projects/pearl/data/infected/image12011.jpg,73d890cd3bec9d6decd4efe27ad94bc2,1
infected,/home/farhan/my-projects/pearl/data/infected/image10809.jpg,7411f89b057947d9c02c0d4f00e9a910,1
infected,/home/farhan/my-projects/pearl/data/infected/image10796.jpg,7415e1000a6ae15096c91365513b1d5e,1
infected,/home/farhan/my-projects/pearl/data/infected/image11561.jpg,7424207188170b88fd1b27ace2c76ba2,1
infected,/home/farhan/my-projects/pearl/data/infected/image11921.jpg,742e52584a1fa44ccdd78bde6f36e99c,1
infected,/home/farhan/my-projects/pearl/data/infected/image11431.jpg,7440606f5ef01cf2005f24a46fbc2d26,1
infected,/home/farhan/my-projects/pearl/data/infected/image11861.jpg,746d12a9785c6ffac97fa4f3414a4db2,1
infected,/home/farhan/my-projects/pearl/data/infected/image12997.jpg,74777272d30fc04f1388e6048fa3ec75,1
infected,/home/farhan/my-projects/pearl/data/infected/image10618.jpg,74779a8aaa25c55c28d67ea82809fa8e,1
infected,/home/farhan/my-projects/pearl/data/infected/image12114.jpg,747a1a41bbaab7ba3af2f537e9b1b057,1
infected,/home/farhan/my-projects/pearl/data/infected/image11842.jpg,747dfd56d7ccaa5ecc5f67cb2de5d9ad,1
infected,/home/farhan/my-projects/pearl/data/infected/image12867.jpg,748f2d60765556ce8e3550db17819c92,1
infected,/home/farhan/my-projects/pearl/data/infected/Image_025.jpg,749b001ebaa6865f9a42174d96a2b288,1
infected,/home/farhan/my-projects/pearl/data/infected/Image_345.jpg,74b155f672784687b1d6ec200d0a0450,1
infected,/home/farhan/my-projects/pearl/data/infected/image11545.jpg,74f852b07ebbc15a327cd09445879955,1
infected,/home/farhan/my-projects/pearl/data/infected/image11356.jpg,74fcbacf75b9a1e31a0050335b42ca7f,1
infected,/home/farhan/my-projects/pearl/data/infected/image11173.jpg,750e6cc094d1f526361e7877c2a358c4,1
infected,/home/farhan/my-projects/pearl/data/infected/image10496.jpg,75985fb2d5a2e57ca8f6394175c88cb5,1
infected,/home/farhan/my-projects/pearl/data/infected/Image_213.jpg,75a0d383110ce357f02de09b2ed28c6a,1
infected,/home/farhan/my-projects/pearl/data/infected/image12798.jpg,75b291adc126362219711421943ff558,1
infected,/home/farhan/my-projects/pearl/data/infected/image10623.jpg,75b5932e74b62770a5a5eccbd42e5f41,1
infected,/home/farhan/my-projects/pearl/data/infected/image13098.jpg,75d5f8b31d6aa90c014c4b7f249c1c43,1
infected,/home/farhan/my-projects/pearl/data/infected/Image_961.jpg,75db029796c54ed278e743ae6a37a6c2,1
infected,/home/farhan/my-projects/pearl/data/infected/image10059.jpg,75df00ff6899af00c72129b3ae39cb53,1
infected,/home/farhan/my-projects/pearl/data/infected/image10157.jpg,75fa8d9bdd369ec11d8496588fcec60b,1
infected,/home/farhan/my-projects/pearl/data/infected/image11307.jpg,75faaf2f893aac2849bf1104490ad957,1
infected,/home/farhan/my-projects/pearl/data/infected/image10483.jpg,7604cff80948a10d5dc0d6afb419c9d4,1
infected,/home/farhan/my-projects/pearl/data/infected/image11323.jpg,760e7b6fef4809aecc16c9474296e7e8,1
infected,/home/farhan/my-projects/pearl/data/infected/Image_989.jpg,7637cef8236f25ef85d4cb0c43d57dde,1
infected,/home/farhan/my-projects/pearl/data/infected/image10033.jpg,764a8c92eb07535acff7280a4b70671b,1
infected,/home/farhan/my-projects/pearl/data/infected/image11364.jpg,766287c761af44e50574a369b6135d94,1
infected,/home/farhan/my-projects/pearl/data/infected/image12539.jpg,76870e309a5d80c8749eb20a2d18fede,1
infected,/home/farhan/my-projects/pearl/data/infected/image11683.jpg,76b786b6f2da1ddbfe35b420f00092aa,1
infected,/home/farhan/my-projects/pearl/data/infected/image11795.jpg,76d4bffad31ece943e1db46533bad187,1
infected,/home/farhan/my-projects/pearl/data/infected/image13104.jpg,76fc7c5d28004e63190286adc0458339,1
infected,/home/farhan/my-projects/pearl/data/infected/image11283.jpg,76fcb737fda205383e57699bd75f8e37,1
infected,/home/farhan/my-projects/pearl/data/infected/Image_599.jpg,7717a1fd388d5c5ec4b57f63d755238f,1
infected,/home/farhan/my-projects/pearl/data/infected/image10872.jpg,771b71fdad559a55d708df757ced6803,1
infected,/home/farhan/my-projects/pearl/data/infected/image11195.jpg,77700829c8e04ec949df253918ad43d4,1
infected,/home/farhan/my-projects/pearl/data/infected/image10590.jpg,778734d106a13b6132da9cb4510fa599,1
infected,/home/farhan/my-projects/pearl/data/infected/image12113.jpg,77dbc20edea4036c1044a2750ac6ae1b,1
infected,/home/farhan/my-projects/pearl/data/infected/Image_189.jpg,77ddd83da4ccd3ff0811462e97c53074,1
infected,/home/farhan/my-projects/pearl/data/infected/image10096.jpg,7809737750660beed4eb2af0dcddaf02,1
infected,/home/farhan/my-projects/pearl/data/infected/image12016.jpg,780e1a9135d249c0a53fa5420f9e4e69,1
infected,/home/farhan/my-projects/pearl/data/infected/image10501.jpg,7849cc38b6efc4ae17aa76bec6954a9c,1
infected,/home/farhan/my-projects/pearl/data/infected/image12514.jpg,7858cee3d88e995686b977cfc1c4b632,1
infected,/home/farhan/my-projects/pearl/data/infected/image10671.jpg,78724f760a509cfb065afa98816b06d3,1
infected,/home/farhan/my-projects/pearl/data/infected/Image_Rotate_091.jpg,789187064386286922c51be8739999f0,1
infected,/home/farhan/my-projects/pearl/data/infected/Image_251.jpg,78b001b543ba6bd0487a9cd34f6fb574,1
infected,/home/farhan/my-projects/pearl/data/infected/image10254.jpg,78ebddf00d0bf28d25ed6714d494bf8b,1
infected,/home/farhan/my-projects/pearl/data/infected/image13076.jpg,78f396a244821675ece08359c202b069,1
infected,/home/farhan/my-projects/pearl/data/infected/image11278.jpg,78fc5b7b9ae768fd3952d943998886be,1
infected,/home/farhan/my-projects/pearl/data/infected/image10216.jpg,7906e7d13616dc0dbf72c5f118253d08,1
infected,/home/farhan/my-projects/pearl/data/infected/Image_Rotate_Rotate_Right_365.jpg,7934c4bed318a9b0c1a4fca7dce85b8b,1
infected,/home/farhan/my-projects/pearl/data/infected/image10622.jpg,793f75f37b704544c1c1738c0ad294cd,1
infected,/home/farhan/my-projects/pearl/data/infected/image11601.jpg,7947788b58304bdbd8aa1a0989bbc723,1
infected,/home/farhan/my-projects/pearl/data/infected/image10905.jpg,79574a0d523281be84a453008900ae6c,1
infected,/home/farhan/my-projects/pearl/data/infected/Image_resize_127.jpg,795d24a43918787f02918bcf6a44844f,1
infected,/home/farhan/my-projects/pearl/data/infected/Image_921.jpg,796debb7d369bcb7e94f4cf6b67a021a,1
infected,/home/farhan/my-projects/pearl/data/infected/image10594.jpg,79757afcb546bc372bfacd8cc6ba9a5a,1
infected,/home/farhan/my-projects/pearl/data/infected/image11924.jpg,79872945e3c1d54edfd9f7fe1b917109,1
infected,/home/farhan/my-projects/pearl/data/infected/image11281.jpg,7993801c3cad6b2cfc720850a00df7ea,1
infected,/home/farhan/my-projects/pearl/data/infected/Image_593.jpg,79c2cf01bbbb7eacb0ce2d25985fa447,1
infected,/home/farhan/my-projects/pearl/data/infected/image11865.jpg,79c826d4d68c57d90ab7698a69e6d28b,1
infected,/home/farhan/my-projects/pearl/data/infected/image10449.jpg,79dddbbb613fa44c644167cd84d152ca,1
infected,/home/farhan/my-projects/pearl/data/infected/image10459.jpg,79df86a33cb5eaa049380a79c78766a5,1
infected,/home/farhan/my-projects/pearl/data/infected/Image_223.jpg,7a0e2e33582fac5ed8f7611a2951ed07,1
infected,/home/farhan/my-projects/pearl/data/infected/image11672.jpg,7a164666ef564e64d15c53aeeefd57e8,1
infected,/home/farhan/my-projects/pearl/data/infected/image11874.jpg,7a1a9f5070a6fa7112071a15d06b857f,1
infected,/home/farhan/my-projects/pearl/data/infected/image10390.jpg,7a3fbe5034c079a760e62951fc39fad7,1
infected,/home/farhan/my-projects/pearl/data/infected/image11374.jpg,7a43680f4a8909f294efd7f2fca4b5c1,1
infected,/home/farhan/my-projects/pearl/data/infected/image10193.jpg,7a6c769c889f691c8389c97226096919,1
infected,/home/farhan/my-projects/pearl/data/infected/Image_639.jpg,7a6e3e6b565e6a631daae8357dc860ab,1
infected,/home/farhan/my-projects/pearl/data/infected/image13120.jpg,7a6e7f0b152ebfcd035590caab4a4272,1
infected,/home/farhan/my-projects/pearl/data/infected/image11624.jpg,7a8cdd1e2e1c68e079af30497c415b0c,1
infected,/home/farhan/my-projects/pearl/data/infected/Image_Rotate_053.jpg,7a9182ce13ec0ec7a2e80f7741d4d044,1
infected,/home/farhan/my-projects/pearl/data/infected/Image_Rotate_Rotate_Right_385.jpg,7aa37772f3cf5aa30910ab3c1a1b159a,1
infected,/home/farhan/my-projects/pearl/data/infected/image11344.jpg,7aca2d6e9ab26048c9723354de398c0a,1
infected,/home/farhan/my-projects/pearl/data/infected/Image_901.jpg,7acb8c89db3011d6ffb76554b28cd7ea,1
infected,/home/farhan/my-projects/pearl/data/infected/image11219.jpg,7ad1a2ddc05341cbb794ea76ae59334b,1
infected,/home/farhan/my-projects/pearl/data/infected/image11956.jpg,7ad521db2df47b58f968ec3722e77735,1
infected,/home/farhan/my-projects/pearl/data/infected/image10650.jpg,7b0954214e4a5110a580362441581bba,1
infected,/home/farhan/my-projects/pearl/data/infected/Image_601.jpg,7b33d4b61fef696e4d737cf9f85d2e88,1
infected,/home/farhan/my-projects/pearl/data/infected/image10657.jpg,7b34ab8548923aa2496573615c9e1b32,1
infected,/home/farhan/my-projects/pearl/data/infected/image10187.jpg,7b57b4bc33534a3ee00cb5535e0a65e1,1
infected,/home/farhan/my-projects/pearl/data/infected/image12051.jpg,7b5d1bf3b8b838f2b9b0c91df5214b2b,1
infected,/home/farhan/my-projects/pearl/data/infected/image11503.jpg,7b8334ec5882fc5de9b6cf2e53a6a2fc,1
infected,/home/farhan/my-projects/pearl/data/infected/image13121.jpg,7b9359e9b0c204a34f5ed64e5ea8eb7b,1
infected,/home/farhan/my-projects/pearl/data/infected/image11962.jpg,7b9fa6cd74b710814a861dfae96c9c31,1
infected,/home/farhan/my-projects/pearl/data/infected/image11582.jpg,7ba1643047b341965959409fd1806041,1
infected,/home/farhan/my-projects/pearl/data/infected/image11934.jpg,7bba3eec66caa1b6546cf372912f87b5,1
infected,/home/farhan/my-projects/pearl/data/infected/Image_Rotate_Rotate_Right_221.jpg,7bbb99ca7b52d6aa0354c8ea49ea8c0b,1
infected,/home/farhan/my-projects/pearl/data/infected/image12109.jpg,7bd258ca6ee7296e7e1c3a925513ab28,1
infected,/home/farhan/my-projects/pearl/data/infected/image10497.jpg,7bef294a0f5b2e4d86d8ae8b50ab3efc,1
infected,/home/farhan/my-projects/pearl/data/infected/image12598.jpg,7c0ce6906eeb4ad9ed22faca06ce78d6,1
infected,/home/farhan/my-projects/pearl/data/infected/image11580.jpg,7c648e5351eadae148d2d7fc5166ea23,1
infected,/home/farhan/my-projects/pearl/data/infected/image10236.jpg,7c77dd106c47a53b899f9834dce2f536,1
infected,/home/farhan/my-projects/pearl/data/infected/image12787.jpg,7c8b4b4a129095df80f98726e07d21ed,1
infected,/home/farhan/my-projects/pearl/data/infected/image11886.jpg,7ca4c00e6f07993779b837aef4df24a3,1
infected,/home/farhan/my-projects/pearl/data/infected/Image_Rotate_171.jpg,7cf7f4d37c44de38aac83eb011e967cc,1
infected,/home/farhan/my-projects/pearl/data/infected/image11460.jpg,7d2c9533a0ca209a00c308e6d03e4781,1
infected,/home/farhan/my-projects/pearl/data/infected/image10328.jpg,7d34bb96908228c1372c0b9b53ed2fe6,1
infected,/home/farhan/my-projects/pearl/data/infected/image10858.jpg,7d46cf82030cd572257efe2d671d46be,1
infected,/home/farhan/my-projects/pearl/data/infected/image11607.jpg,7d4aa1f102a086a3b0935837f984e76e,1
infected,/home/farhan/my-projects/pearl/data/infected/Image_Rotate_Rotate_Right_163.jpg,7d59c1ec9bfcb18c50d6dc567f382a57,1
infected,/home/farhan/my-projects/pearl/data/infected/image10431.jpg,7d5ba117a078ad2e824237ac1da412e9,1
infected,/home/farhan/my-projects/pearl/data/infected/Image_585.jpg,7d5ce27699cbf0f2496633d362c44f37,1
infected,/home/farhan/my-projects/pearl/data/infected/image12885.jpg,7da9eaef949ed67cd3af56900dcdb7ea,1
infected,/home/farhan/my-projects/pearl/data/infected/image10742.jpg,7dd11c61c24126bf4b3ace1ec41d8994,1
infected,/home/farhan/my-projects/pearl/data/infected/image11659.jpg,7dd1983765b50943c6a9146bc9dbbf46,1
infected,/home/farhan/my-projects/pearl/data/infected/image13091.jpg,7e4465093c9ab1f7ca2419047ca772f2,1
infected,/home/farhan/my-projects/pearl/data/infected/image12970.jpg,7e4ab58417cac3c86ba296caf02ba386,1
infected,/home/farhan/my-projects/pearl/data/infected/image10605.jpg,7e592c3458b1b802476902c8fb491114,1
infected,/home/farhan/my-projects/pearl/data/infected/Image_097.jpg,7e7e7ae41cf528d2b045af87c85e663c,1
infected,/home/farhan/my-projects/pearl/data/infected/Image_resize_105.jpg,7e9f9c7b0119c37c787336e85550749d,1
infected,/home/farhan/my-projects/pearl/data/infected/image10114.jpg,7eb94b6fc977a3bdbd52c0288f7518aa,1
infected,/home/farhan/my-projects/pearl/data/infected/Image_Rotate_119.jpg,7f399e62f7189372ea448a40677caae1,1
infected,/home/farhan/my-projects/pearl/data/infected/image10860.jpg,7f3e51c6e424a82127b115140117d966,1
infected,/home/farhan/my-projects/pearl/data/infected/Image_443.jpg,7f491b132a76752465e1f747f4730cb9,1
infected,/home/farhan/my-projects/pearl/data/infected/image12110.jpg,7f4c67e6f2c4977b0a3752c9bdfe6f1f,1
infected,/home/farhan/my-projects/pearl/data/infected/Image_Rotate_045.jpg,7f7cb6f93b6924c48ea15f7f4fd84b23,1
infected,/home/farhan/my-projects/pearl/data/infected/image10763.jpg,7f8ec027bb6d315513816ca37469cd80,1
infected,/home/farhan/my-projects/pearl/data/infected/Image_855.jpg,7f8fecf29bdb7e8de4c460290d85749d,1
infected,/home/farhan/my-projects/pearl/data/infected/Image_741.jpg,7f93d4b3bbb3b7548afb84b71509f18c,1
infected,/home/farhan/my-projects/pearl/data/infected/image11299.jpg,7f9ed9ff3f7b685990b3a85cfc488ed9,1
infected,/home/farhan/my-projects/pearl/data/infected/image10295.jpg,7fa3d0b888c4538a29c4aafdbcf5d641,1
infected,/home/farhan/my-projects/pearl/data/infected/image10720.jpg,7faf38f1931bf5baa630f2df207e6953,1
infected,/home/farhan/my-projects/pearl/data/infected/image10869.jpg,7fdf3c7cd97bdefeeb7e691d3ca35328,1
infected,/home/farhan/my-projects/pearl/data/infected/image11306.jpg,7ff75751a7e84d563889822b69a860b6,1
infected,/home/farhan/my-projects/pearl/data/infected/image11694.jpg,800ae20d33c21690689b9877135d257f,1
infected,/home/farhan/my-projects/pearl/data/infected/Image_797.jpg,80117947752076d963d869b86fa65dec,1
infected,/home/farhan/my-projects/pearl/data/infected/Image_Rotate_Rotate_Right_337.jpg,8019478d73a29d0f794d0d9df1405817,1
infected,/home/farhan/my-projects/pearl/data/infected/image11945.jpg,801d0b40a5597d4677b73f153d1fd415,1
infected,/home/farhan/my-projects/pearl/data/infected/image11868.jpg,80255880ea3fe1e1bf0824af5c28cc53,1
infected,/home/farhan/my-projects/pearl/data/infected/image10724.jpg,803b4bf07826ac9295b220d78a461bea,1
infected,/home/farhan/my-projects/pearl/data/infected/Image_625.jpg,80671cef581e2e742a333b82f979b8c5,1
infected,/home/farhan/my-projects/pearl/data/infected/Image_683.jpg,80680eedc85f1514f4b1eadb83c12cd9,1
infected,/home/farhan/my-projects/pearl/data/infected/image13116.jpg,806e1dbe13c58a3c270910337a09b12b,1
infected,/home/farhan/my-projects/pearl/data/infected/image11904.jpg,8081893e82ac4405171f72128e326656,1
infected,/home/farhan/my-projects/pearl/data/infected/image11252.jpg,80892c460e11e2276ca13256cc40ab9c,1
infected,/home/farhan/my-projects/pearl/data/infected/Image_919.jpg,80a7a21b27af0408f6b0a2f2f445a369,1
infected,/home/farhan/my-projects/pearl/data/infected/image10332.jpg,80ae92223aa04f2c370847d1cbfc4b34,1
infected,/home/farhan/my-projects/pearl/data/infected/image10540.jpg,80c1619e2524651c1b31d5ff7d30b088,1
infected,/home/farhan/my-projects/pearl/data/infected/image10392.jpg,80f602eb8f17a4c0ec6422e7ccf9056e,1
infected,/home/farhan/my-projects/pearl/data/infected/image11727.jpg,81004637a334468de75440747678d183,1
infected,/home/farhan/my-projects/pearl/data/infected/image11918.jpg,8103ec31836fab237a916838974d2f24,1
infected,/home/farhan/my-projects/pearl/data/infected/image12611.jpg,81071d56c3555a20a1cf3fceab5c02e1,1
infected,/home/farhan/my-projects/pearl/data/infected/image10086.jpg,81295bf3ab74a09229b8cf13d24e07a7,1
infected,/home/farhan/my-projects/pearl/data/infected/image11200.jpg,8156f3d4ead11a81891215894de7d4a3,1
infected,/home/farhan/my-projects/pearl/data/infected/Image_975.jpg,815ca776f4c33e30fb77045eb09be3df,1
infected,/home/farhan/my-projects/pearl/data/infected/image11828.jpg,815d8dc6e9f0adda7a30df53e0aeba5e,1
infected,/home/farhan/my-projects/pearl/data/infected/Image_Rotate_Rotate_Right_265.jpg,8169897ec7c50596847dc1119ec9aba6,1
infected,/home/farhan/my-projects/pearl/data/infected/image10549.jpg,81775254a5f683dcbc9a869cb0054c50,1
infected,/home/farhan/my-projects/pearl/data/infected/image12167.jpg,81877ac9df374495bbd15f4b066665ff,1
infected,/home/farhan/my-projects/pearl/data/infected/image13060.jpg,8196ae88e0d42eb3c933136cde8a3c92,1
infected,/home/farhan/my-projects/pearl/data/infected/image10926.jpg,819e4e174eb267f799279d46bafc2eb8,1
infected,/home/farhan/my-projects/pearl/data/infected/image11251.jpg,81a8f6266fa45db3a6af9875567ccfaf,1
infected,/home/farhan/my-projects/pearl/data/infected/image10607.jpg,81b9663ed3f196768a3ec7bb831f4d9c,1
infected,/home/farhan/my-projects/pearl/data/infected/image12080.jpg,81baa825358ded86048877e9c1d1a096,1
infected,/home/farhan/my-projects/pearl/data/infected/image10048.jpg,81cb33aba6374db615d080a05f907bb9,1
infected,/home/farhan/my-projects/pearl/data/infected/Image_resize_051.jpg,81cf889fae4250f1bcee8bbef633bc9f,1
infected,/home/farhan/my-projects/pearl/data/infected/image10633.jpg,81ef9c60e1246a4f214e885d2d0c9f0d,1
infected,/home/farhan/my-projects/pearl/data/infected/Image_981.jpg,81f9dc4064870c8b4f9fe1f95dc6f047,1
infected,/home/farhan/my-projects/pearl/data/infected/image11438.jpg,8237dc169ce7d35ed00183a85d7019c3,1
infected,/home/farhan/my-projects/pearl/data/infected/image12849.jpg,823cbf8599d28d70e1ecbda83355bd3c,1
infected,/home/farhan/my-projects/pearl/data/infected/Image_101.jpg,823f674f130a9dbc28efd8b0303491d8,1
infected,/home/farhan/my-projects/pearl/data/infected/image10199.jpg,82429f5b91a34d709506bc97d9a4d373,1
infected,/home/farhan/my-projects/pearl/data/infected/Image_351.jpg,8242a32ec46f5226f1522fc99cc04d0e,1
infected,/home/farhan/my-projects/pearl/data/infected/image12457.jpg,825d74d35e8fd2fb013c053c4e5ba0fe,1
infected,/home/farhan/my-projects/pearl/data/infected/image10924.jpg,8267c95a93625c9cc1f5e35d52c920f8,1
infected,/home/farhan/my-projects/pearl/data/infected/Image_083.jpg,826f66082daf2b5ae0f667a52068eb98,1
infected,/home/farhan/my-projects/pearl/data/infected/Image_035.jpg,82712649e1a26eb6c4402f2b926a8339,1
infected,/home/farhan/my-projects/pearl/data/infected/image11422.jpg,82743adcb22f042a2bd8bfbfbedb8c6b,1
infected,/home/farhan/my-projects/pearl/data/infected/image12388.jpg,8274b2196e8e749a3abf3db8daeb1135,1
infected,/home/farhan/my-projects/pearl/data/infected/image12906.jpg,8277149d27f0ea7b6be0b64ee91fe039,1
infected,/home/farhan/my-projects/pearl/data/infected/image10842.jpg,82862a397daaad3cf840f0b4a4292b29,1
infected,/home/farhan/my-projects/pearl/data/infected/image10204.jpg,828b087bb7b6956c06e168429f7c04f0,1
infected,/home/farhan/my-projects/pearl/data/infected/image11220.jpg,828ecda3d4191db2e40e8c090d7921a9,1
infected,/home/farhan/my-projects/pearl/data/infected/image11303.jpg,8297059c866d336fc3080e02fe7d70c8,1
infected,/home/farhan/my-projects/pearl/data/infected/image10931.jpg,829e65e5d40e3e26a67846ad9d69dd06,1
infected,/home/farhan/my-projects/pearl/data/infected/image11742.jpg,82a3382d1a93dc995486aefdc5f90c2d,1
infected,/home/farhan/my-projects/pearl/data/infected/Image_Rotate_Rotate_Right_023.jpg,82c9c3dede2217997465a8b3ace12aeb,1
infected,/home/farhan/my-projects/pearl/data/infected/image10624.jpg,82e9c7a47ea74f290b60db5536bec779,1
infected,/home/farhan/my-projects/pearl/data/infected/image13132.jpg,835abcfc77f61b1ae5d37c35e6a407dd,1
infected,/home/farhan/my-projects/pearl/data/infected/Image_Rotate_Rotate_Right_067.jpg,83641e254954baad3462fa13e0d935c3,1
infected,/home/farhan/my-projects/pearl/data/infected/image11897.jpg,836ce4b14f8e2f0807f46a61f98e6385,1
infected,/home/farhan/my-projects/pearl/data/infected/Image_Rotate_049.jpg,836e4736a909a7a0404787b5c9bdd065,1
infected,/home/farhan/my-projects/pearl/data/infected/image10175.jpg,8391a8216cd9b565166bcc65b9faba18,1
infected,/home/farhan/my-projects/pearl/data/infected/image10603.jpg,83a94d43709e1bfa801d15dcfb765686,1
infected,/home/farhan/my-projects/pearl/data/infected/image11273.jpg,83a9f9abeb4e7d1e882bb9cc1b8a81fa,1
infected,/home/farhan/my-projects/pearl/data/infected/image11870.jpg,83d1b0bd8be37692c0bfda0c6accce68,1
infected,/home/farhan/my-projects/pearl/data/infected/Image_441.jpg,83f1ef20328d716dd983e5d5e88686be,1
infected,/home/farhan/my-projects/pearl/data/infected/Image_027.jpg,84070f894b399d3aabaa12cdd5a31310,1
infected,/home/farhan/my-projects/pearl/data/infected/Image_385.jpg,8416e51096520ffa0b4f3d276fd55baa,1
infected,/home/farhan/my-projects/pearl/data/infected/image12836.jpg,8426e19429d4d53f90f9422a17d7e389,1
infected,/home/farhan/my-projects/pearl/data/infected/image11612.jpg,845ed2a49a1f1255a45e62445dd22911,1
infected,/home/farhan/my-projects/pearl/data/infected/image10794.jpg,8480fd39032efa0cd2509ecc86c8569b,1
infected,/home/farhan/my-projects/pearl/data/infected/image11905.jpg,8487a3687b9ee0e059729021782b2da5,1
infected,/home/farhan/my-projects/pearl/data/infected/Image_671.jpg,8497af978533a5c004bb0fe040624386,1
infected,/home/farhan/my-projects/pearl/data/infected/Image_1003.jpg,84a4ee0c7d01747be4e79a8ca519d277,1
infected,/home/farhan/my-projects/pearl/data/infected/image10464.jpg,84c2d1fc36036bdbd95d57f6b1750b35,1
infected,/home/farhan/my-projects/pearl/data/infected/image13124.jpg,84c564e00fbe622953f15470b265a518,1
infected,/home/farhan/my-projects/pearl/data/infected/Image_623.jpg,84ffaf3cd1ac9d253784d74c366d80ff,1
infected,/home/farhan/my-projects/pearl/data/infected/image11579.jpg,85069e9c508baad9257786281224ff07,1
infected,/home/farhan/my-projects/pearl/data/infected/Image_629.jpg,850d799d30ba8c3a05926a4da6d7b7a3,1
infected,/home/farhan/my-projects/pearl/data/infected/image11955.jpg,850f9c39211330c6a1aac4615b172098,1
infected,/home/farhan/my-projects/pearl/data/infected/image11474.jpg,8515d62925d11f8f2cf541c95f70e638,1
infected,/home/farhan/my-projects/pearl/data/infected/image10418.jpg,852f91a6f994e489b266f1566efa444c,1
infected,/home/farhan/my-projects/pearl/data/infected/image11397.jpg,85361db6fdadf9710e669964713a14c6,1
infected,/home/farhan/my-projects/pearl/data/infected/image11843.jpg,853ecd3d5527c84851b0e4138898bf74,1
infected,/home/farhan/my-projects/pearl/data/infected/image10460.jpg,8549d14865fdd48a7d2a93d0d2a5bb6a,1
infected,/home/farhan/my-projects/pearl/data/infected/image11780.jpg,85549555fe63741a20ee21e89acc926c,1
infected,/home/farhan/my-projects/pearl/data/infected/image10548.jpg,8563e613be075f15acc6d597a1e3b99c,1
infected,/home/farhan/my-projects/pearl/data/infected/image10572.jpg,857b896533269ff45c6d37940ec1f7b6,1
infected,/home/farhan/my-projects/pearl/data/infected/image12297.jpg,8587dd55f85f94d00608230d20cbaecc,1
infected,/home/farhan/my-projects/pearl/data/infected/image12937.jpg,8598a633770b03bcdbdba5646ba37610,1
infected,/home/farhan/my-projects/pearl/data/infected/Image_931.jpg,85bb897769ba43d7fdfaacd12572818a,1
infected,/home/farhan/my-projects/pearl/data/infected/image11563.jpg,85c3cb74a0b00c1528289cd06ac13e05,1
infected,/home/farhan/my-projects/pearl/data/infected/image13126.jpg,85c8cb4946b4c178f2a017ff152f0741,1
infected,/home/farhan/my-projects/pearl/data/infected/image10034.jpg,85d50d946be0d9a6c59942f41fff19f6,1
infected,/home/farhan/my-projects/pearl/data/infected/image12158.jpg,85f40b53595f2c268dcc929e3d43f66e,1
infected,/home/farhan/my-projects/pearl/data/infected/image11167.jpg,860fbb1723fda3cb535fe8395b55c352,1
infected,/home/farhan/my-projects/pearl/data/infected/image10492.jpg,86171ea22bc22d3faf69e142f017635e,1
infected,/home/farhan/my-projects/pearl/data/infected/image11218.jpg,86250a8caa3cef4330c8a83a255019b8,1
infected,/home/farhan/my-projects/pearl/data/infected/image11369.jpg,862a38d124c8e33ecce5ec33d4ff0fef,1
infected,/home/farhan/my-projects/pearl/data/infected/image13014.jpg,86498bca16a8b0d93dfe332c8544425d,1
infected,/home/farhan/my-projects/pearl/data/infected/image11621.jpg,869bf4aac7191847b5f11641559106b5,1
infected,/home/farhan/my-projects/pearl/data/infected/image10925.jpg,86b596a11668435a70537b91ffd6720d,1
infected,/home/farhan/my-projects/pearl/data/infected/image11539.jpg,86b9cf03a00d69f4688356fc92318ee4,1
infected,/home/farhan/my-projects/pearl/data/infected/Image_973.jpg,86ba082d3a2fb79538f31feca1786231,1
infected,/home/farhan/my-projects/pearl/data/infected/image10693.jpg,86c0510ccd6579edd966f66f19ee924e,1
infected,/home/farhan/my-projects/pearl/data/infected/image10005.jpg,86c96efb18b7274bd0640bc558bb4fc7,1
infected,/home/farhan/my-projects/pearl/data/infected/image10882.jpg,86f6d030ee44537303ae024fdfd505dd,1
infected,/home/farhan/my-projects/pearl/data/infected/Image_431.jpg,87024a74d37c17256d4b98ea155837d9,1
infected,/home/farhan/my-projects/pearl/data/infected/Image_713.jpg,870e64a393f130fc19a99f2a1249b598,1
infected,/home/farhan/my-projects/pearl/data/infected/Image_1021.jpg,871a7906ea9a2846c2397832772373ee,1
infected,/home/farhan/my-projects/pearl/data/infected/image12122.jpg,873dd82735b897d3cdbd0bc2b31db745,1
infected,/home/farhan/my-projects/pearl/data/infected/Image_Rotate_179.jpg,877b43ea3b4e16c2ae4ff9b42f92a4ac,1
infected,/home/farhan/my-projects/pearl/data/infected/image11147.jpg,87858e434866ffce056586a622ca9a72,1
infected,/home/farhan/my-projects/pearl/data/infected/image11478.jpg,878cfc46207351c81c678dbb2d2b0eb2,1
infected,/home/farhan/my-projects/pearl/data/infected/image10139.jpg,879945b09b30e7bcd9fed63a05a63bd8,1
infected,/home/farhan/my-projects/pearl/data/infected/image11245.jpg,87a0a96b96a884078942b17f64cd6950,1
infected,/home/farhan/my-projects/pearl/data/infected/image10806.jpg,87a1397dac862d20926b9c3fc24e0279,1
infected,/home/farhan/my-projects/pearl/data/infected/image10857.jpg,87f1ff5b0adf460968267d9c34c55a99,1
infected,/home/farhan/my-projects/pearl/data/infected/image12984.jpg,880437d98f5f9e7ae3d5814d22f4e984,1
infected,/home/farhan/my-projects/pearl/data/infected/Image_247.jpg,88112a375effc7680126360fbaeaf1e0,1
infected,/home/farhan/my-projects/pearl/data/infected/image10326.jpg,881219e4795d43c2f45b1b3c8a5bb0f2,1
infected,/home/farhan/my-projects/pearl/data/infected/image10625.jpg,8849efd82f756ed8137be5e10c9dd4c4,1
infected,/home/farhan/my-projects/pearl/data/infected/image10239.jpg,885032bcfd9cd27f2e2ebf067f669b99,1
infected,/home/farhan/my-projects/pearl/data/infected/Image_325.jpg,8896c18a1962ff83188ce66ba7cf05e2,1
infected,/home/farhan/my-projects/pearl/data/infected/image11298.jpg,88a497808818e967088d498e2381790b,1
infected,/home/farhan/my-projects/pearl/data/infected/image10164.jpg,88a95481274a8a6a8db421d50f2f0255,1
infected,/home/farhan/my-projects/pearl/data/infected/Image_141.jpg,88c13fd58b25c3c2a03d30c767567844,1
infected,/home/farhan/my-projects/pearl/data/infected/image10776.jpg,8926a27fb322875e151d48cae118b615,1
infected,/home/farhan/my-projects/pearl/data/infected/Image_725.jpg,892ddb7f1e035e5e46285476d6e07767,1
infected,/home/farhan/my-projects/pearl/data/infected/image11932.jpg,8942f0ec4f82d7526a9d0c1b62836d51,1
infected,/home/farhan/my-projects/pearl/data/infected/Image_347.jpg,898b079c8c4d5fa63db429a6d922a578,1
infected,/home/farhan/my-projects/pearl/data/infected/Image_resize_079.jpg,898e17b5e393944f6f9f63c29bd999be,1
infected,/home/farhan/my-projects/pearl/data/infected/image13094.jpg,8994e743603c397cbff667a95cfb30f4,1
infected,/home/farhan/my-projects/pearl/data/infected/Image_753.jpg,89a089c936b421cee3df81365ebfbb35,1
infected,/home/farhan/my-projects/pearl/data/infected/image10816.jpg,89b985f70faecb7919ad86fd2f3320cc,1
infected,/home/farhan/my-projects/pearl/data/infected/Image_005.jpg,89cf47a653a720f13b084ca778c62088,1
infected,/home/farhan/my-projects/pearl/data/infected/Image_113.jpg,89d9a453407feee01bf1ca2f978efb92,1
infected,/home/farhan/my-projects/pearl/data/infected/image11502.jpg,89e72b2e2d795a5dfbee2cc3a6c3333b,1
infected,/home/farhan/my-projects/pearl/data/infected/image10264.jpg,89f5f15e45d3f9b4c2225951c266a4d8,1
infected,/home/farhan/my-projects/pearl/data/infected/Image_395.jpg,8a77fc0a493dd14dd8394d6185367b58,1
infected,/home/farhan/my-projects/pearl/data/infected/image11569.jpg,8a9e62241a6d9f3e9ba3ab8e7bb2e889,1
infected,/home/farhan/my-projects/pearl/data/infected/image10415.jpg,8aad6df3832f3249e8da17bfcb58262e,1
infected,/home/farhan/my-projects/pearl/data/infected/Image_resize_119.jpg,8acac9512cc5a9cf3f69785fd8a7f99c,1
infected,/home/farhan/my-projects/pearl/data/infected/image11409.jpg,8ad55c255017189274586c4857942d66,1
infected,/home/farhan/my-projects/pearl/data/infected/image13161.jpg,8b051be1898d1c688a86308315c3143d,1
infected,/home/farhan/my-projects/pearl/data/infected/image12905.jpg,8b0a1094087aaadef9cc7898d09776b6,1
infected,/home/farhan/my-projects/pearl/data/infected/Image_355.jpg,8b1c3983a08b1cff7cf12564236f6157,1
infected,/home/farhan/my-projects/pearl/data/infected/image11663.jpg,8b24234269e8a3fd38c192633786cd2c,1
infected,/home/farhan/my-projects/pearl/data/infected/image11453.jpg,8b2aa1e7a6166a25ca0870e25e2c53a7,1
infected,/home/farhan/my-projects/pearl/data/infected/image10484.jpg,8b2d498c0daea0032e26e9b7c7ba6517,1
infected,/home/farhan/my-projects/pearl/data/infected/Image_resize_109.jpg,8b2f639a7901e05f654255e82a57936c,1
infected,/home/farhan/my-projects/pearl/data/infected/Image_Rotate_Rotate_Right_079.jpg,8b61ee78c3b8ec2091b2f0e17e54834b,1
infected,/home/farhan/my-projects/pearl/data/infected/image10178.jpg,8b65f7c2377db912c2e69643f1f2c1e3,1
infected,/home/farhan/my-projects/pearl/data/infected/image10160.jpg,8b82539f6f4ef89210f76a699829cd93,1
infected,/home/farhan/my-projects/pearl/data/infected/Image_153.jpg,8b8f09bd6d03d461ace2b193f07baa4f,1
infected,/home/farhan/my-projects/pearl/data/infected/Image_631.jpg,8bd0a41bd0425794e1f697d46cdbb0bd,1
infected,/home/farhan/my-projects/pearl/data/infected/image10854.jpg,8bedb588fa9a2e37a1f61711fc3aae09,1
infected,/home/farhan/my-projects/pearl/data/infected/image10201.jpg,8c029ccf064cc7715d346a2141d81e0b,1
infected,/home/farhan/my-projects/pearl/data/infected/Image_Rotate_Rotate_Right_071.jpg,8c11f2a26a1d19264dce7123b4a2bf4f,1
infected,/home/farhan/my-projects/pearl/data/infected/image11522.jpg,8c17b94525ea3e9072bc1edb174c9fc3,1
infected,/home/farhan/my-projects/pearl/data/infected/image12287.jpg,8c1c3e63042da1bd9aba13d30c9d541b,1
infected,/home/farhan/my-projects/pearl/data/infected/Image_Rotate_131.jpg,8c272484861ba4ab2e08116c7e6357f1,1
infected,/home/farhan/my-projects/pearl/data/infected/image12491.jpg,8c2f7c6052702de79f3cb47e8251cdc8,1
infected,/home/farhan/my-projects/pearl/data/infected/image12097.jpg,8c335ee3137b5ea5e0cbebd397617a0d,1
infected,/home/farhan/my-projects/pearl/data/infected/image10722.jpg,8c346ed63391564186421aac8b350f59,1
infected,/home/farhan/my-projects/pearl/data/infected/Image_Rotate_011.jpg,8c471124aeea73cb3214b526f1f89d62,1
infected,/home/farhan/my-projects/pearl/data/infected/image11448.jpg,8c6ee7b1e2a178c1b964dabf49ff4138,1
infected,/home/farhan/my-projects/pearl/data/infected/image10820.jpg,8c783f39f04266117a27a9dd3e8eeb42,1
infected,/home/farhan/my-projects/pearl/data/infected/image12511.jpg,8c8f93b576615a738b091a5145d22a44,1
infected,/home/farhan/my-projects/pearl/data/infected/image12055.jpg,8c95e59e61de242e507f4a52e7c0240f,1
infected,/home/farhan/my-projects/pearl/data/infected/image10851.jpg,8ce0281c20eca82db0682a0a8cfb0ff4,1
infected,/home/farhan/my-projects/pearl/data/infected/image11547.jpg,8cfaf3952cecb9648e48992ceb6c5281,1
infected,/home/farhan/my-projects/pearl/data/infected/image10664.jpg,8d0729c3040ea485c6195f3d87b43795,1
infected,/home/farhan/my-projects/pearl/data/infected/Image_641.jpg,8d4724985fe2417ebeeff7a00e9d43b1,1
infected,/home/farhan/my-projects/pearl/data/infected/Image_Rotate_Rotate_Right_017.jpg,8d51b469a96a8e6cd72acc02be1719ef,1
infected,/home/farhan/my-projects/pearl/data/infected/image12513.jpg,8d63ed8887a2945a563712698ea5a75d,1
infected,/home/farhan/my-projects/pearl/data/infected/image12111.jpg,8d838f7e53e021687706952786496a79,1
infected,/home/farhan/my-projects/pearl/data/infected/image10798.jpg,8d8d10eb3d0c2517d03353d846a780b8,1
infected,/home/farhan/my-projects/pearl/data/infected/image10566.jpg,8d8efcc641f51790b5d2f03a850ff48a,1
infected,/home/farhan/my-projects/pearl/data/infected/image11815.jpg,8daae7cea14ed4be86c9782e67e3948a,1
infected,/home/farhan/my-projects/pearl/data/infected/Image_773.jpg,8dc503596b619f38eb9398d6df5fa38f,1
infected,/home/farhan/my-projects/pearl/data/infected/Image_1023.jpg,8dc9acd28b3cd510b35d2aab3bab7873,1
infected,/home/farhan/my-projects/pearl/data/infected/image10119.jpg,8dd11a5f98cd4961b60ccbab145fb2cc,1
infected,/home/farhan/my-projects/pearl/data/infected/image11809.jpg,8deb2c125aa4463eca398d49d46e2424,1
infected,/home/farhan/my-projects/pearl/data/infected/Image_Rotate_059.jpg,8deb8a9ba19098e7408bc8de93019d2a,1
infected,/home/farhan/my-projects/pearl/data/infected/image10056.jpg,8e01da4934d66a5b5fe2d24575780043,1
infected,/home/farhan/my-projects/pearl/data/infected/image12174.jpg,8e1ecb8af315df9634631bfade659e2f,1
infected,/home/farhan/my-projects/pearl/data/infected/Image_Rotate_Rotate_Right_329.jpg,8e20eac7c500dc59eb1327c9b98ef6f3,1
infected,/home/farhan/my-projects/pearl/data/infected/image11653.jpg,8e216fc304d3e2909edaf2e9eb276d9e,1
infected,/home/farhan/my-projects/pearl/data/infected/image12291.jpg,8e45fad269e6559225e3adfe1ca444ca,1
infected,/home/farhan/my-projects/pearl/data/infected/image10471.jpg,8e5be53e1e7a00141fca0f86817ba51e,1
infected,/home/farhan/my-projects/pearl/data/infected/image11804.jpg,8e65010b01fe13b4268ea7d0bd0f7168,1
infected,/home/farhan/my-projects/pearl/data/infected/image11379.jpg,8e6569a186335e97777af543b1ba7c46,1
infected,/home/farhan/my-projects/pearl/data/infected/image10198.jpg,8ec2fad516218d8f9f46e8961018f7ce,1
infected,/home/farhan/my-projects/pearl/data/infected/image11690.jpg,8ecfd61bd4f39f0473aa70d42440cae1,1
infected,/home/farhan/my-projects/pearl/data/infected/Image_595.jpg,8ed76d834e972772ed070611ebcca8f0,1
infected,/home/farhan/my-projects/pearl/data/infected/image12439.jpg,8ed80a3f9828a06b484600cd1859a5f2,1
infected,/home/farhan/my-projects/pearl/data/infected/Image_099.jpg,8ee6b058c4e0cf6dc3b8bf858360b3b7,1
infected,/home/farhan/my-projects/pearl/data/infected/image11587.jpg,8ee7a4e6b61c4a2329602d3447a320cb,1
infected,/home/farhan/my-projects/pearl/data/infected/image10338.jpg,8efeff2ae29301ea27dab69e79626bcc,1
infected,/home/farhan/my-projects/pearl/data/infected/image10615.jpg,8f0f3adf6f5e8877a57c4e343cff6323,1
infected,/home/farhan/my-projects/pearl/data/infected/image12019.jpg,8f12530e74c63113ed6d818f57783592,1
infected,/home/farhan/my-projects/pearl/data/infected/image12125.jpg,8f137ab6bc0d73b1790571ff4648eb4c,1
infected,/home/farhan/my-projects/pearl/data/infected/image11923.jpg,8f14df82330e10465d14b4c4e3f7669c,1
infected,/home/farhan/my-projects/pearl/data/infected/Image_757.jpg,8f2f023f99fd60394dfc9c895000ad30,1
infected,/home/farhan/my-projects/pearl/data/infected/Image_021.jpg,8f4a98686db4ecc35dcc5e162874bbc7,1
infected,/home/farhan/my-projects/pearl/data/infected/Image_resize_137.jpg,8f5f8d1a16c173ccbb7df15dc11f7180,1
infected,/home/farhan/my-projects/pearl/data/infected/image12288.jpg,8f750792c21f7c3de4c0fe3c489ec1d9,1
infected,/home/farhan/my-projects/pearl/data/infected/image10329.jpg,8f936a7aa924b6d186cf2755291cd825,1
infected,/home/farhan/my-projects/pearl/data/infected/Image_253.jpg,8fc4e2cbfa2e8c4847172017a6efc195,1
infected,/home/farhan/my-projects/pearl/data/infected/Image_321.jpg,8ffcb8ca41a1a6906dfa1c2a01964ac2,1
infected,/home/farhan/my-projects/pearl/data/infected/image10636.jpg,9004ec5df1f3fcf3441b6a46ba169ac7,1
infected,/home/farhan/my-projects/pearl/data/infected/image10163.jpg,90261e17672bad7698a69c800339189c,1
infected,/home/farhan/my-projects/pearl/data/infected/image12088.jpg,9037c5a4132d9252d39009827a289457,1
infected,/home/farhan/my-projects/pearl/data/infected/Image_Rotate_Rotate_Right_137.jpg,9041ecc27556b4b1af8a1d74aae967f1,1
infected,/home/farhan/my-projects/pearl/data/infected/image11404.jpg,906db12c029827da337f371856562c72,1
infected,/home/farhan/my-projects/pearl/data/infected/image11528.jpg,9072ff078039ed640339740244a5a8b6,1
infected,/home/farhan/my-projects/pearl/data/infected/Image_339.jpg,90a9b47b800d668f43dda35aca4b7dd8,1
infected,/home/farhan/my-projects/pearl/data/infected/Image_915.jpg,90b3a50957737fd7dee02b7f58d921e8,1
infected,/home/farhan/my-projects/pearl/data/infected/image11767.jpg,90caa67afdbc2011fcf889eab0ad9fe6,1
infected,/home/farhan/my-projects/pearl/data/infected/Image_Rotate_Rotate_Right_251.jpg,90e4fb83bef43b3b49dfb60c4d93388b,1
infected,/home/farhan/my-projects/pearl/data/infected/image11363.jpg,90fdc487dade10153907762ecd5aa23b,1
infected,/home/farhan/my-projects/pearl/data/infected/image11617.jpg,91063934401026c3099ae1562d287c6f,1
infected,/home/farhan/my-projects/pearl/data/infected/image12376.jpg,911a48cd97a5b9f55d621eeab560d614,1
infected,/home/farhan/my-projects/pearl/data/infected/image13089.jpg,913652b763e597be1e6f5fa6da1de94e,1
infected,/home/farhan/my-projects/pearl/data/infected/image11362.jpg,914dc26c546cc893cf53b1952b71ca6b,1
infected,/home/farhan/my-projects/pearl/data/infected/image11765.jpg,91883572fe087566aa7078bc3345b560,1
infected,/home/farhan/my-projects/pearl/data/infected/image11146.jpg,918d654369b46f014d6d4d9ce35b1434,1
infected,/home/farhan/my-projects/pearl/data/infected/image10235.jpg,91a1be87a50f02134e8f4eb4c133a2f6,1
infected,/home/farhan/my-projects/pearl/data/infected/image10251.jpg,91bc73cf87f4b980e7ab2833e03454b4,1
infected,/home/farhan/my-projects/pearl/data/infected/Image_Rotate_Rotate_Right_003.jpg,91c0c8bc5d37122eb4bd092c8baac69e,1
infected,/home/farhan/my-projects/pearl/data/infected/image11811.jpg,91c4d2bb510adbea9b3668dc2db119ea,1
infected,/home/farhan/my-projects/pearl/data/infected/image11570.jpg,91cc76f6758b5daa31041b460f289a03,1
infected,/home/farhan/my-projects/pearl/data/infected/Image_Rotate_063.jpg,91da5ae767bac825ff6b1ab717f9e42f,1
infected,/home/farhan/my-projects/pearl/data/infected/image11651.jpg,91e4466256e098c4c19203654dfcb3cf,1
infected,/home/farhan/my-projects/pearl/data/infected/image12050.jpg,92070bae2cb3ca54a5d875ccf3df645e,1
infected,/home/farhan/my-projects/pearl/data/infected/Image_659.jpg,9211258eb45b8a35b0bd0b974321ddf8,1
infected,/home/farhan/my-projects/pearl/data/infected/Image_Rotate_Rotate_Right_277.jpg,9212b23c0ed59269e928fe15d6e6a1a8,1
infected,/home/farhan/my-projects/pearl/data/infected/image12024.jpg,9232f8dc9cb11c7c27686415df9a92be,1
infected,/home/farhan/my-projects/pearl/data/infected/image11749.jpg,923959c457de91ec6915b9466715f62f,1
infected,/home/farhan/my-projects/pearl/data/infected/image10309.jpg,924474545bc2b9db9ad72656b8bcd417,1
infected,/home/farhan/my-projects/pearl/data/infected/image10066.jpg,924a7489acd5c3a608fbb38396de883d,1
infected,/home/farhan/my-projects/pearl/data/infected/Image_Rotate_Rotate_Right_309.jpg,924d996f424bb27bffdd2de89cb4189a,1
infected,/home/farhan/my-projects/pearl/data/infected/image11627.jpg,927650c266916ee7fc2ae7ed2409c372,1
infected,/home/farhan/my-projects/pearl/data/infected/image11775.jpg,929501ded6a3cbd82367e27d1b552b36,1
infected,/home/farhan/my-projects/pearl/data/infected/image11185.jpg,92c3da1e3784957aa7119057c9a601f4,1
infected,/home/farhan/my-projects/pearl/data/infected/image12034.jpg,92c499c0124ad4b858b6b9eb317c69ed,1
infected,/home/farhan/my-projects/pearl/data/infected/image10331.jpg,92f7f18c9b394dba3697d2d221353e35,1
infected,/home/farhan/my-projects/pearl/data/infected/image10550.jpg,92f9348a7cb5f035bb1e698d6c85e8a0,1
infected,/home/farhan/my-projects/pearl/data/infected/image10070.jpg,93009a0d336ef7a5e4e85dfa098efb67,1
infected,/home/farhan/my-projects/pearl/data/infected/image12837.jpg,9310933805ba2243eae6395bae4b586a,1
infected,/home/farhan/my-projects/pearl/data/infected/image11990.jpg,931d86f57ee92860cbcd0d3054efcd55,1
infected,/home/farhan/my-projects/pearl/data/infected/image11625.jpg,933073f056bcc7efc55e8459e60ab9f8,1
infected,/home/farhan/my-projects/pearl/data/infected/image12803.jpg,934dc5b43a78faf45033836920fe28b1,1
infected,/home/farhan/my-projects/pearl/data/infected/image13036.jpg,936864cef310912c595197a54768bb9c,1
infected,/home/farhan/my-projects/pearl/data/infected/image12807.jpg,936d16880b0171a1d8c803c4045f5e66,1
infected,/home/farhan/my-projects/pearl/data/infected/image10552.jpg,937ac335ae4ce368421cf54806e9f612,1
infected,/home/farhan/my-projects/pearl/data/infected/image10895.jpg,937d519da6f9f8a315fb030393468780,1
infected,/home/farhan/my-projects/pearl/data/infected/image10491.jpg,939896b279536e29bad6e0a49854fb45,1
infected,/home/farhan/my-projects/pearl/data/infected/image10674.jpg,939a9c99626a5e66656e49c6dfd0f0cd,1
infected,/home/farhan/my-projects/pearl/data/infected/image10508.jpg,93b84df6d0fc044443e4d6006964b43b,1
infected,/home/farhan/my-projects/pearl/data/infected/image12173.jpg,93c805166988aa732fb3c11581213712,1
infected,/home/farhan/my-projects/pearl/data/infected/image12500.jpg,93cf1be90298ddc4aeb48c13f802f32b,1
infected,/home/farhan/my-projects/pearl/data/infected/image10188.jpg,93d3c73f53b71df7c514a8e7bc4d66aa,1
infected,/home/farhan/my-projects/pearl/data/infected/image12865.jpg,93d6a6a5d68b10a2b95b0f2f40be83ec,1
infected,/home/farhan/my-projects/pearl/data/infected/Image_resize_163.jpg,93d7e8b244fb66eea8a007a4e3d02d0a,1
infected,/home/farhan/my-projects/pearl/data/infected/Image_927.jpg,940b3191edaf0c797dba1faa9ff58679,1
infected,/home/farhan/my-projects/pearl/data/infected/image10560.jpg,940ba2f9473c07e1925740eb3b2d55ca,1
infected,/home/farhan/my-projects/pearl/data/infected/image10126.jpg,9465040ef43ad97f85326db018a81d8f,1
infected,/home/farhan/my-projects/pearl/data/infected/image11712.jpg,9473ab06cb6cbcdf142809901fa59f06,1
infected,/home/farhan/my-projects/pearl/data/infected/image12792.jpg,9485c719889b4cfe6eb960a6b1baba0a,1
infected,/home/farhan/my-projects/pearl/data/infected/image12571.jpg,9486f4af7450ead544ca0d5e6c63b35d,1
infected,/home/farhan/my-projects/pearl/data/infected/image11735.jpg,94934d1945082747d555a1110a5e3bb8,1
infected,/home/farhan/my-projects/pearl/data/infected/Image_resize_091.jpg,94986ffc03ef7842dcc540b27fe8ad76,1
infected,/home/farhan/my-projects/pearl/data/infected/image10463.jpg,94ac70baa8627d6045f7e2819d17b475,1
infected,/home/farhan/my-projects/pearl/data/infected/image10000.jpg,94b2e3703d3e12c69859f99c4556f4f0,1
infected,/home/farhan/my-projects/pearl/data/infected/image11394.jpg,94beca7e2090dd41d4d5b13a7768b58a,1
infected,/home/farhan/my-projects/pearl/data/infected/Image_Rotate_Rotate_Right_257.jpg,94f749696475b7d32e48f4e8ccb50a8b,1
infected,/home/farhan/my-projects/pearl/data/infected/Image_505.jpg,94ff54c1e435c6269e9ee2ab5ba01fef,1
infected,/home/farhan/my-projects/pearl/data/infected/image13134.jpg,95218df0084a2fb62a71aad690b2bc69,1
infected,/home/farhan/my-projects/pearl/data/infected/Image_407.jpg,9524e3d52ba7e399be51a6e71e29d709,1
infected,/home/farhan/my-projects/pearl/data/infected/image12746.jpg,9541db4f0c174b463ec54baa63c38353,1
infected,/home/farhan/my-projects/pearl/data/infected/image10669.jpg,9547f7d00b4dea50e10936577458b50a,1
infected,/home/farhan/my-projects/pearl/data/infected/image11774.jpg,955ce7c581e8d04fbbe1293a93d53758,1
infected,/home/farhan/my-projects/pearl/data/infected/image12524.jpg,9571d9b3bf405689d925cf61a18d81e4,1
infected,/home/farhan/my-projects/pearl/data/infected/image10167.jpg,959182573de8cdf2024210aa1a3e1704,1
infected,/home/farhan/my-projects/pearl/data/infected/Image_007.jpg,9598ee96d649e2951fba39b41de979de,1
infected,/home/farhan/my-projects/pearl/data/infected/image10799.jpg,95abc95281ca5f31f8b80493bd3a74b8,1
infected,/home/farhan/my-projects/pearl/data/infected/image11867.jpg,95b028639e26eaa3f30aa72baa563881,1
infected,/home/farhan/my-projects/pearl/data/infected/image10707.jpg,95b60536e5a1edd4f8a96914e0b75080,1
infected,/home/farhan/my-projects/pearl/data/infected/image10737.jpg,95b779d1eb78c5a62c0a87085ae16e26,1
infected,/home/farhan/my-projects/pearl/data/infected/image11473.jpg,95dd9c59f3bd48bb8a4351aa2c6ecde8,1
infected,/home/farhan/my-projects/pearl/data/infected/image11779.jpg,95e6879028c29d22db739afab9f0153d,1
infected,/home/farhan/my-projects/pearl/data/infected/image11656.jpg,960354537a8b0b6b60a5e1a822b14dde,1
infected,/home/farhan/my-projects/pearl/data/infected/image11462.jpg,962d883c7138eea74e6c281f2f983df4,1
infected,/home/farhan/my-projects/pearl/data/infected/Image_Rotate_Rotate_Right_153.jpg,962e2e272a83adbb2a15f86ea086dfd2,1
infected,/home/farhan/my-projects/pearl/data/infected/Image_233.jpg,964a0274a3530ec215b00fb81bb06918,1
infected,/home/farhan/my-projects/pearl/data/infected/image13092.jpg,966c7a05b26c07035c3350b0b861d48b,1
infected,/home/farhan/my-projects/pearl/data/infected/image10822.jpg,9681e8c64b877f2a321d8b0a570451ae,1
infected,/home/farhan/my-projects/pearl/data/infected/image10299.jpg,96a6406c9a8a98caa4ecb10bea95038f,1
infected,/home/farhan/my-projects/pearl/data/infected/image11186.jpg,96a697d9c9fa66914d34923767cb376d,1
infected,/home/farhan/my-projects/pearl/data/infected/image10372.jpg,96acd6ab770f39a0020891abea3bdca4,1
infected,/home/farhan/my-projects/pearl/data/infected/Image_1009.jpg,96b2b970f921a7b9a6f7042a47eb0799,1
infected,/home/farhan/my-projects/pearl/data/infected/Image_651.jpg,96bb075e3017dcbcf4633a8a16f15815,1
infected,/home/farhan/my-projects/pearl/data/infected/image10220.jpg,96c3f423ff9d9697932e4362c9b38573,1
infected,/home/farhan/my-projects/pearl/data/infected/image11175.jpg,96cb2c7e792dc3a488681a46a6b779d0,1
infected,/home/farhan/my-projects/pearl/data/infected/image12935.jpg,96cb657d6c60e3396521c47e316896e1,1
infected,/home/farhan/my-projects/pearl/data/infected/image10901.jpg,96e1ff4c793b71d10fb5b9c38cf8dc32,1
infected,/home/farhan/my-projects/pearl/data/infected/image11782.jpg,96f57e5bef005c77eac693e89431918e,1
infected,/home/farhan/my-projects/pearl/data/infected/Image_Rotate_191.jpg,971e804a74a75fbb61c86e6bde33bbaa,1
infected,/home/farhan/my-projects/pearl/data/infected/image10500.jpg,9727bbf8b35abb0867f7918cee5b29aa,1
infected,/home/farhan/my-projects/pearl/data/infected/Image_Rotate_Rotate_Right_249.jpg,974ab07a7673282eb7b3fdb025b14c8c,1
infected,/home/farhan/my-projects/pearl/data/infected/image13147.jpg,977adac0da55d487f6f69e2e3476bcdc,1
infected,/home/farhan/my-projects/pearl/data/infected/image10016.jpg,97a4de91246ab6cbd8aa553213368770,1
infected,/home/farhan/my-projects/pearl/data/infected/Image_835.jpg,97baab0890d1b9ee122a0d6eadc407da,1
infected,/home/farhan/my-projects/pearl/data/infected/image10140.jpg,97d696214d465fbb00a245f2534918f5,1
infected,/home/farhan/my-projects/pearl/data/infected/image10283.jpg,97ef390b0472aa2717930ad25b00179e,1
infected,/home/farhan/my-projects/pearl/data/infected/Image_Rotate_155.jpg,98027cd7a135e9a2002dbe5c229e458a,1
infected,/home/farhan/my-projects/pearl/data/infected/image10577.jpg,9803b96d977e5971a43be5bafa8feafc,1
infected,/home/farhan/my-projects/pearl/data/infected/image10141.jpg,981a6c7771fd902c94c7956b42e44ca4,1
infected,/home/farhan/my-projects/pearl/data/infected/image11206.jpg,98699ebb83b94116f09e76a4df4632c2,1
infected,/home/farhan/my-projects/pearl/data/infected/image10609.jpg,9873be79b8b6f489124e1d9222d6efae,1
infected,/home/farhan/my-projects/pearl/data/infected/Image_515.jpg,98a2c3234fbfbc13dfad0d63c40b8257,1
infected,/home/farhan/my-projects/pearl/data/infected/image10026.jpg,98a5e13c29f5bcc5f0e09e3c0774e175,1
infected,/home/farhan/my-projects/pearl/data/infected/Image_resize_097.jpg,98e62875d9c3ed5f1cccc2946edde769,1
infected,/home/farhan/my-projects/pearl/data/infected/image10753.jpg,98f5d1774930736e175e923c9ed8fadd,1
infected,/home/farhan/my-projects/pearl/data/infected/image10353.jpg,992b865f3f83181f74b9c7f7a2cda9c5,1
infected,/home/farhan/my-projects/pearl/data/infected/Image_Rotate_Rotate_Right_083.jpg,9932abfd5e3b688e5e6a27ef1273a9cf,1
infected,/home/farhan/my-projects/pearl/data/infected/Image_353.jpg,99360198335002ca893e380d38845af8,1
infected,/home/farhan/my-projects/pearl/data/infected/Image_resize_139.jpg,9938bebf34d797bc1d35b626bb9de1f4,1
infected,/home/farhan/my-projects/pearl/data/infected/image11984.jpg,99418316cd1e0b4b0f088292b458bfa4,1
infected,/home/farhan/my-projects/pearl/data/infected/image12059.jpg,995162421f032df56fa4cca29fcbb598,1
infected,/home/farhan/my-projects/pearl/data/infected/image10593.jpg,99774b3f41d0526587a33ac0739c6e16,1
infected,/home/farhan/my-projects/pearl/data/infected/image12081.jpg,99899b9b0a134dc42a22a8e2ff4cecf1,1
infected,/home/farhan/my-projects/pearl/data/infected/image12038.jpg,998eec19fd3f03c17c34564fed4d8e94,1
infected,/home/farhan/my-projects/pearl/data/infected/Image_677.jpg,999d89a9724b7ccaaca379bc32feadfa,1
infected,/home/farhan/my-projects/pearl/data/infected/Image_Rotate_Rotate_Right_335.jpg,99c3259038c377e00d67270d6d98f3e5,1
infected,/home/farhan/my-projects/pearl/data/infected/image10122.jpg,99cd3c510d4592f2abb7a821193b42df,1
infected,/home/farhan/my-projects/pearl/data/infected/Image_227.jpg,99d3c115de72b74a160d8192241a454c,1
infected,/home/farhan/my-projects/pearl/data/infected/Image_resize_177.jpg,99d56a2926574f6c30b982a1e5484574,1
infected,/home/farhan/my-projects/pearl/data/infected/Image_resize_029.jpg,99d66a0a75a0b0554d2f28bb16919566,1
infected,/home/farhan/my-projects/pearl/data/infected/Image_Rotate_067.jpg,99ec50ed15bf076a43ee67f1514a9127,1
infected,/home/farhan/my-projects/pearl/data/infected/image13017.jpg,99f88d0e747c6078262cb80c0c18bb96,1
infected,/home/farhan/my-projects/pearl/data/infected/image11483.jpg,99fd7460a630f3987a81de6c8949c10e,1
infected,/home/farhan/my-projects/pearl/data/infected/Image_863.jpg,99fe1fe3f918e2d06d59089ad7833203,1
infected,/home/farhan/my-projects/pearl/data/infected/Image_557.jpg,9a0b1c42fa5a3dcd0a304d43b1b0c944,1
infected,/home/farhan/my-projects/pearl/data/infected/Image_057.jpg,9a1189ef98ef26ea1ceb9ce285113f65,1
infected,/home/farhan/my-projects/pearl/data/infected/Image_Rotate_139.jpg,9a1633ca0cc95a235e3c20000320cdea,1
infected,/home/farhan/my-projects/pearl/data/infected/Image_Rotate_Rotate_Right_273.jpg,9a1ed984210795c883ea278b60897972,1
infected,/home/farhan/my-projects/pearl/data/infected/image11823.jpg,9a26af8dde822238b77984c57869120b,1
infected,/home/farhan/my-projects/pearl/data/infected/Image_375.jpg,9a2c28c651a294d7f7eaf4626ee967bc,1
infected,/home/farhan/my-projects/pearl/data/infected/Image_Rotate_Rotate_Right_157.jpg,9a301bcdecb8e5316624c3a39f3266f5,1
infected,/home/farhan/my-projects/pearl/data/infected/image10273.jpg,9a49d055c56ddae0d6c4adfb890f8f89,1
infected,/home/farhan/my-projects/pearl/data/infected/image10179.jpg,9a4d4059ad62f863374091261547f6b2,1
infected,/home/farhan/my-projects/pearl/data/infected/image10683.jpg,9a68f2281d37498c928b8ee3198876af,1
infected,/home/farhan/my-projects/pearl/data/infected/image10205.jpg,9a6cacbbda136c1cc1412a0f43b8a6c0,1
infected,/home/farhan/my-projects/pearl/data/infected/image10582.jpg,9a706a7db3ca804192e36f88500b576a,1
infected,/home/farhan/my-projects/pearl/data/infected/image11922.jpg,9a80f98e7e39aea82ca53d30320b1acb,1
infected,/home/farhan/my-projects/pearl/data/infected/Image_Rotate_031.jpg,9a9d359d35acd64129650f6c96050ffe,1
infected,/home/farhan/my-projects/pearl/data/infected/Image_Rotate_Rotate_Right_259.jpg,9ab02e2aa5cf9198a395fba97c761500,1
infected,/home/farhan/my-projects/pearl/data/infected/image11573.jpg,9ac4edd9cb9bb3e8263d536722c4e4c7,1
infected,/home/farhan/my-projects/pearl/data/infected/image11150.jpg,9ad9c801b8bd30dbc25f448293bf9df8,1
infected,/home/farhan/my-projects/pearl/data/infected/image12732.jpg,9ae3c239d9f0ee03ba202fcaec7936ba,1
infected,/home/farhan/my-projects/pearl/data/infected/image11333.jpg,9aff10b1882eec1a3cace662e9a5c40c,1
infected,/home/farhan/my-projects/pearl/data/infected/image10682.jpg,9b3348864d9473022f665de6fd6e49a5,1
infected,/home/farhan/my-projects/pearl/data/infected/Image_Rotate_Rotate_Right_183.jpg,9b3bd2e08e7e3f65345483e3048b3e0e,1
infected,/home/farhan/my-projects/pearl/data/infected/image10723.jpg,9b3cc0580aacf0080fbdd2a00683f6b3,1
infected,/home/farhan/my-projects/pearl/data/infected/image12313.jpg,9b6d7acf297b6bd0640922e2f90fd82f,1
infected,/home/farhan/my-projects/pearl/data/infected/image10489.jpg,9b71b27c1882c87e6dcbbef977e69193,1
infected,/home/farhan/my-projects/pearl/data/infected/Image_363.jpg,9b7a5c3caaf9dd1fd08b49498c768023,1
infected,/home/farhan/my-projects/pearl/data/infected/Image_Rotate_Rotate_Right_039.jpg,9b864c108ea47a69d11dec458f8573cd,1
infected,/home/farhan/my-projects/pearl/data/infected/image13095.jpg,9bb8a55bc50a71e41843c64ca33d6878,1
infected,/home/farhan/my-projects/pearl/data/infected/image11197.jpg,9bcabb4fa708aee7b7853f9348571571,1
infected,/home/farhan/my-projects/pearl/data/infected/image10116.jpg,9bce1485f73e970400fd16499d6cae7b,1
infected,/home/farhan/my-projects/pearl/data/infected/Image_645.jpg,9bfa01f0bf542d4ae525f50e7427909d,1
infected,/home/farhan/my-projects/pearl/data/infected/image11847.jpg,9bfafb15e748094dc338a3de73d62f13,1
infected,/home/farhan/my-projects/pearl/data/infected/Image_resize_037.jpg,9c37c0839673fa789b90cd212e65ca56,1
infected,/home/farhan/my-projects/pearl/data/infected/image11353.jpg,9c39ce71d03b3eb42f24e01d49105af3,1
infected,/home/farhan/my-projects/pearl/data/infected/image12542.jpg,9c56c1a80b271d8cbb48e9eda1e46bba,1
infected,/home/farhan/my-projects/pearl/data/infected/Image_417.jpg,9c5b050068b6fbff55629f07cd649faa,1
infected,/home/farhan/my-projects/pearl/data/infected/image10530.jpg,9c5d735c0e6b1a316d8fde70cd15783d,1
infected,/home/farhan/my-projects/pearl/data/infected/image11948.jpg,9c8234cb01aeda7f26ea655c8fa162a4,1
infected,/home/farhan/my-projects/pearl/data/infected/image13068.jpg,9cade71bcc6503ed66e94fe48b82e191,1
infected,/home/farhan/my-projects/pearl/data/infected/Image_resize_083.jpg,9cb3360a3e007ae8f523ec4841d0aafa,1
infected,/home/farhan/my-projects/pearl/data/infected/Image_063.jpg,9cb9ed4a8890418759ca8a06aca89400,1
infected,/home/farhan/my-projects/pearl/data/infected/image10700.jpg,9cd15e386efd221d33766105d172b5d5,1
infected,/home/farhan/my-projects/pearl/data/infected/image10929.jpg,9cd4a5ecf871257756d22c676713b167,1
infected,/home/farhan/my-projects/pearl/data/infected/image12166.jpg,9cd6e5c9aaf85916af27cb071f5ac654,1
infected,/home/farhan/my-projects/pearl/data/infected/image10202.jpg,9d113313f9f60af99cbc90728ba30b13,1
infected,/home/farhan/my-projects/pearl/data/infected/Image_689.jpg,9d2c9dbf9771f434a0d4a9d0454a0ef8,1
infected,/home/farhan/my-projects/pearl/data/infected/Image_resize_185.jpg,9d2fd515b4421fd3fb970e350d660236,1
infected,/home/farhan/my-projects/pearl/data/infected/image10133.jpg,9d3cc1cdfcd292188b6ec571d6100ee8,1
infected,/home/farhan/my-projects/pearl/data/infected/Image_Rotate_Rotate_Right_333.jpg,9d4478ca5100d56215011fbd82e77d7c,1
infected,/home/farhan/my-projects/pearl/data/infected/Image_Rotate_135.jpg,9d52ea11c4f392e93c728fd5dfb2a6e0,1
infected,/home/farhan/my-projects/pearl/data/infected/image10161.jpg,9d769d2b04e24881c78ccf6dd27d2562,1
infected,/home/farhan/my-projects/pearl/data/infected/image10358.jpg,9db1a27c6cb0d447df3415b971484535,1
infected,/home/farhan/my-projects/pearl/data/infected/image12852.jpg,9dcc612cd2832b44eac362dcf24c22d8,1
infected,/home/farhan/my-projects/pearl/data/infected/Image_Rotate_Rotate_Right_349.jpg,9dd375bd6964d1b0563b0208205a947d,1
infected,/home/farhan/my-projects/pearl/data/infected/image10648.jpg,9df5f8cb99ab3c3e29754c6b68d0e825,1
infected,/home/farhan/my-projects/pearl/data/infected/image10200.jpg,9e423b662e3846af0d9a4d4f8fa2678a,1
infected,/home/farhan/my-projects/pearl/data/infected/image10279.jpg,9e6c89b50fb9ab85f4033ed90dd0028d,1
infected,/home/farhan/my-projects/pearl/data/infected/Image_Rotate_Rotate_Right_205.jpg,9ea5b7d228f2aad343ab1cf869dd3a07,1
infected,/home/farhan/my-projects/pearl/data/infected/Image_873.jpg,9eb6ad341a8644624c0d693e9ae14132,1
infected,/home/farhan/my-projects/pearl/data/infected/image10154.jpg,9ec38dc489f50ad8140e879cc380378c,1
infected,/home/farhan/my-projects/pearl/data/infected/image10257.jpg,9ec8bc8bd9490683ea6ff6d1fed9b2bb,1
infected,/home/farhan/my-projects/pearl/data/infected/Image_501.jpg,9ee56fec09ba8a747280fc238e311187,1
infected,/home/farhan/my-projects/pearl/data/infected/Image_293.jpg,9eed5350ea70993653e8a420359d6838,1
infected,/home/farhan/my-projects/pearl/data/infected/image11899.jpg,9ef44e4f3d3a244aca06f3ae955cd495,1
infected,/home/farhan/my-projects/pearl/data/infected/image12602.jpg,9ef7a20b10382340cddc150f2ad9b557,1
infected,/home/farhan/my-projects/pearl/data/infected/Image_069.jpg,9f165337acadf29890bef3d47dc97a03,1
infected,/home/farhan/my-projects/pearl/data/infected/image10679.jpg,9f17a0d83c4317e4d43446b46b897435,1
infected,/home/farhan/my-projects/pearl/data/infected/image11642.jpg,9f2797b65e22eb51b84fa9e338654449,1
infected,/home/farhan/my-projects/pearl/data/infected/Image_resize_055.jpg,9f5ad55885337c0826d03c7501a18a3d,1
infected,/home/farhan/my-projects/pearl/data/infected/Image_281.jpg,9f659f462d6970f258ac182bc99132a7,1
infected,/home/farhan/my-projects/pearl/data/infected/image12979.jpg,9f9648689d2114cc823a26960c3ed0c5,1
infected,/home/farhan/my-projects/pearl/data/infected/image11464.jpg,9fa3556785007b9421db0c9f45da490c,1
infected,/home/farhan/my-projects/pearl/data/infected/image10838.jpg,9fb3865349d45e7a9046f43af93eb03d,1
infected,/home/farhan/my-projects/pearl/data/infected/image12794.jpg,9fb779074a261e5c9ae48508e00687a4,1
infected,/home/farhan/my-projects/pearl/data/infected/image10744.jpg,9fba60b990c9537bf0bb645d75a921ae,1
infected,/home/farhan/my-projects/pearl/data/infected/image11877.jpg,9fedc9df11fdc7d4c58dc52bcb52d1b4,1
infected,/home/farhan/my-projects/pearl/data/infected/image12013.jpg,9fef43bf938e125938d6e67d6d4594f2,1
infected,/home/farhan/my-projects/pearl/data/infected/Image_091.jpg,9ff2b7fc653355b2a01c8823b81eaf13,1
infected,/home/farhan/my-projects/pearl/data/infected/image12904.jpg,9ff4b17d49f8af2e8de8acb23dd9e485,1
infected,/home/farhan/my-projects/pearl/data/infected/image12436.jpg,9ff4f60ae776f24474310ec9b20b5b6b,1
infected,/home/farhan/my-projects/pearl/data/infected/image11249.jpg,9ff57b0e3c6e596c6d670021b32e4a2e,1
infected,/home/farhan/my-projects/pearl/data/infected/image12538.jpg,9ff5905e53a1d73b7a04d36fefcfe597,1
infected,/home/farhan/my-projects/pearl/data/infected/Image_261.jpg,a002ece01b82fe7cd537f6a332c6eb5c,1
infected,/home/farhan/my-projects/pearl/data/infected/image11500.jpg,a020d78d8e495b9952680bf76135a660,1
infected,/home/farhan/my-projects/pearl/data/infected/image11762.jpg,a0326943d1dc08ebe2ae452e977e389f,1
infected,/home/farhan/my-projects/pearl/data/infected/Image_Rotate_Rotate_Right_015.jpg,a0367d9a19237f09019a441264edb29a,1
infected,/home/farhan/my-projects/pearl/data/infected/image10266.jpg,a052652c830a1a9bd58eb1c2364fcdc3,1
infected,/home/farhan/my-projects/pearl/data/infected/image10522.jpg,a08f6a4a0efafdcfdba83d9857d1df36,1
infected,/home/farhan/my-projects/pearl/data/infected/image10514.jpg,a0ad7045659454b4d936d92671254d90,1
infected,/home/farhan/my-projects/pearl/data/infected/Image_755.jpg,a0aeb4917292eae0c81db423218df4e5,1
infected,/home/farhan/my-projects/pearl/data/infected/image11314.jpg,a0d2f826d12afb586499d957499ceccf,1
infected,/home/farhan/my-projects/pearl/data/infected/image11958.jpg,a0ee9ebc178ebc59975e2baebdec9885,1
infected,/home/farhan/my-projects/pearl/data/infected/image11436.jpg,a0f719d7fdbeb7aa36ab949f8bca9722,1
infected,/home/farhan/my-projects/pearl/data/infected/Image_205.jpg,a0fdb31600e69bda22d32ae540fcf515,1
infected,/home/farhan/my-projects/pearl/data/infected/image12020.jpg,a1058c5edfeb8afe178805513567115e,1
infected,/home/farhan/my-projects/pearl/data/infected/image10532.jpg,a144bf6bce98b61021fe4fe62dc2594b,1
infected,/home/farhan/my-projects/pearl/data/infected/Image_resize_041.jpg,a14bc8393a1f0eef4942028fb36326de,1
infected,/home/farhan/my-projects/pearl/data/infected/image10223.jpg,a14d944139f8fe5593f39457b254a091,1
infected,/home/farhan/my-projects/pearl/data/infected/image13052.jpg,a19db1fed55db688778a332747211397,1
infected,/home/farhan/my-projects/pearl/data/infected/Image_Rotate_Rotate_Right_351.jpg,a1aa6790c2e1886500ecae1c24bbf036,1
infected,/home/farhan/my-projects/pearl/data/infected/image12026.jpg,a1b06c2db882eb81515fbb5d49eb0c88,1
infected,/home/farhan/my-projects/pearl/data/infected/Image_Rotate_Rotate_Right_089.jpg,a1bdd8f42884a4246c313bf5409f5cae,1
infected,/home/farhan/my-projects/pearl/data/infected/image10224.jpg,a1cbbcc641f153ec08d5dfebac845e86,1
infected,/home/farhan/my-projects/pearl/data/infected/Image_209.jpg,a1d8c45cda4dce10c20da16e57e3e22b,1
infected,/home/farhan/my-projects/pearl/data/infected/Image_893.jpg,a1df6684cf7413eb129ace5d4bca9fd3,1
infected,/home/farhan/my-projects/pearl/data/infected/image11234.jpg,a210cfe6480c71aac5721fcf1ebe90f6,1
infected,/home/farhan/my-projects/pearl/data/infected/Image_Rotate_Rotate_Right_253.jpg,a22f9cdce1d694eabaea18a79b6cb9dc,1
infected,/home/farhan/my-projects/pearl/data/infected/image11852.jpg,a24a0520941840e9c872f79643857d97,1
infected,/home/farhan/my-projects/pearl/data/infected/image10051.jpg,a24eaf9d3fef110cfa606157bd9eafbc,1
infected,/home/farhan/my-projects/pearl/data/infected/image11754.jpg,a25704c95814825b3dcc2c099560731f,1
infected,/home/farhan/my-projects/pearl/data/infected/Image_Rotate_Rotate_Right_377.jpg,a25b6721fea82d3abb5829f2bbd247a7,1
infected,/home/farhan/my-projects/pearl/data/infected/image11673.jpg,a2952270e26aa87af5c6f2044a647ed1,1
infected,/home/farhan/my-projects/pearl/data/infected/image10602.jpg,a29ca8a71e72aea9dc859a05461d9ff6,1
infected,/home/farhan/my-projects/pearl/data/infected/image12150.jpg,a2bf0dc2156f6a91376c61d66626354d,1
infected,/home/farhan/my-projects/pearl/data/infected/Image_037.jpg,a2d2b77d829dcfdc7ff8bf7269112b6b,1
infected,/home/farhan/my-projects/pearl/data/infected/image11981.jpg,a2d454ff7f1a7e1301ab1a8564680fe4,1
infected,/home/farhan/my-projects/pearl/data/infected/image12999.jpg,a30486d23dd92674dedd7a5345833d60,1
infected,/home/farhan/my-projects/pearl/data/infected/image11577.jpg,a3147f0900a3dae4f6932c3d857c5f3c,1
infected,/home/farhan/my-projects/pearl/data/infected/Image_033.jpg,a31a5e0d278aeac1e65bf985e4a9d29f,1
infected,/home/farhan/my-projects/pearl/data/infected/Image_Rotate_087.jpg,a3262c3e5a50cf38bf06862f9589bd6e,1
infected,/home/farhan/my-projects/pearl/data/infected/image13064.jpg,a34b0d5cd65c7c55e17c42d3771b2db7,1
infected,/home/farhan/my-projects/pearl/data/infected/image10891.jpg,a3515e136e43ac658e71ec8a257c96f3,1
infected,/home/farhan/my-projects/pearl/data/infected/image11373.jpg,a36871adf3d79813efe4b84729abc7df,1
infected,/home/farhan/my-projects/pearl/data/infected/image11807.jpg,a36a9464fa40231696eb8dfcd7575999,1
infected,/home/farhan/my-projects/pearl/data/infected/image11710.jpg,a38e81416332d0f10e0c24617480d119,1
infected,/home/farhan/my-projects/pearl/data/infected/Image_resize_149.jpg,a38f67b41464d19eb6025c6ead2f3482,1
infected,/home/farhan/my-projects/pearl/data/infected/Image_311.jpg,a39333705a6d22fcb2ce473d8e176a53,1
infected,/home/farhan/my-projects/pearl/data/infected/image12314.jpg,a3b1ff97936cbaeb0208cfeca8632ae7,1
infected,/home/farhan/my-projects/pearl/data/infected/image10768.jpg,a3cf61a34a387f7f835573c86f806d7c,1
infected,/home/farhan/my-projects/pearl/data/infected/image10071.jpg,a3fc57de527a576b85a518f6c229b9f5,1
infected,/home/farhan/my-projects/pearl/data/infected/Image_Rotate_133.jpg,a41f6aed24e888ec94679e7d916afc49,1
infected,/home/farhan/my-projects/pearl/data/infected/Image_Rotate_107.jpg,a421d2d477553b49ca1878e6f54c5288,1
infected,/home/farhan/my-projects/pearl/data/infected/Image_051.jpg,a42c924669b73b998663c2e7988046d9,1
infected,/home/farhan/my-projects/pearl/data/infected/Image_473.jpg,a43de2db9032c548d9a0fab6b508ad24,1
infected,/home/farhan/my-projects/pearl/data/infected/image11739.jpg,a4461c476bccdffbbabddc9cc27164a8,1
infected,/home/farhan/my-projects/pearl/data/infected/image10614.jpg,a44e304fe12edd378f789c68373bd9ec,1
infected,/home/farhan/my-projects/pearl/data/infected/image12284.jpg,a46597e5ab14e504e5be6062bba20ab9,1
infected,/home/farhan/my-projects/pearl/data/infected/image13097.jpg,a47af9c416368579f9a6b7f0112fe8a1,1
infected,/home/farhan/my-projects/pearl/data/infected/image11917.jpg,a48bd029271f63932a4a377342f64952,1
infected,/home/farhan/my-projects/pearl/data/infected/image10839.jpg,a4bb30cf494df4de5989c7a3046197d0,1
infected,/home/farhan/my-projects/pearl/data/infected/Image_771.jpg,a4fd4265d522566e0df06c2ca9071674,1
infected,/home/farhan/my-projects/pearl/data/infected/image12666.jpg,a561eb79a2d7315341985d925cf77a01,1
infected,/home/farhan/my-projects/pearl/data/infected/image11302.jpg,a5c5055ae6985d1e437e9b2b44e668ce,1
infected,/home/farhan/my-projects/pearl/data/infected/image10237.jpg,a5c8b66d95ce7bfb02f5f7877b613c7f,1
infected,/home/farhan/my-projects/pearl/data/infected/Image_461.jpg,a5d0826fff34354f57f22efe1effc13a,1
infected,/home/farhan/my-projects/pearl/data/infected/Image_171.jpg,a5d233492bed9622cb0b11d94803ecf8,1
infected,/home/farhan/my-projects/pearl/data/infected/image10547.jpg,a5d2fee4269b57d603083cdf65cb6a79,1
infected,/home/farhan/my-projects/pearl/data/infected/image11879.jpg,a5e7729b8bd2dd493cf4e7f910905775,1
infected,/home/farhan/my-projects/pearl/data/infected/image13033.jpg,a602a8e6f136d653099c02988f0e225c,1
infected,/home/farhan/my-projects/pearl/data/infected/image12682.jpg,a60d2c6b9e71ddfa959e8e2c1804ff03,1
infected,/home/farhan/my-projects/pearl/data/infected/Image_Rotate_Rotate_Right_131.jpg,a6188ae4cd29ed8b4f934448b7155a57,1
infected,/home/farhan/my-projects/pearl/data/infected/image12451.jpg,a682b02d29cdf98d847552f7dd432ac9,1
infected,/home/farhan/my-projects/pearl/data/infected/image12800.jpg,a6947fa2a3f93d903313490643a56633,1
infected,/home/farhan/my-projects/pearl/data/infected/image12603.jpg,a694ba583e2f1a6c01b0a52d3af0fefc,1
infected,/home/farhan/my-projects/pearl/data/infected/image10408.jpg,a6b57ab2b942132d149f07fe16adab98,1
infected,/home/farhan/my-projects/pearl/data/infected/image10398.jpg,a6bf6a54361ef8cd867e1f29fc56fce2,1
infected,/home/farhan/my-projects/pearl/data/infected/image11581.jpg,a6f4c1d08757dee4f73d832dc687540f,1
infected,/home/farhan/my-projects/pearl/data/infected/image13002.jpg,a734fb1a12e65f560684ff9222af612e,1
infected,/home/farhan/my-projects/pearl/data/infected/image10010.jpg,a738832d740a36a8b98c818bbb366b8a,1
infected,/home/farhan/my-projects/pearl/data/infected/Image_193.jpg,a75490d7bd7d217c415ec4006b7e81fe,1
infected,/home/farhan/my-projects/pearl/data/infected/image11850.jpg,a76406e0b6c89385210f323026f9974c,1
infected,/home/farhan/my-projects/pearl/data/infected/Image_349.jpg,a77bc88409db079a0e677b4deb0f4dbb,1
infected,/home/farhan/my-projects/pearl/data/infected/image11640.jpg,a7822c567455d9918ff43b8398a0ad74,1
infected,/home/farhan/my-projects/pearl/data/infected/image13039.jpg,a7889cbd42c7306acbb8e88299f3131c,1
infected,/home/farhan/my-projects/pearl/data/infected/Image_911.jpg,a78a29a7d6fbc12de22fbb712d3a7a6d,1
infected,/home/farhan/my-projects/pearl/data/infected/Image_Rotate_Rotate_Right_179.jpg,a7b10108eb2e750a4cd3ef0557f90459,1
infected,/home/farhan/my-projects/pearl/data/infected/Image_095.jpg,a7cfb24407a260f70d349ab92b304175,1
infected,/home/farhan/my-projects/pearl/data/infected/image10138.jpg,a7d1b19f79b7a682312039f60b789e41,1
infected,/home/farhan/my-projects/pearl/data/infected/Image_953.jpg,a7ef9ffae24ebfc45cee9a22243f84a6,1
infected,/home/farhan/my-projects/pearl/data/infected/image11972.jpg,a81e716be3104b3be1b2d61e7e5c0b97,1
infected,/home/farhan/my-projects/pearl/data/infected/image11145.jpg,a820dbc256f9665ad65e35e373fe869e,1
infected,/home/farhan/my-projects/pearl/data/infected/image10399.jpg,a82fd50ffcef0c5d693505221f658906,1
infected,/home/farhan/my-projects/pearl/data/infected/image10382.jpg,a8396c04a400ea332fd9ca7b25cad16e,1
infected,/home/farhan/my-projects/pearl/data/infected/image12987.jpg,a84b4ad95d8b3707cf032ee99bc6b4a5,1
infected,/home/farhan/my-projects/pearl/data/infected/Image_resize_021.jpg,a853a4b9459fea6cd59b4f1c9575fe07,1
infected,/home/farhan/my-projects/pearl/data/infected/image10132.jpg,a87c532c1b6f7a2410a3c7c1787917b2,1
infected,/home/farhan/my-projects/pearl/data/infected/Image_Rotate_Rotate_Right_215.jpg,a883f874c0a93cc4edc69225e0c7419c,1
infected,/home/farhan/my-projects/pearl/data/infected/Image_1001.jpg,a88ea03fc47d3d75fc03fe7f2148c15c,1
infected,/home/farhan/my-projects/pearl/data/infected/image11199.jpg,a89b945eb2def3ec3ef205b6a5df8618,1
infected,/home/farhan/my-projects/pearl/data/infected/Image_Rotate_183.jpg,a8ade52aaa6e2a4800d8669b2c112053,1
infected,/home/farhan/my-projects/pearl/data/infected/Image_613.jpg,a92877137a096b05b6dccf7bd087c201,1
infected,/home/farhan/my-projects/pearl/data/infected/image11410.jpg,a92b8bdc4f7f3ae08e35ff0fb34fede0,1
infected,/home/farhan/my-projects/pearl/data/infected/image12959.jpg,a942107d98705b951d3538af11e0883a,1
infected,/home/farhan/my-projects/pearl/data/infected/image10735.jpg,a950310fc8e4b57d742d1b8e83719dc0,1
infected,/home/farhan/my-projects/pearl/data/infected/Image_resize_111.jpg,a950ab496ea5f0d1d080eecab144b3c9,1
infected,/home/farhan/my-projects/pearl/data/infected/Image_815.jpg,a97a08651388dee47543a21b5bc6fedc,1
infected,/home/farhan/my-projects/pearl/data/infected/image10907.jpg,a9cde194a2f55d183cab211d4cb0cf3d,1
infected,/home/farhan/my-projects/pearl/data/infected/Image_885.jpg,a9d03648554b3e94818dcb9ac3ec7af0,1
infected,/home/farhan/my-projects/pearl/data/infected/Image_637.jpg,a9db3d0fce56f8446ecc4a995d4029db,1
infected,/home/farhan/my-projects/pearl/data/infected/image10232.jpg,a9fec7596f16ebae89ffa949e55e80b5,1
infected,/home/farhan/my-projects/pearl/data/infected/Image_Rotate_Rotate_Right_317.jpg,a9ffd66c8f00763f9c101bd438145b8c,1
infected,/home/farhan/my-projects/pearl/data/infected/image11505.jpg,aa0972c6b5f41d330b9c2f3f960f3715,1
infected,/home/farhan/my-projects/pearl/data/infected/Image_527.jpg,aa0a4344036e0f1e0d5c880be218df48,1
infected,/home/farhan/my-projects/pearl/data/infected/image11618.jpg,aa2295a0b864c758144965edffea6b87,1
infected,/home/farhan/my-projects/pearl/data/infected/Image_711.jpg,aa353771f595d1a2bfa657c7dcf89cf7,1
infected,/home/farhan/my-projects/pearl/data/infected/image11495.jpg,aa53b6581c42d306e33c7ad15ef455ca,1
infected,/home/farhan/my-projects/pearl/data/infected/image11253.jpg,aa5f3a6e8b94c0fcb7ea7c24050eb78b,1
infected,/home/farhan/my-projects/pearl/data/infected/image10057.jpg,aa7dc3fc9bcc3a9e159a2239c5dbc1f0,1
infected,/home/farhan/my-projects/pearl/data/infected/image13128.jpg,aa88e86cf3feb81435e8212074c0c8cb,1
infected,/home/farhan/my-projects/pearl/data/infected/Image_537.jpg,aa99a8c9dee345e2c3c617360b3f701e,1
infected,/home/farhan/my-projects/pearl/data/infected/image13194.jpg,aaacc611286b4570129873614f09c9fb,1
infected,/home/farhan/my-projects/pearl/data/infected/image10643.jpg,aaba1f02c76fdb44db0e0049545c8981,1
infected,/home/farhan/my-projects/pearl/data/infected/Image_Rotate_Rotate_Right_177.jpg,aadecbfd2727fd556f5a323c323f37cc,1
infected,/home/farhan/my-projects/pearl/data/infected/Image_Rotate_Rotate_Right_075.jpg,aae0f27519847be2c3f9c3220ffa5c11,1
infected,/home/farhan/my-projects/pearl/data/infected/image11250.jpg,aae520d1243940c79d38221f829ab12a,1
infected,/home/farhan/my-projects/pearl/data/infected/image10018.jpg,aae765bb46209aedc544c65ddba2ef7d,1
infected,/home/farhan/my-projects/pearl/data/infected/image10480.jpg,aaf4b83eb0f80fc323b2cadd1c2f5f38,1
infected,/home/farhan/my-projects/pearl/data/infected/image12285.jpg,aaf936d7e7e659db1cad8044311e8c68,1
infected,/home/farhan/my-projects/pearl/data/infected/Image_Rotate_101.jpg,ab1b7b5ba43eef3f247aac2373d37ee1,1
infected,/home/farhan/my-projects/pearl/data/infected/image11444.jpg,ab3271ec1e8da3ee0f1631e7b3ce6fd5,1
infected,/home/farhan/my-projects/pearl/data/infected/image10129.jpg,ab3ecf6e9ab1946b71643e956b94d790,1
infected,/home/farhan/my-projects/pearl/data/infected/Image_Rotate_Rotate_Right_053.jpg,ab3f7687040ca9cbc6a81cbf8492b561,1
infected,/home/farhan/my-projects/pearl/data/infected/image10840.jpg,ab4e75bedc173a2d91d088343d43000e,1
infected,/home/farhan/my-projects/pearl/data/infected/Image_841.jpg,ab603c95762f1787062556bd2daa65ae,1
infected,/home/farhan/my-projects/pearl/data/infected/image10653.jpg,ab79b5ea685996758f03520061e27da8,1
infected,/home/farhan/my-projects/pearl/data/infected/image11967.jpg,abb3169f0019a809f482c32e83d90814,1
infected,/home/farhan/my-projects/pearl/data/infected/image10748.jpg,abc2a78c76f946b627e805c33fbe6042,1
infected,/home/farhan/my-projects/pearl/data/infected/image11285.jpg,abc912ed6235671fbdf0b8b5386fec22,1
infected,/home/farhan/my-projects/pearl/data/infected/image10523.jpg,ac05cee423fc10502a948f71d2326810,1
infected,/home/farhan/my-projects/pearl/data/infected/Image_269.jpg,ac2e56b6f7c74ae19b6ea9e8768ec644,1
infected,/home/farhan/my-projects/pearl/data/infected/Image_465.jpg,ac2ee3f45d9e5d5c2675601549fa1c63,1
infected,/home/farhan/my-projects/pearl/data/infected/image11349.jpg,ac3b5c33d074df160a57db61e62055ff,1
infected,/home/farhan/my-projects/pearl/data/infected/Image_Rotate_Rotate_Right_391.jpg,ac5d94ae415911244d1848189e5993c5,1
infected,/home/farhan/my-projects/pearl/data/infected/image10385.jpg,ac66beb7f8162d5c99ef7b4651737e56,1
infected,/home/farhan/my-projects/pearl/data/infected/Image_663.jpg,ac85ebcbcf4ab8c32e9b0dff6210df31,1
infected,/home/farhan/my-projects/pearl/data/infected/image10079.jpg,ac8e203c5644a7cf20bd5cd6bcd5b05b,1
infected,/home/farhan/my-projects/pearl/data/infected/image12171.jpg,aca15a8ab632f389e414072a24d83f93,1
infected,/home/farhan/my-projects/pearl/data/infected/image11343.jpg,acb7f9556b170a9e40e6863eb1ffa073,1
infected,/home/farhan/my-projects/pearl/data/infected/image11530.jpg,acd75e8d9e49091e9c91a40f50a4c37f,1
infected,/home/farhan/my-projects/pearl/data/infected/Image_resize_003.jpg,ace44a73a516219b023d32b1c3ec4541,1
infected,/home/farhan/my-projects/pearl/data/infected/Image_879.jpg,ad15aa8960b276f7681f9513868692a3,1
infected,/home/farhan/my-projects/pearl/data/infected/image11862.jpg,ad24e510433750f5a721a4837e35ff5c,1
infected,/home/farhan/my-projects/pearl/data/infected/image10012.jpg,ad4cd95a29966224007e557c8e4f7bed,1
infected,/home/farhan/my-projects/pearl/data/infected/image11937.jpg,ad78cf816c902d0da3fb0814c86cb3b0,1
infected,/home/farhan/my-projects/pearl/data/infected/image11378.jpg,ad7dea11ee45e7bde0723448e87b61cd,1
infected,/home/farhan/my-projects/pearl/data/infected/image10021.jpg,ad8544ba4f1ed6bae80ee2364a5915c4,1
infected,/home/farhan/my-projects/pearl/data/infected/Image_573.jpg,ada1bd03375350ae3107b649db9d6ad4,1
infected,/home/farhan/my-projects/pearl/data/infected/image11331.jpg,adac17e7a7436044840efbf9b4407849,1
infected,/home/farhan/my-projects/pearl/data/infected/image11282.jpg,adb2ef92efc0bca55d5b3ae1776ba040,1
infected,/home/farhan/my-projects/pearl/data/infected/image12149.jpg,adc583e75c0e71af6e73063b0661b339,1
infected,/home/farhan/my-projects/pearl/data/infected/Image_495.jpg,add8f1ebcf4f0b7f09207a4c33ac11e1,1
infected,/home/farhan/my-projects/pearl/data/infected/Image_143.jpg,adf4618ad88fdf741fae3f016859693a,1
infected,/home/farhan/my-projects/pearl/data/infected/Image_751.jpg,ae1af03da8f9f73007c54c1f99b26385,1
infected,/home/farhan/my-projects/pearl/data/infected/image11534.jpg,ae1e31366428df7589ae7242df95fa36,1
infected,/home/farhan/my-projects/pearl/data/infected/image12901.jpg,ae3a390484fb6163d6b0bff3c0d97ea9,1
infected,/home/farhan/my-projects/pearl/data/infected/image11542.jpg,ae3aebec61214f4e1a722e109a1ae60f,1
infected,/home/farhan/my-projects/pearl/data/infected/Image_Rotate_Rotate_Right_355.jpg,ae3b65a05e5b158da68927282d7cf366,1
infected,/home/farhan/my-projects/pearl/data/infected/Image_847.jpg,ae587823f3c595f66813b45d309ac735,1
infected,/home/farhan/my-projects/pearl/data/infected/image13197.jpg,ae610445ef7ff32bc64771eb4f5081ea,1
infected,/home/farhan/my-projects/pearl/data/infected/image12572.jpg,ae8197f1caccd9ef7eb759dad37f5c5f,1
infected,/home/farhan/my-projects/pearl/data/infected/Image_093.jpg,ae9306e485635a8d140b9322278926ec,1
infected,/home/farhan/my-projects/pearl/data/infected/image11954.jpg,ae96ae145d0d448d5df2083ae54fe000,1
infected,/home/farhan/my-projects/pearl/data/infected/image12581.jpg,ae9fcf74d4afc120a5766eed1ffe6032,1
infected,/home/farhan/my-projects/pearl/data/infected/image11740.jpg,aee15097371eb06d2aee6c76d073f121,1
infected,/home/farhan/my-projects/pearl/data/infected/Image_Rotate_Rotate_Right_055.jpg,aee8087a2e2c778e14ffa2414fae601d,1
infected,/home/farhan/my-projects/pearl/data/infected/Image_resize_095.jpg,aef75eb22d5a959359a588bbc4e335bb,1
infected,/home/farhan/my-projects/pearl/data/infected/Image_487.jpg,aeffcf6de6d984564343e0346b5e6a79,1
infected,/home/farhan/my-projects/pearl/data/infected/Image_Rotate_Rotate_Right_033.jpg,af0b1e9210b357f4a89054836a24a7a4,1
infected,/home/farhan/my-projects/pearl/data/infected/image10345.jpg,af5200aaa3b907d00096f9daf9492f3e,1
infected,/home/farhan/my-projects/pearl/data/infected/image11311.jpg,af5d67e20b41720dcb7d6251d9d1d92f,1
infected,/home/farhan/my-projects/pearl/data/infected/Image_415.jpg,af5f61f6763f99b02b16dbd9f695a81b,1
infected,/home/farhan/my-projects/pearl/data/infected/image11196.jpg,af649cc798b583066b7d743510842ea5,1
infected,/home/farhan/my-projects/pearl/data/infected/Image_419.jpg,af65b50b0fa26247bb9dc9bd670c6155,1
infected,/home/farhan/my-projects/pearl/data/infected/image10015.jpg,af670d7c5a7267fc016256874faaab81,1
infected,/home/farhan/my-projects/pearl/data/infected/Image_219.jpg,af7ac5bf1ec0015c34cefb8d2435bdef,1
infected,/home/farhan/my-projects/pearl/data/infected/image11279.jpg,af7f02e0f2bc6c79b9138a5db7407e6f,1
infected,/home/farhan/my-projects/pearl/data/infected/image10628.jpg,af83adbe4b216c482955201046474345,1
infected,/home/farhan/my-projects/pearl/data/infected/image11602.jpg,af8aef9585c7e448a3a0925c0b84640a,1
infected,/home/farhan/my-projects/pearl/data/infected/image10604.jpg,afc45d05f1a22382aa0e946344f602ab,1
infected,/home/farhan/my-projects/pearl/data/infected/image10027.jpg,afd103385c1183d1835b7b73bee22e60,1
infected,/home/farhan/my-projects/pearl/data/infected/Image_529.jpg,afe2a344430832ce9c89f6d2df9d486c,1
infected,/home/farhan/my-projects/pearl/data/infected/Image_833.jpg,affec3b75af6b64e3e237b4add0f00b9,1
infected,/home/farhan/my-projects/pearl/data/infected/image11590.jpg,b00f32dbbd7ae7f1c3410461d0b76e19,1
infected,/home/farhan/my-projects/pearl/data/infected/image10061.jpg,b019ada2f5dd37fa4a59e488b212936f,1
infected,/home/farhan/my-projects/pearl/data/infected/Image_Rotate_Rotate_Right_267.jpg,b01c1ea508e1cc9e46e0334b5444594a,1
infected,/home/farhan/my-projects/pearl/data/infected/image11980.jpg,b027ce9105b54c9ccf2caf255d88d7d5,1
infected,/home/farhan/my-projects/pearl/data/infected/image10035.jpg,b02cd880227ff18708e11c99122b868a,1
infected,/home/farhan/my-projects/pearl/data/infected/image11403.jpg,b03586709610acc21f6b45e3de3c76a6,1
infected,/home/farhan/my-projects/pearl/data/infected/Image_151.jpg,b045f1f040f258e0dc8180286febfec7,1
infected,/home/farhan/my-projects/pearl/data/infected/image12774.jpg,b04813ab7428e51893d785d139e5224b,1
infected,/home/farhan/my-projects/pearl/data/infected/Image_Rotate_043.jpg,b048eb15982a910b84b1aed3017101a0,1
infected,/home/farhan/my-projects/pearl/data/infected/image12044.jpg,b04b99b87e5cfe3763fe858dee45e6c6,1
infected,/home/farhan/my-projects/pearl/data/infected/image11155.jpg,b060418aef7da0224ef5d1e19c954271,1
infected,/home/farhan/my-projects/pearl/data/infected/image13105.jpg,b079a04571bc6e670ecc40e90f807bb1,1
infected,/home/farhan/my-projects/pearl/data/infected/image11514.jpg,b0826d21cb5d4dff414f3f3e6eb72257,1
infected,/home/farhan/my-projects/pearl/data/infected/Image_721.jpg,b09742d5cfaaa88e0292ac08882e4d20,1
infected,/home/farhan/my-projects/pearl/data/infected/image13101.jpg,b0fccdbb654a6ae86dc6d3b73f03e191,1
infected,/home/farhan/my-projects/pearl/data/infected/image12989.jpg,b1034c637bcb267464a159b596890c70,1
infected,/home/farhan/my-projects/pearl/data/infected/image10065.jpg,b10e09065865640d40b1a2fad67a7fec,1
infected,/home/farhan/my-projects/pearl/data/infected/image10388.jpg,b1100ad9e5922d992e3259514e3b06ce,1
infected,/home/farhan/my-projects/pearl/data/infected/image11265.jpg,b122bf6c7d661bb44510bb7c283e7144,1
infected,/home/farhan/my-projects/pearl/data/infected/image12924.jpg,b13ca97150f58c0335c980c037448269,1
infected,/home/farhan/my-projects/pearl/data/infected/image11360.jpg,b15527c44864e1a1d62730c8bb836d31,1
infected,/home/farhan/my-projects/pearl/data/infected/image10516.jpg,b159216eaa471259efb2b2a82e5b69c6,1
infected,/home/farhan/my-projects/pearl/data/infected/image10318.jpg,b15ee8431fb19ae8457f9de9fcf1087f,1
infected,/home/farhan/my-projects/pearl/data/infected/Image_resize_075.jpg,b16e7d14ff3838bac0e9ce8a727ba30f,1
infected,/home/farhan/my-projects/pearl/data/infected/image10487.jpg,b17131922017e9302f3e53987cc5eba6,1
infected,/home/farhan/my-projects/pearl/data/infected/image11351.jpg,b1a9912d9dc2637fadadb4146ed8dd2a,1
infected,/home/farhan/my-projects/pearl/data/infected/Image_779.jpg,b1b7f9fdf0bd61c774475bdb725a90ef,1
infected,/home/farhan/my-projects/pearl/data/infected/image11637.jpg,b1d4eaafb17f69c0bc1a341d9f66b434,1
infected,/home/farhan/my-projects/pearl/data/infected/image12851.jpg,b1e4e5fea7ad43b689e6f2be99ee7bae,1
infected,/home/farhan/my-projects/pearl/data/infected/image10818.jpg,b2063b1d3035a3a179dcb4b58c85e4c7,1
infected,/home/farhan/my-projects/pearl/data/infected/Image_Rotate_Rotate_Right_171.jpg,b21e36bdcbd5659d9571beef5b619d1b,1
infected,/home/farhan/my-projects/pearl/data/infected/Image_575.jpg,b220db7dd2b6f05feca3c8a7e305c959,1
infected,/home/farhan/my-projects/pearl/data/infected/image13107.jpg,b247bcdc445287907e5bed44bc98d7b2,1
infected,/home/farhan/my-projects/pearl/data/infected/Image_Rotate_Rotate_Right_237.jpg,b24daac3e7dca89ec4666a4c082ab61b,1
infected,/home/farhan/my-projects/pearl/data/infected/Image_resize_033.jpg,b267a8f0ad7ff94ef5a33395bab2b79e,1
infected,/home/farhan/my-projects/pearl/data/infected/image11368.jpg,b29ec1ad3a9dfd25b878d498c3c3b7ed,1
infected,/home/farhan/my-projects/pearl/data/infected/image13114.jpg,b2d4220d8ec4591ec21fe63cf83b2137,1
infected,/home/farhan/my-projects/pearl/data/infected/image12072.jpg,b31bc9b5f0f776c72a2339b903629f11,1
infected,/home/farhan/my-projects/pearl/data/infected/Image_resize_195.jpg,b3235f6366fa16b5cad3b3e4352a55e3,1
infected,/home/farhan/my-projects/pearl/data/infected/image11583.jpg,b34b8e48232ab2f8f93f753c0455a5f5,1
infected,/home/farhan/my-projects/pearl/data/infected/Image_resize_067.jpg,b392d3433e6c44e0a53921eb63a9e104,1
infected,/home/farhan/my-projects/pearl/data/infected/image11704.jpg,b3942857fb2836dedc2c6678df75c982,1
infected,/home/farhan/my-projects/pearl/data/infected/image11178.jpg,b3bebedfae4ad9220dc758cff2691258,1
infected,/home/farhan/my-projects/pearl/data/infected/image10246.jpg,b3e037d515037839368584a3498b1aed,1
infected,/home/farhan/my-projects/pearl/data/infected/image11269.jpg,b3e35fcbbde2b2c769f00ff7081d2e31,1
infected,/home/farhan/my-projects/pearl/data/infected/image10665.jpg,b4092215a00fb84f0447961d59ad6473,1
infected,/home/farhan/my-projects/pearl/data/infected/image13061.jpg,b40b697bdc8994a7150b4d5bdea612e7,1
infected,/home/farhan/my-projects/pearl/data/infected/image10495.jpg,b418bf4f40e283132f09c143a1c9e0e4,1
infected,/home/farhan/my-projects/pearl/data/infected/Image_401.jpg,b41be9feceecc8e1ab7567cfc75d2d09,1
infected,/home/farhan/my-projects/pearl/data/infected/Image_497.jpg,b427f328e2a0bb94894474e603cd7f72,1
infected,/home/farhan/my-projects/pearl/data/infected/Image_Rotate_Rotate_Right_379.jpg,b43a6824f346cbd399cb51a3d5a09d8b,1
infected,/home/farhan/my-projects/pearl/data/infected/image10376.jpg,b461bb42865107621b7ce7b60cc30112,1
infected,/home/farhan/my-projects/pearl/data/infected/image10135.jpg,b48380a703e4af991e575d1b27936cd8,1
infected,/home/farhan/my-projects/pearl/data/infected/Image_059.jpg,b484fcc7fa116608cd4459b98bd13f5a,1
infected,/home/farhan/my-projects/pearl/data/infected/image10859.jpg,b48648e2830a5a4dcf08f0e2a4699dc4,1
infected,/home/farhan/my-projects/pearl/data/infected/image10711.jpg,b490ce9d56508d38b4164f1269afd2d6,1
infected,/home/farhan/my-projects/pearl/data/infected/image10194.jpg,b4a7536549c4418629cdf9a3108c2eee,1
infected,/home/farhan/my-projects/pearl/data/infected/image12593.jpg,b4a7e6d3dcbe3d3cd98f4ba8016e11d2,1
infected,/home/farhan/my-projects/pearl/data/infected/image10543.jpg,b4ac8be419c43d39c540bb80232cc852,1
infected,/home/farhan/my-projects/pearl/data/infected/image10208.jpg,b4cbad9ad976fde999f7baa299a4d106,1
infected,/home/farhan/my-projects/pearl/data/infected/Image_947.jpg,b4ea160ae497efb8c9ecca093db03946,1
infected,/home/farhan/my-projects/pearl/data/infected/image10377.jpg,b501bf17db4a2c263979e50188e1dac9,1
infected,/home/farhan/my-projects/pearl/data/infected/image12799.jpg,b50f916e54adbea08906a4ae6e04b6c0,1
infected,/home/farhan/my-projects/pearl/data/infected/image10386.jpg,b534e7e8a7d0540e45fcbee7e4786531,1
infected,/home/farhan/my-projects/pearl/data/infected/image10864.jpg,b540b70ff667c673048eac37bc1d9d68,1
infected,/home/farhan/my-projects/pearl/data/infected/image10285.jpg,b54ee4556d6de1056aa8d1f5b3b5adc8,1
infected,/home/farhan/my-projects/pearl/data/infected/Image_1019.jpg,b554684bc0a1683632af845368271731,1
infected,/home/farhan/my-projects/pearl/data/infected/image11598.jpg,b56f1eda5584fb1e4bb01beb2568d1bb,1
infected,/home/farhan/my-projects/pearl/data/infected/image11442.jpg,b575ef46f932df598aec0fbc4c512924,1
infected,/home/farhan/my-projects/pearl/data/infected/Image_379.jpg,b59ac87ee7f5239d79eb9dff05a89f8c,1
infected,/home/farhan/my-projects/pearl/data/infected/image12057.jpg,b5a625d68312a9565d54abc318385baf,1
infected,/home/farhan/my-projects/pearl/data/infected/image10032.jpg,b5b09f25fa0791a3b9d1f65d6d826079,1
infected,/home/farhan/my-projects/pearl/data/infected/image10011.jpg,b5ba4a586c8266ddcfef531d0dc4caa7,1
infected,/home/farhan/my-projects/pearl/data/infected/Image_resize_171.jpg,b5c2724cac14338dbaa9678746d28e5c,1
infected,/home/farhan/my-projects/pearl/data/infected/Image_747.jpg,b5c6710296011f5cab6ae4684d68bcce,1
infected,/home/farhan/my-projects/pearl/data/infected/image11527.jpg,b5c6ca002a417d212480de83556ffe67,1
infected,/home/farhan/my-projects/pearl/data/infected/Image_331.jpg,b5ca86c4d2aa956382606e795ca4f44e,1
infected,/home/farhan/my-projects/pearl/data/infected/image11293.jpg,b5d1a27d60254802c05fdc269bcd1896,1
infected,/home/farhan/my-projects/pearl/data/infected/image10209.jpg,b5dc6e98730cf5400ff07824d33fa1af,1
infected,/home/farhan/my-projects/pearl/data/infected/image12990.jpg,b5dd9e88a6b55348b786ee5907c3a98d,1
infected,/home/farhan/my-projects/pearl/data/infected/Image_resize_145.jpg,b5deaaee9745bc8eccd4a0562a9f72ae,1
infected,/home/farhan/my-projects/pearl/data/infected/image10534.jpg,b601e54860be3bdd5a536ccecd801cee,1
infected,/home/farhan/my-projects/pearl/data/infected/Image_resize_129.jpg,b653c753ccd6aee7f9aba6cf3767c2ae,1
infected,/home/farhan/my-projects/pearl/data/infected/Image_resize_009.jpg,b65773a15d9b2b1787613b1fa56171f6,1
infected,/home/farhan/my-projects/pearl/data/infected/image10317.jpg,b692e97dc776a31de3b5d77c2aa9448d,1
infected,/home/farhan/my-projects/pearl/data/infected/Image_709.jpg,b69a57dcc0aa3aa8fa8f4b399da3aef9,1
infected,/home/farhan/my-projects/pearl/data/infected/image13118.jpg,b69d2e82c26941fecc37b2cd3028c71f,1
infected,/home/farhan/my-projects/pearl/data/infected/image10828.jpg,b6a0401ac500de73e3508ffd7366983f,1
infected,/home/farhan/my-projects/pearl/data/infected/Image_079.jpg,b6aa095af86de0db6eb0a07b8a1d6dd4,1
infected,/home/farhan/my-projects/pearl/data/infected/image12283.jpg,b6b2adc3d9a5c7bc5c84d438cff61548,1
infected,/home/farhan/my-projects/pearl/data/infected/Image_resize_191.jpg,b6c2391390bd4fe19b011b087b829587,1
infected,/home/farhan/my-projects/pearl/data/infected/Image_859.jpg,b6cf3e0f4d59a1baf37bf48196bc65b5,1
infected,/home/farhan/my-projects/pearl/data/infected/Image_Rotate_Rotate_Right_007.jpg,b6df975c8901d4b3d59b2571f2cf5099,1
infected,/home/farhan/my-projects/pearl/data/infected/image11130.jpg,b703fdf9484d188bab19f64cf14eedae,1
infected,/home/farhan/my-projects/pearl/data/infected/image11773.jpg,b71300d90850f69d8eb6f1954a460029,1
infected,/home/farhan/my-projects/pearl/data/infected/image12635.jpg,b72a7ac42f5bb048466a762642cf5d39,1
infected,/home/farhan/my-projects/pearl/data/infected/image11675.jpg,b731dd8cc216068d45694e34a014cdcc,1
infected,/home/farhan/my-projects/pearl/data/infected/image10702.jpg,b7610f7e6055272f059a15a1574b22fa,1
infected,/home/farhan/my-projects/pearl/data/infected/Image_315.jpg,b76892624a60a58c3b128050a6b9a064,1
infected,/home/farhan/my-projects/pearl/data/infected/image10517.jpg,b76e8cbb5761e480be809e37dd2e4666,1
infected,/home/farhan/my-projects/pearl/data/infected/image10396.jpg,b7783b27bb7d8fa6432b965b54b2c47e,1
infected,/home/farhan/my-projects/pearl/data/infected/Image_resize_035.jpg,b77a7300ba6defd7f37668f30f255807,1
infected,/home/farhan/my-projects/pearl/data/infected/image11366.jpg,b793684c8e7e298a1fe6bd8b6ed7da2a,1
infected,/home/farhan/my-projects/pearl/data/infected/Image_Rotate_023.jpg,b7988ca8cf44a6e3d58ed5a8f0053587,1
infected,/home/farhan/my-projects/pearl/data/infected/image11477.jpg,b79f169edefe5241d96ad4969e89da40,1
infected,/home/farhan/my-projects/pearl/data/infected/Image_Rotate_Rotate_Right_109.jpg,b7a0a71ea729a785e98ff998679a7f79,1
infected,/home/farhan/my-projects/pearl/data/infected/image10294.jpg,b7c2944afe942d64c35ca38ea5dff87a,1
infected,/home/farhan/my-projects/pearl/data/infected/image11985.jpg,b7c6fd4bdd951eb49c7d8095b053c0cd,1
infected,/home/farhan/my-projects/pearl/data/infected/image10760.jpg,b7e97417fe06665b94331d83f606ae2f,1
infected,/home/farhan/my-projects/pearl/data/infected/image12947.jpg,b7f13a08395b7ce5311af27c373784f4,1
infected,/home/farhan/my-projects/pearl/data/infected/image12617.jpg,b81d022a0d3f9fa806b14177224a8802,1
infected,/home/farhan/my-projects/pearl/data/infected/Image_335.jpg,b820f7e4dc1a5399a210627d0367a29c,1
infected,/home/farhan/my-projects/pearl/data/infected/image10696.jpg,b84aeb8e5397e7027894dde43a58d713,1
infected,/home/farhan/my-projects/pearl/data/infected/Image_207.jpg,b863cf8b698c7cde5d53bbe45142c9d6,1
infected,/home/farhan/my-projects/pearl/data/infected/Image_Rotate_Rotate_Right_133.jpg,b89df27a59c370502863854bba056bad,1
infected,/home/farhan/my-projects/pearl/data/infected/image11513.jpg,b8b7ccf168985e9617ad50b2e3415823,1
infected,/home/farhan/my-projects/pearl/data/infected/Image_583.jpg,b8cdf914699772ea2e8d978c9efed510,1
infected,/home/farhan/my-projects/pearl/data/infected/image11227.jpg,b8db221fc2840d34655b926c1892b914,1
infected,/home/farhan/my-projects/pearl/data/infected/image12143.jpg,b913bd4f53b830ae4ab49484ec25d942,1
infected,/home/farhan/my-projects/pearl/data/infected/image12137.jpg,b94a0374875fafb148a2bb012c529ebc,1
infected,/home/farhan/my-projects/pearl/data/infected/image10082.jpg,b95631cf37c3eb08c5d9933b51139759,1
infected,/home/farhan/my-projects/pearl/data/infected/image10781.jpg,b95e1b7f7235048e2f3b4f128981e1b9,1
infected,/home/farhan/my-projects/pearl/data/infected/Image_Rotate_Rotate_Right_141.jpg,b989905112cff63662d37040b63efd2c,1
infected,/home/farhan/my-projects/pearl/data/infected/Image_481.jpg,b99b33bd22dbc8a884c81bdb55418e1f,1
infected,/home/farhan/my-projects/pearl/data/infected/image12260.jpg,b9ac8250951b1d875c5b1dac85f93fb4,1
infected,/home/farhan/my-projects/pearl/data/infected/image10680.jpg,b9ad5e8a0179e6b34d5d219d7c24ac0f,1
infected,/home/farhan/my-projects/pearl/data/infected/image11524.jpg,b9b0e88e53eb7d25658390f2e05d2ea1,1
infected,/home/farhan/my-projects/pearl/data/infected/image11339.jpg,b9b349cb4a2c6a871f249c2e9461c795,1
infected,/home/farhan/my-projects/pearl/data/infected/Image_Rotate_Rotate_Right_243.jpg,b9c716ceffcac7f0fede24c5815caed0,1
infected,/home/farhan/my-projects/pearl/data/infected/Image_Rotate_027.jpg,b9d084f9d8148ecb0ac7532de8bdda6c,1
infected,/home/farhan/my-projects/pearl/data/infected/image11338.jpg,b9f68b3dee6489dad0154674df2abe8f,1
infected,/home/farhan/my-projects/pearl/data/infected/Image_405.jpg,b9fb2b564f2060f330cdae4ec3959f44,1
infected,/home/farhan/my-projects/pearl/data/infected/image10849.jpg,ba214d3f91643a9a36b47d5f88f5cfbd,1
infected,/home/farhan/my-projects/pearl/data/infected/image11781.jpg,ba2bde788ffcadab2746ab0dca984e4e,1
infected,/home/farhan/my-projects/pearl/data/infected/Image_Rotate_Rotate_Right_303.jpg,ba87a52a5943f39c85870a13a807ec74,1
infected,/home/farhan/my-projects/pearl/data/infected/image12454.jpg,ba91b2d888245b95d9c811d648dfab2f,1
infected,/home/farhan/my-projects/pearl/data/infected/image12053.jpg,ba98645109f398d6a683ef7ddae4566f,1
infected,/home/farhan/my-projects/pearl/data/infected/image10769.jpg,babc8b1aefed000fec3e699c79a5ee8b,1
infected,/home/farhan/my-projects/pearl/data/infected/Image_Rotate_Rotate_Right_073.jpg,bad6e84e4c9cf182724124da7a359cae,1
infected,/home/farhan/my-projects/pearl/data/infected/image10933.jpg,baeeb909aee76588b4a3be1731fed00c,1
infected,/home/farhan/my-projects/pearl/data/infected/image12886.jpg,baffc4660f19199acf8b1425c537821f,1
infected,/home/farhan/my-projects/pearl/data/infected/image11566.jpg,bb038ee416c3cd47667af1deacf03d39,1
infected,/home/farhan/my-projects/pearl/data/infected/image11935.jpg,bb1caeb6cc686e66de4d27427a020bc0,1
infected,/home/farhan/my-projects/pearl/data/infected/image12696.jpg,bb42a3a142963766b345f8357c7c8d42,1
infected,/home/farhan/my-projects/pearl/data/infected/Image_161.jpg,bb510b959bd426af4a8db70feb5e9c68,1
infected,/home/farhan/my-projects/pearl/data/infected/image12103.jpg,bb5a1b3ff63433eb76f18c1406b6c5c0,1
infected,/home/farhan/my-projects/pearl/data/infected/image10455.jpg,bb674218353eb82c9f142328b0452eec,1
infected,/home/farhan/my-projects/pearl/data/infected/image11470.jpg,bb67c9dfb6930fd45569e8482158ad35,1
infected,/home/farhan/my-projects/pearl/data/infected/image10422.jpg,bb7d10a9dd7d142d89ada7f48a31935e,1
infected,/home/farhan/my-projects/pearl/data/infected/image10892.jpg,bb908042df42ba22494de884bcfc531b,1
infected,/home/farhan/my-projects/pearl/data/infected/image11335.jpg,bb9dc693bf9893dff04e5871b14c36e7,1
infected,/home/farhan/my-projects/pearl/data/infected/image11707.jpg,bba999885c05d6f3088ae19142e95c2f,1
infected,/home/farhan/my-projects/pearl/data/infected/image10292.jpg,bbc410a3b6c54572202f709446fdf553,1
infected,/home/farhan/my-projects/pearl/data/infected/image10286.jpg,bbcad0e43999abca2d555bb8ba16fee7,1
infected,/home/farhan/my-projects/pearl/data/infected/image10862.jpg,bbeaca0a614c92391947bd47d3cd4761,1
infected,/home/farhan/my-projects/pearl/data/infected/Image_819.jpg,bc0a95be7095e72ceeac325400bb573d,1
infected,/home/farhan/my-projects/pearl/data/infected/Image_Rotate_081.jpg,bc381ab668edf089885a16fb126e2e05,1
infected,/home/farhan/my-projects/pearl/data/infected/Image_Rotate_165.jpg,bc3a60f35a680abf7a6b601e5e449ae7,1
infected,/home/farhan/my-projects/pearl/data/infected/image12099.jpg,bc3bcb39edccbb62e15674bab2425d42,1
infected,/home/farhan/my-projects/pearl/data/infected/image11794.jpg,bc40b998e423e00600db6e54887004ec,1
infected,/home/farhan/my-projects/pearl/data/infected/image10231.jpg,bc4eb1b0138e49eb77ca3fd7a8fe6a10,1
infected,/home/farhan/my-projects/pearl/data/infected/image10845.jpg,bc6cc252619d3222771d91a3dd44e551,1
infected,/home/farhan/my-projects/pearl/data/infected/image12014.jpg,bc741d9bf5045a02c64aaada3d3aa9e9,1
infected,/home/farhan/my-projects/pearl/data/infected/Image_Rotate_Rotate_Right_105.jpg,bc747278f26110acd37b9f17b0d69d54,1
infected,/home/farhan/my-projects/pearl/data/infected/image12290.jpg,bca74c14990bcf89781293f03b9055bf,1
infected,/home/farhan/my-projects/pearl/data/infected/image11752.jpg,bccc5149e38b74072b55b8493853a84c,1
infected,/home/farhan/my-projects/pearl/data/infected/image11730.jpg,bce1717d11e79d60af0c478c7c75b510,1
infected,/home/farhan/my-projects/pearl/data/infected/image11310.jpg,bcf22870beab52b6b8629bb26f19a73d,1
infected,/home/farhan/my-projects/pearl/data/infected/image12735.jpg,bd00c4b5a9e0fb97a306a408e8190fe4,1
infected,/home/farhan/my-projects/pearl/data/infected/Image_977.jpg,bd0b3a61e7d2cefa85ee71e9f5a43840,1
infected,/home/farhan/my-projects/pearl/data/infected/image10731.jpg,bd5720e998b9b957488e3a6c07c742f3,1
infected,/home/farhan/my-projects/pearl/data/infected/Image_Rotate_Rotate_Right_305.jpg,bd618ea9cd31cf64b42559f441115e7d,1
infected,/home/farhan/my-projects/pearl/data/infected/image10470.jpg,bd6d1d2176e3ef73a7d1d6dc385944f4,1
infected,/home/farhan/my-projects/pearl/data/infected/Image_Rotate_Rotate_Right_139.jpg,bd6ece0e4fea5b8bd080d1b59c0fb60e,1
infected,/home/farhan/my-projects/pearl/data/infected/image10726.jpg,bd868589fe76af00dd72f45457170f7c,1
infected,/home/farhan/my-projects/pearl/data/infected/image11987.jpg,bd88839b0e8cb07ba1820e1479e0ca76,1
infected,/home/farhan/my-projects/pearl/data/infected/Image_resize_153.jpg,bd915a64113341ebffdf76f4b42a83bb,1
infected,/home/farhan/my-projects/pearl/data/infected/image10699.jpg,bdea2790e9c42ac07bcaf6173f4fd6b5,1
infected,/home/farhan/my-projects/pearl/data/infected/image10383.jpg,be15fef6e2d4c8f5602f05edc757a9aa,1
infected,/home/farhan/my-projects/pearl/data/infected/Image_963.jpg,be2cbf33ee9c88d462b21e738c04640c,1
infected,/home/farhan/my-projects/pearl/data/infected/Image_861.jpg,be365e4acf490d75025555c3f4f27489,1
infected,/home/farhan/my-projects/pearl/data/infected/image12564.jpg,be3663132397aaafb27e07d3a855cfee,1
infected,/home/farhan/my-projects/pearl/data/infected/image10302.jpg,be53fbc7968bb99f73a735e4cfbb1464,1
infected,/home/farhan/my-projects/pearl/data/infected/Image_967.jpg,be9989530a2e89d48721f6431c3b69ff,1
infected,/home/farhan/my-projects/pearl/data/infected/Image_Rotate_Rotate_Right_209.jpg,be9f08579dc1aed41db4532c8feba73b,1
infected,/home/farhan/my-projects/pearl/data/infected/image12775.jpg,bed665b37cae62e361fa5da54b7dd381,1
infected,/home/farhan/my-projects/pearl/data/infected/image10885.jpg,bf0009b36e875b16159c143d80fd4e8c,1
infected,/home/farhan/my-projects/pearl/data/infected/image10419.jpg,bf07ee8a47f66ac5a9edf3ed0d0ccc9a,1
infected,/home/farhan/my-projects/pearl/data/infected/image12181.jpg,bf24364cb4af9db3dc3abc461805021a,1
infected,/home/farhan/my-projects/pearl/data/infected/Image_Rotate_Rotate_Right_307.jpg,bf5bff222fb6d501c439273bc47bed3a,1
infected,/home/farhan/my-projects/pearl/data/infected/Image_Rotate_Rotate_Right_381.jpg,bf5f2e260552ab8a305c4e4cd7f624ee,1
infected,/home/farhan/my-projects/pearl/data/infected/image10074.jpg,bf6006b1e6060bba645405eab0e9bcf6,1
infected,/home/farhan/my-projects/pearl/data/infected/Image_669.jpg,bf6c565402594a12255991c04853bb33,1
infected,/home/farhan/my-projects/pearl/data/infected/Image_203.jpg,bf76200efe8b6eb7532ad030434f5663,1
infected,/home/farhan/my-projects/pearl/data/infected/image12641.jpg,bf76ecaebe4cffa542100cd55edf621a,1
infected,/home/farhan/my-projects/pearl/data/infected/image10357.jpg,bf82738fbb3e778360c7cf53a10f2d52,1
infected,/home/farhan/my-projects/pearl/data/infected/Image_Rotate_Rotate_Right_255.jpg,bf84a1017938043da7709b0aeccaca0a,1
infected,/home/farhan/my-projects/pearl/data/infected/image11866.jpg,bfa8ca28c204dc2a1ec80dc009d7aa4d,1
infected,/home/farhan/my-projects/pearl/data/infected/image12780.jpg,bffdaf15438d944d50640eed5555b865,1
infected,/home/farhan/my-projects/pearl/data/infected/image12754.jpg,c03a67eab42ea520f53186b59494014c,1
infected,/home/farhan/my-projects/pearl/data/infected/image10765.jpg,c09ab890a99e2c5a1891b95af850f033,1
infected,/home/farhan/my-projects/pearl/data/infected/image10903.jpg,c0cd7fa46f668b2a074a23c1777d78ac,1
infected,/home/farhan/my-projects/pearl/data/infected/image12887.jpg,c0e1bbbe01958e26cb2e2577002f2413,1
infected,/home/farhan/my-projects/pearl/data/infected/image10348.jpg,c0e6c6dd5050231de20c3271c084bc73,1
infected,/home/farhan/my-projects/pearl/data/infected/image11172.jpg,c0f4b6baf8670c2586e48c05d0c6a42b,1
infected,/home/farhan/my-projects/pearl/data/infected/image12387.jpg,c1145742a58879f3cf1f5f367cdf0474,1
infected,/home/farhan/my-projects/pearl/data/infected/image11969.jpg,c11bad6b6b00d1dd84e1a1d51b86ff53,1
infected,/home/farhan/my-projects/pearl/data/infected/image10076.jpg,c14a944ce8d122a8ec075b6ad5fb1adb,1
infected,/home/farhan/my-projects/pearl/data/infected/image11244.jpg,c14ad7cb4e40298be41914dffebe45b1,1
infected,/home/farhan/my-projects/pearl/data/infected/Image_391.jpg,c15052124d410e4f6d79c06eb27f698f,1
infected,/home/farhan/my-projects/pearl/data/infected/image11698.jpg,c15adc71f498c13d0e5a6d0685988eb0,1
infected,/home/farhan/my-projects/pearl/data/infected/image11538.jpg,c15c90d2b9436b86cb169832d4fb39eb,1
infected,/home/farhan/my-projects/pearl/data/infected/image11501.jpg,c17f4f92ad01f23a675368d90e7ba0e6,1
infected,/home/farhan/my-projects/pearl/data/infected/Image_Rotate_Rotate_Right_235.jpg,c1acb5514bfb08ecd14725c2f845b8a7,1
infected,/home/farhan/my-projects/pearl/data/infected/image13145.jpg,c1bfa5ccef70ed5fce3cba2c8b03d673,1
infected,/home/farhan/my-projects/pearl/data/infected/image12139.jpg,c1c5e7a2e428ad01a6ae05991b4fa4ec,1
infected,/home/farhan/my-projects/pearl/data/infected/image11257.jpg,c20a2b8097715d459ff52b6e60c83c06,1
infected,/home/farhan/my-projects/pearl/data/infected/image10394.jpg,c21342279059d3d4f586df41965d2b10,1
infected,/home/farhan/my-projects/pearl/data/infected/image10847.jpg,c21bbf5efcdbeea384c860fe61a69303,1
infected,/home/farhan/my-projects/pearl/data/infected/Image_001.jpg,c2a489cab0a3836f75536cada50435d1,1
infected,/home/farhan/my-projects/pearl/data/infected/Image_resize_069.jpg,c2c6c274d7afa374844d085785e1a42a,1
infected,/home/farhan/my-projects/pearl/data/infected/image11986.jpg,c30856d90c0f9330b04048b2b7b1d42c,1
infected,/home/farhan/my-projects/pearl/data/infected/image10424.jpg,c308580017c7812cd90f4c02ddea96f8,1
infected,/home/farhan/my-projects/pearl/data/infected/image10088.jpg,c30b522633fb1c6308c779ac70f12ab2,1
infected,/home/farhan/my-projects/pearl/data/infected/Image_Rotate_Rotate_Right_295.jpg,c3488bcdcb561abddd16a717506ba02f,1
infected,/home/farhan/my-projects/pearl/data/infected/image11372.jpg,c364344b0932835de7f754da2fabdcb8,1
infected,/home/farhan/my-projects/pearl/data/infected/image11152.jpg,c372d1d70ae1ec3350fda69b58ed411e,1
infected,/home/farhan/my-projects/pearl/data/infected/Image_Rotate_Rotate_Right_293.jpg,c376ce7ca20e70780af8abfafcdd3b8c,1
infected,/home/farhan/my-projects/pearl/data/infected/image10766.jpg,c3b59e2ff19c493c6174d2e99d5054a4,1
infected,/home/farhan/my-projects/pearl/data/infected/Image_Rotate_Rotate_Right_313.jpg,c3c827a730638c164dc40bc8bad0795a,1
infected,/home/farhan/my-projects/pearl/data/infected/image10565.jpg,c4083b25c722cfab6346e0e889dd6c9a,1
infected,/home/farhan/my-projects/pearl/data/infected/image12834.jpg,c4266dee5c1e27d51f3a75488c3d2d49,1
infected,/home/farhan/my-projects/pearl/data/infected/image10645.jpg,c466898b96a20da7eaea6d7bcc4bcae4,1
infected,/home/farhan/my-projects/pearl/data/infected/Image_357.jpg,c47ee983ada2d7bef007a44267d73a66,1
infected,/home/farhan/my-projects/pearl/data/infected/image11644.jpg,c4b79316b84ff3c7d6d501502025bdb4,1
infected,/home/farhan/my-projects/pearl/data/infected/image10042.jpg,c4f3351e000598fcab482d2db76f7a72,1
infected,/home/farhan/my-projects/pearl/data/infected/image11661.jpg,c51370776f66ac42fa64d4fb7c0e7999,1
infected,/home/farhan/my-projects/pearl/data/infected/image12065.jpg,c525198a5e677cd6382450f8d3c2efab,1
infected,/home/farhan/my-projects/pearl/data/infected/Image_103.jpg,c52a77d9fe3eb7d563c09b3236bfd748,1
infected,/home/farhan/my-projects/pearl/data/infected/Image_Rotate_Rotate_Right_129.jpg,c536521e49e451c7ffbe7e3233cfc607,1
infected,/home/farhan/my-projects/pearl/data/infected/Image_Rotate_061.jpg,c543084856ab0a7a3cf1534369ad4094,1
infected,/home/farhan/my-projects/pearl/data/infected/Image_907.jpg,c570fcdf24d0369bf41423207e761120,1
infected,/home/farhan/my-projects/pearl/data/infected/image11517.jpg,c57548457d1b860730a61160bf710ca9,1
infected,/home/farhan/my-projects/pearl/data/infected/image10474.jpg,c5757836e7ff3166de9eae24903023f4,1
infected,/home/farhan/my-projects/pearl/data/infected/Image_367.jpg,c581eb1306d8e6add3c6f02900b54541,1
infected,/home/farhan/my-projects/pearl/data/infected/Image_017.jpg,c5c36d462bb0002fe48776ad67da063b,1
infected,/home/farhan/my-projects/pearl/data/infected/image12160.jpg,c5ee04c07adc041de67fc98c81195e29,1
infected,/home/farhan/my-projects/pearl/data/infected/image11359.jpg,c5fc3f17d2e4fbe6c48bed8e6ec11e7f,1
infected,/home/farhan/my-projects/pearl/data/infected/image11457.jpg,c60203dabc9b186cd9ba5b4f643c4cc3,1
infected,/home/farhan/my-projects/pearl/data/infected/image13143.jpg,c621dcfb72108ee630cee26ec93f5cfe,1
infected,/home/farhan/my-projects/pearl/data/infected/image11236.jpg,c63b606b600558dfce13aabd816b3148,1
infected,/home/farhan/my-projects/pearl/data/infected/image12927.jpg,c64fd5088d87d11e9bf01177803a454a,1
infected,/home/farhan/my-projects/pearl/data/infected/Image_701.jpg,c663465148bdf1444160044150a8a64b,1
infected,/home/farhan/my-projects/pearl/data/infected/image12144.jpg,c66a3396e4f85c5f655223fdf9b7e13d,1
infected,/home/farhan/my-projects/pearl/data/infected/image10186.jpg,c67ae5b30d93facd7f4fa88ccfb9f6be,1
infected,/home/farhan/my-projects/pearl/data/infected/image11634.jpg,c6870d10eab999ccf71778dfa7cf87bd,1
infected,/home/farhan/my-projects/pearl/data/infected/image11471.jpg,c68b70bf2c6a4b15f81eb3146e30c09b,1
infected,/home/farhan/my-projects/pearl/data/infected/image11330.jpg,c6a5ffd2e4f46b97f31bff8d464426c8,1
infected,/home/farhan/my-projects/pearl/data/infected/image11966.jpg,c6a905b0cd193fbc82c432645dba831d,1
infected,/home/farhan/my-projects/pearl/data/infected/image11411.jpg,c6b1ee18592c77d29361c2010a798a14,1
infected,/home/farhan/my-projects/pearl/data/infected/Image_055.jpg,c6b6037ca6e38e045a29b9bff12564c6,1
infected,/home/farhan/my-projects/pearl/data/infected/image12075.jpg,c6e6ff7a424688f37dfd419c4d9bcc94,1
infected,/home/farhan/my-projects/pearl/data/infected/image11479.jpg,c6f7a01040d34dca2c3a87ec8709932f,1
infected,/home/farhan/my-projects/pearl/data/infected/image12030.jpg,c702fa5c27a9dc5124825cd37308e23d,1
infected,/home/farhan/my-projects/pearl/data/infected/image11788.jpg,c738d8d1ae0cd7a930adb82303ef52fa,1
infected,/home/farhan/my-projects/pearl/data/infected/image12772.jpg,c741007481f175ad80aa386e3504dc13,1
infected,/home/farhan/my-projects/pearl/data/infected/Image_043.jpg,c77762c89ebf29c83e370f5ade9a638d,1
infected,/home/farhan/my-projects/pearl/data/infected/image10085.jpg,c778284ac0afb325c96606d81eb543f3,1
infected,/home/farhan/my-projects/pearl/data/infected/image12161.jpg,c7909e4af0d84bbaa716f70ff7a4ce81,1
infected,/home/farhan/my-projects/pearl/data/infected/Image_609.jpg,c7b1bdb4a07a9766553c87f07644f55e,1
infected,/home/farhan/my-projects/pearl/data/infected/image10686.jpg,c7e560f32f1c29e19f67038d1f601caf,1
infected,/home/farhan/my-projects/pearl/data/infected/image11709.jpg,c7f53d1f102509a625356ff18c1149f7,1
infected,/home/farhan/my-projects/pearl/data/infected/image10218.jpg,c7f6b07e8417754a18248c1d5e478642,1
infected,/home/farhan/my-projects/pearl/data/infected/Image_Rotate_Rotate_Right_217.jpg,c815ece9ea2645d215b746031614bcb6,1
infected,/home/farhan/my-projects/pearl/data/infected/image10867.jpg,c82af1549f600e1eb8a6ad63ac4d1336,1
infected,/home/farhan/my-projects/pearl/data/infected/image10109.jpg,c854cd0ff52461f4a420f29e09644f26,1
infected,/home/farhan/my-projects/pearl/data/infected/Image_resize_019.jpg,c862cce4b1ef3d9f193d4ef8d2a6344f,1
infected,/home/farhan/my-projects/pearl/data/infected/image10764.jpg,c869d1013311ab4407b2bff39594fe7f,1
infected,/home/farhan/my-projects/pearl/data/infected/Image_Rotate_195.jpg,c880ec2a94b8cfbfb74225e7a69fe701,1
infected,/home/farhan/my-projects/pearl/data/infected/image10853.jpg,c89b890b4f8740a43dd3e21d8ca3124f,1
infected,/home/farhan/my-projects/pearl/data/infected/image12540.jpg,c8d6752edb0b1f510e5339a96f366a8e,1
infected,/home/farhan/my-projects/pearl/data/infected/image10936.jpg,c8e8405ba93d593d5a05ed3caed3986b,1
infected,/home/farhan/my-projects/pearl/data/infected/image10591.jpg,c9027655b464d2a14abafec89467ddce,1
infected,/home/farhan/my-projects/pearl/data/infected/Image_Rotate_Rotate_Right_005.jpg,c907f27f2fa7f0067d8ba8d9a0dd82ac,1
infected,/home/farhan/my-projects/pearl/data/infected/Image_445.jpg,c92c27f0ccb15611f4abaea8850fd8ba,1
infected,/home/farhan/my-projects/pearl/data/infected/image10823.jpg,c93efd81051b9b92f190758d6557008e,1
infected,/home/farhan/my-projects/pearl/data/infected/image13135.jpg,c945ea61dbc5462fb800b39195f667c8,1
infected,/home/farhan/my-projects/pearl/data/infected/image10877.jpg,c94664aec5fc7b070cf6c96a0a8d86ff,1
infected,/home/farhan/my-projects/pearl/data/infected/image10563.jpg,c97a5bf336cc7394582f7b9f7e43f09d,1
infected,/home/farhan/my-projects/pearl/data/infected/image12134.jpg,c9cf984f49ce8eddc50d4284d49a0e51,1
infected,/home/farhan/my-projects/pearl/data/infected/image10728.jpg,c9db9892bb1a9531da7d567558a0af38,1
infected,/home/farhan/my-projects/pearl/data/infected/Image_Rotate_089.jpg,c9ef105c87d04456c6ae3ab3f88f4889,1
infected,/home/farhan/my-projects/pearl/data/infected/Image_729.jpg,ca2ea22a6864a201c5212be1758418fa,1
infected,/home/farhan/my-projects/pearl/data/infected/Image_525.jpg,ca42484aec0806b9f00a0c79a4f90994,1
infected,/home/farhan/my-projects/pearl/data/infected/Image_823.jpg,ca64d3d35b95f724745c641f091293c1,1
infected,/home/farhan/my-projects/pearl/data/infected/image12415.jpg,ca99bed2f9f02af26e6f3d72369604b3,1
infected,/home/farhan/my-projects/pearl/data/infected/Image_Rotate_Rotate_Right_077.jpg,cab83ab641ec6d9dc2cf596f5f0d7bb6,1
infected,/home/farhan/my-projects/pearl/data/infected/image11166.jpg,cae247f1129b5d0bd0d853b6f664e49b,1
infected,/home/farhan/my-projects/pearl/data/infected/Image_111.jpg,caee812c0aef45375e0ee3d599ff802e,1
infected,/home/farhan/my-projects/pearl/data/infected/image12222.jpg,cb092acee16512f1197fc5b889a2cc6a,1
infected,/home/farhan/my-projects/pearl/data/infected/image12612.jpg,cb1fd68f15988ab7c36e1cbde94f1ca1,1
infected,/home/farhan/my-projects/pearl/data/infected/image10300.jpg,cb3c639d3e703d5acf14bfc293345cd9,1
infected,/home/farhan/my-projects/pearl/data/infected/image11272.jpg,cb3de4d70b8bc59ea154995b3130b3fd,1
infected,/home/farhan/my-projects/pearl/data/infected/image12544.jpg,cb9a1f3cfc0dbd8ede00ca1bb278bb1a,1
infected,/home/farhan/my-projects/pearl/data/infected/image12676.jpg,cba345c65c65872c5f4680d5ffb450a0,1
infected,/home/farhan/my-projects/pearl/data/infected/image10265.jpg,cbb0bf846b1137954d1c6f499dc4ca59,1
infected,/home/farhan/my-projects/pearl/data/infected/image11408.jpg,cbb0f189be833fe7392c01902649dab2,1
infected,/home/farhan/my-projects/pearl/data/infected/image12631.jpg,cbbd79f3653df2778c5110acea722ae9,1
infected,/home/farhan/my-projects/pearl/data/infected/image11388.jpg,cbc1561f064743df6c606c5a3b6bc904,1
infected,/home/farhan/my-projects/pearl/data/infected/Image_Rotate_Rotate_Right_213.jpg,cbc2fb04cbd9b37714b3c019ead2a022,1
infected,/home/farhan/my-projects/pearl/data/infected/image12646.jpg,cbcb339ea67bc8de0580cc096fb4b48e,1
infected,/home/farhan/my-projects/pearl/data/infected/image10676.jpg,cbe0e5f8b5d9f114870e164ed1c211f9,1
infected,/home/farhan/my-projects/pearl/data/infected/image10639.jpg,cbf51bb54c813661e1253b2950127692,1
infected,/home/farhan/my-projects/pearl/data/infected/image10105.jpg,cc54f40c54b3d25668ed2c942d8481c9,1
infected,/home/farhan/my-projects/pearl/data/infected/Image_Rotate_Rotate_Right_373.jpg,cc8908f462ef3fa54fa917f5738d67e3,1
infected,/home/farhan/my-projects/pearl/data/infected/Image_239.jpg,cc95eea81a7e47b47bb498ef1216ebbb,1
infected,/home/farhan/my-projects/pearl/data/infected/image11441.jpg,ccaf2434b95b2bad8858b22e719be6d1,1
infected,/home/farhan/my-projects/pearl/data/infected/image10117.jpg,ccc5f6f334e55cb88e899736bd55d888,1
infected,/home/farhan/my-projects/pearl/data/infected/image12995.jpg,ccd2d7ee43337be4dfe33c6be51ed741,1
infected,/home/farhan/my-projects/pearl/data/infected/image12802.jpg,ccd4c9bc8a6bdd1d2dcecc682f57a937,1
infected,/home/farhan/my-projects/pearl/data/infected/Image_715.jpg,ccd626f4488fe97f2a354f209a136556,1
infected,/home/farhan/my-projects/pearl/data/infected/image10681.jpg,cce0ab7d234734c3342e0e1b6f4173fb,1
infected,/home/farhan/my-projects/pearl/data/infected/image11708.jpg,cce3bce2c81d7be84fc44d1b63e88fbd,1
infected,/home/farhan/my-projects/pearl/data/infected/image12925.jpg,ccfa55f0d2a94ce82963722901bc05dd,1
infected,/home/farhan/my-projects/pearl/data/infected/image10588.jpg,cd1cae05b5007018e142254af92131c1,1
infected,/home/farhan/my-projects/pearl/data/infected/image12669.jpg,cd52ad4324e2ef2fd40bf78ec23cf130,1
infected,/home/farhan/my-projects/pearl/data/infected/image13151.jpg,cd58fe277d2424d48ea61ed992878b27,1
infected,/home/farhan/my-projects/pearl/data/infected/image10428.jpg,cd601d5ac278bde1e86ce335e5d01658,1
infected,/home/farhan/my-projects/pearl/data/infected/Image_279.jpg,cd7c70af6ac116b340855458eedf0747,1
infected,/home/farhan/my-projects/pearl/data/infected/image11447.jpg,cdaef978f9584c2eef0ac8be001e8077,1
infected,/home/farhan/my-projects/pearl/data/infected/image11895.jpg,cdb827359848cfcca743630fde9f346b,1
infected,/home/farhan/my-projects/pearl/data/infected/image10158.jpg,cdf0b301273dadf839b5d95117e6395f,1
infected,/home/farhan/my-projects/pearl/data/infected/image13111.jpg,cdf8aeae0fe0b4a48796adc5b7a56954,1
infected,/home/farhan/my-projects/pearl/data/infected/image12797.jpg,ce19487021ac1bf2f361001af928466d,1
infected,/home/farhan/my-projects/pearl/data/infected/image11916.jpg,ce45f151aedcf98f8d94f2b2c15a55cc,1
infected,/home/farhan/my-projects/pearl/data/infected/image13074.jpg,ce49f7a1a6ea3344e5719b2b262a890d,1
infected,/home/farhan/my-projects/pearl/data/infected/image13088.jpg,ce4d49debafe7bbd6c843727869f892f,1
infected,/home/farhan/my-projects/pearl/data/infected/image11700.jpg,ce4d5f773857ae4b70dabc29c9be19e6,1
infected,/home/farhan/my-projects/pearl/data/infected/Image_Rotate_075.jpg,ce53554c01ba0aa6fb5efc398c96b001,1
infected,/home/farhan/my-projects/pearl/data/infected/image12120.jpg,ce609d0662cafed9a8482b95e9a6ff5b,1
infected,/home/farhan/my-projects/pearl/data/infected/image12608.jpg,ce70c837c3c851fc2262209d199a21f8,1
infected,/home/farhan/my-projects/pearl/data/infected/image10149.jpg,ce84e1c398118ba612adcae1faafc85c,1
infected,/home/farhan/my-projects/pearl/data/infected/image12745.jpg,ceb37449d534d385b390112a663a56ae,1
infected,/home/farhan/my-projects/pearl/data/infected/Image_643.jpg,cec3970dfae6cd109db978956062ee4b,1
infected,/home/farhan/my-projects/pearl/data/infected/image10054.jpg,cedad19e0e3e4ac438b01ee5defda396,1
infected,/home/farhan/my-projects/pearl/data/infected/Image_853.jpg,cefe7335bfcd3035f2ad2ceb81e059df,1
infected,/home/farhan/my-projects/pearl/data/infected/image10120.jpg,cf37167a2ccb8c34baf2a2938b89a1d9,1
infected,/home/farhan/my-projects/pearl/data/infected/image11327.jpg,cf5aa5b88bda82a6de372134f61b9665,1
infected,/home/farhan/my-projects/pearl/data/infected/image10617.jpg,cf6971875cef3a4eca9ac4c8f679abdf,1
infected,/home/farhan/my-projects/pearl/data/infected/image10069.jpg,cf7603df1e85476d8213e10c6ba6c8e6,1
infected,/home/farhan/my-projects/pearl/data/infected/image11387.jpg,cf808b10f9be8686b61f50e31c5acc5c,1
infected,/home/farhan/my-projects/pearl/data/infected/image13144.jpg,cf94ea5e46825809b5f5916ade6d152c,1
infected,/home/farhan/my-projects/pearl/data/infected/Image_597.jpg,cfa758930dcdfed4481f511820b1ee00,1
infected,/home/farhan/my-projects/pearl/data/infected/image11732.jpg,cfabcc6c46fd248e63341c110050509f,1
infected,/home/farhan/my-projects/pearl/data/infected/image10833.jpg,d01899d3b3e9508079cd5e446a060637,1
infected,/home/farhan/my-projects/pearl/data/infected/image11994.jpg,d05247206dc855a6f074e1cc9d17b48d,1
infected,/home/farhan/my-projects/pearl/data/infected/image12875.jpg,d05e499f6de6efa92557bd9a5a024fa7,1
infected,/home/farhan/my-projects/pearl/data/infected/Image_Rotate_Rotate_Right_203.jpg,d07fbc173ed63cc1bb20f125f46903f0,1
infected,/home/farhan/my-projects/pearl/data/infected/image13123.jpg,d0ac9e6c15f937b27714822ce55d3775,1
infected,/home/farhan/my-projects/pearl/data/infected/image10539.jpg,d0b435e7782cc4d770db9455cd528787,1
infected,/home/farhan/my-projects/pearl/data/infected/image10477.jpg,d0ba9c37af60053478241d1e128984e6,1
infected,/home/farhan/my-projects/pearl/data/infected/Image_Rotate_Rotate_Right_399.jpg,d0c4545aea4245e9ea1566646d516f0a,1
infected,/home/farhan/my-projects/pearl/data/infected/image10513.jpg,d0d794e372ab7e9923593ade7e5868e7,1
infected,/home/farhan/my-projects/pearl/data/infected/image11284.jpg,d0e9c31c7a68b4f65cc805752b3030ca,1
infected,/home/farhan/my-projects/pearl/data/infected/image11831.jpg,d1074bbd18484f6988374fbd9b9ddc66,1
infected,/home/farhan/my-projects/pearl/data/infected/image11857.jpg,d128a0668c5b1c6855340ac4b8f33ccd,1
infected,/home/farhan/my-projects/pearl/data/infected/Image_085.jpg,d13d28705561bbde7d45d6c303d5d71b,1
infected,/home/farhan/my-projects/pearl/data/infected/image11784.jpg,d1444f727bec856bbb3ad2bfe1a6a708,1
infected,/home/farhan/my-projects/pearl/data/infected/image10429.jpg,d16082f90a0080abe793fa50376da419,1
infected,/home/farhan/my-projects/pearl/data/infected/Image_215.jpg,d1770687ad264f7258e9a3ec6ee9d159,1
infected,/home/farhan/my-projects/pearl/data/infected/Image_723.jpg,d18556e16ab925b01bfd9767158bd175,1
infected,/home/farhan/my-projects/pearl/data/infected/image13034.jpg,d19d7ef758b1d78a6a07c31bb8c573c9,1
infected,/home/farhan/my-projects/pearl/data/infected/image11318.jpg,d1b92b44bcec7709ae1e086fc6d05e06,1
infected,/home/farhan/my-projects/pearl/data/infected/image12104.jpg,d1c155c947a1c432ce483622ad3bfe31,1
infected,/home/farhan/my-projects/pearl/data/infected/image10861.jpg,d1c20616c8f40479b580944e01fbe0e0,1
infected,/home/farhan/my-projects/pearl/data/infected/image10836.jpg,d1da93dc48ef5c3ae2404fd443ffe368,1
infected,/home/farhan/my-projects/pearl/data/infected/Image_545.jpg,d1e8aaf22f405fac97d98bafea32ad20,1
infected,/home/farhan/my-projects/pearl/data/infected/image11429.jpg,d1f9a6611d7bb91dea03cad853a92078,1
infected,/home/farhan/my-projects/pearl/data/infected/image12673.jpg,d22657b965629871a3e42885eb3ab4ad,1
infected,/home/farhan/my-projects/pearl/data/infected/Image_539.jpg,d22fe322c839a413b36c2fa1b5c19294,1
infected,/home/farhan/my-projects/pearl/data/infected/image10308.jpg,d24c122515349532378a5de4e3df6ff6,1
infected,/home/farhan/my-projects/pearl/data/infected/image12069.jpg,d2545e9cf06ede528b740c98c448bb4c,1
infected,/home/farhan/my-projects/pearl/data/infected/image10080.jpg,d262a9545894d51cd032683c6fb89c1e,1
infected,/home/farhan/my-projects/pearl/data/infected/image11723.jpg,d2a7f34ee8dcb23a415e3ca1b4b38639,1
infected,/home/farhan/my-projects/pearl/data/infected/Image_Rotate_Rotate_Right_245.jpg,d2b3b6b259abfc8b6df823c7c571f5be,1
infected,/home/farhan/my-projects/pearl/data/infected/Image_615.jpg,d2d03245995a7ad6a9427e286f676dd9,1
infected,/home/farhan/my-projects/pearl/data/infected/image12056.jpg,d2dbc36ccfa2e1890a8e656438a14aa9,1
infected,/home/farhan/my-projects/pearl/data/infected/image11960.jpg,d2ddcdcf1677ac41d18ed884985d0901,1
infected,/home/farhan/my-projects/pearl/data/infected/image10356.jpg,d2ddffe902261b1a0a391dc002e1fcb0,1
infected,/home/farhan/my-projects/pearl/data/infected/image10559.jpg,d30872a661b8c473a8d7e44719180545,1
infected,/home/farhan/my-projects/pearl/data/infected/image13149.jpg,d331d19caf4c3c262109c467bc4c90d1,1
infected,/home/farhan/my-projects/pearl/data/infected/Image_Rotate_Rotate_Right_043.jpg,d36d8e9efe95a23492f0e3782211a537,1
infected,/home/farhan/my-projects/pearl/data/infected/image12389.jpg,d3bf4ecfe05e2e3dcdf8dea1ea058f1a,1
infected,/home/farhan/my-projects/pearl/data/infected/image11342.jpg,d3da5012fa726f927896358464fe2f9d,1
infected,/home/farhan/my-projects/pearl/data/infected/image10690.jpg,d3e1baaf805449f6e36d928f075b8e81,1
infected,/home/farhan/my-projects/pearl/data/infected/image12084.jpg,d3f253bc2ed8a49b6c5ac9bcc8e6c672,1
infected,/home/farhan/my-projects/pearl/data/infected/image11242.jpg,d3f370d920e661c4a755dff13bbbd12e,1
infected,/home/farhan/my-projects/pearl/data/infected/Image_301.jpg,d3f739af5de2993126bb8fadfc3c4af8,1
infected,/home/farhan/my-projects/pearl/data/infected/Image_795.jpg,d3f7933d93e22c01e0a85b76d4d2d45b,1
infected,/home/farhan/my-projects/pearl/data/infected/image11610.jpg,d405a4a4385060c784051bfbe16ad039,1
infected,/home/farhan/my-projects/pearl/data/infected/image12854.jpg,d407ad5625cfdda9b15c7c139a5ef627,1
infected,/home/farhan/my-projects/pearl/data/infected/image10515.jpg,d408b1a9dfedce5fd1bdd3d5ef53e84e,1
infected,/home/farhan/my-projects/pearl/data/infected/image10333.jpg,d419340de8223140a84d40b4c49ff071,1
infected,/home/farhan/my-projects/pearl/data/infected/image11169.jpg,d42233236b4384a38f894c64834cc027,1
infected,/home/farhan/my-projects/pearl/data/infected/image11911.jpg,d425073025277165c528727108a1ad0a,1
infected,/home/farhan/my-projects/pearl/data/infected/Image_923.jpg,d428d9e7181f86e577bae0abdb2dfcb6,1
infected,/home/farhan/my-projects/pearl/data/infected/image11177.jpg,d43b9abb153712763d7c37578a9d3bf6,1
infected,/home/farhan/my-projects/pearl/data/infected/image10538.jpg,d44ede60567a769aacb7599822f11028,1
infected,/home/farhan/my-projects/pearl/data/infected/image12023.jpg,d46d53967f9f891fce1d98e5036fc343,1
infected,/home/farhan/my-projects/pearl/data/infected/image11264.jpg,d47d27f43de9a51533ba7e4a13fb2b90,1
infected,/home/farhan/my-projects/pearl/data/infected/image11467.jpg,d489cac235b1c49ab2d29722c43139b0,1
infected,/home/farhan/my-projects/pearl/data/infected/Image_Rotate_007.jpg,d49206a559f4b7d5499749a1541a3dbc,1
infected,/home/farhan/my-projects/pearl/data/infected/Image_425.jpg,d49a57fbbc8b11320f08e7c36133309d,1
infected,/home/farhan/my-projects/pearl/data/infected/Image_471.jpg,d4a026b013d12073d52cef29937e6b6f,1
infected,/home/farhan/my-projects/pearl/data/infected/image11720.jpg,d4b9f6fdfff87c1ba2fd9f79e6eae017,1
infected,/home/farhan/my-projects/pearl/data/infected/image12930.jpg,d4d5c302a64be2b440eb3eea9eaf0ed2,1
infected,/home/farhan/my-projects/pearl/data/infected/image11161.jpg,d4e6a9edb03ab88e57651ffd2ec6db3d,1
infected,/home/farhan/my-projects/pearl/data/infected/image10131.jpg,d4ea46c4b067f3ad28e82e50af70d73a,1
infected,/home/farhan/my-projects/pearl/data/infected/image13081.jpg,d4f2c0810cb537cddd5151e67fcd1ce6,1
infected,/home/farhan/my-projects/pearl/data/infected/image11286.jpg,d4fda57c222129205c54743190be5443,1
infected,/home/farhan/my-projects/pearl/data/infected/image11413.jpg,d50202b67c133e56a975dae338cb00f5,1
infected,/home/farhan/my-projects/pearl/data/infected/Image_411.jpg,d520562300f3f40139bacca9fa85cc9b,1
infected,/home/farhan/my-projects/pearl/data/infected/Image_521.jpg,d5292b25c1ec3944548ab652f371c158,1
infected,/home/farhan/my-projects/pearl/data/infected/image10852.jpg,d534f8f2ebe5ffbeaa3a68912d3ff018,1
infected,/home/farhan/my-projects/pearl/data/infected/image13069.jpg,d590ff3b51f247bf21c736cd090913fe,1
infected,/home/farhan/my-projects/pearl/data/infected/Image_041.jpg,d5a6b21236bb402f546d9911f500775f,1
infected,/home/farhan/my-projects/pearl/data/infected/Image_Rotate_161.jpg,d5d123280bdf3893c0902894412b707f,1
infected,/home/farhan/my-projects/pearl/data/infected/image10389.jpg,d5edc7bb17df1148562c2091a2f441a0,1
infected,/home/farhan/my-projects/pearl/data/infected/image11915.jpg,d5eed83f510e4b03456efc02578d856b,1
infected,/home/farhan/my-projects/pearl/data/infected/image10920.jpg,d601092eaa2a61c155c1710005ec380f,1
infected,/home/farhan/my-projects/pearl/data/infected/image10024.jpg,d6042a28fb4b3db4a62bc2ebde3936d1,1
infected,/home/farhan/my-projects/pearl/data/infected/image10310.jpg,d606e9af3cd78998da3632c9a231dda6,1
infected,/home/farhan/my-projects/pearl/data/infected/image10152.jpg,d60df4fe912a8bfb300cfe4edef979b1,1
infected,/home/farhan/my-projects/pearl/data/infected/Image_691.jpg,d63b8cf68045e55bc89f2a21909ed3b2,1
infected,/home/farhan/my-projects/pearl/data/infected/image10393.jpg,d63ed14da06cffd1d78621d2785abcfd,1
infected,/home/farhan/my-projects/pearl/data/infected/image12638.jpg,d65c086bbe92425b69eeb057a9ebebc3,1
infected,/home/farhan/my-projects/pearl/data/infected/Image_Rotate_111.jpg,d678df215d4d2fd6f0ecdc8778daa91a,1
infected,/home/farhan/my-projects/pearl/data/infected/Image_Rotate_Rotate_Right_065.jpg,d688e669acb91b3f797cefacbf1c0397,1
infected,/home/farhan/my-projects/pearl/data/infected/Image_175.jpg,d6aabe8d645df6ad82e037c233fb66db,1
infected,/home/farhan/my-projects/pearl/data/infected/image11237.jpg,d6c1ae3a74b20e9919eeb53bb01bf5af,1
infected,/home/farhan/my-projects/pearl/data/infected/image10714.jpg,d7009561f32ce6618e17dd6e22ab8396,1
infected,/home/farhan/my-projects/pearl/data/infected/image11576.jpg,d70bc2ef547a7678c7bb848dfc4d90df,1
infected,/home/farhan/my-projects/pearl/data/infected/image11180.jpg,d71569fa1a4b9b403f2dce87932b3550,1
infected,/home/farhan/my-projects/pearl/data/infected/image12991.jpg,d738d9bd0d7cc39a0cf638915e41b667,1
infected,/home/farhan/my-projects/pearl/data/infected/Image_Rotate_Rotate_Right_115.jpg,d75417875b709b1b98f21216b9ea41f2,1
infected,/home/farhan/my-projects/pearl/data/infected/image10915.jpg,d7736b8ebe9caa2d4d3bbe924a04fcdb,1
infected,/home/farhan/my-projects/pearl/data/infected/image10558.jpg,d779bb9bc2242cb33d5c603d58188011,1
infected,/home/farhan/my-projects/pearl/data/infected/image10087.jpg,d791c978d49f1c5e4c79be961775a7ce,1
infected,/home/farhan/my-projects/pearl/data/infected/image11487.jpg,d7a0fb9beb540f5edbee3a821c511290,1
infected,/home/farhan/my-projects/pearl/data/infected/image13138.jpg,d7bea72d388b306af844413a67e5b4eb,1
infected,/home/farhan/my-projects/pearl/data/infected/Image_resize_001.jpg,d7d89540a8c5fe05e753af5351fc6e27,1
infected,/home/farhan/my-projects/pearl/data/infected/Image_Rotate_Rotate_Right_147.jpg,d80c2c16df3303b1c47df4144c525226,1
infected,/home/farhan/my-projects/pearl/data/infected/image10083.jpg,d81599d8a2fe0f3c42d2781c6b9c71a2,1
infected,/home/farhan/my-projects/pearl/data/infected/image10542.jpg,d835845c42889a6421631c90a9933bee,1
infected,/home/farhan/my-projects/pearl/data/infected/image11390.jpg,d8397025ef3086f04d36c06393bd5249,1
infected,/home/farhan/my-projects/pearl/data/infected/image12671.jpg,d84239b64b453a042f45285d7eec317e,1
infected,/home/farhan/my-projects/pearl/data/infected/Image_Rotate_099.jpg,d84ac945741458b44f5ca0e2ce47f9b4,1
infected,/home/farhan/my-projects/pearl/data/infected/image11340.jpg,d84cd4ca7419c1fda658b833bd1d24e2,1
infected,/home/farhan/my-projects/pearl/data/infected/image12946.jpg,d85e9b46a1039ce8b24f11ea9b476e2f,1
infected,/home/farhan/my-projects/pearl/data/infected/Image_761.jpg,d86b50cb2ce324b188e2850501568e4a,1
infected,/home/farhan/my-projects/pearl/data/infected/Image_181.jpg,d87215d1ceae1e447d5e6231ab4217af,1
infected,/home/farhan/my-projects/pearl/data/infected/image10554.jpg,d88d4e914f279e5b8cbcfc77dd109de5,1
infected,/home/farhan/my-projects/pearl/data/infected/image12393.jpg,d890a140f8e51386b35f4a567707ca51,1
infected,/home/farhan/my-projects/pearl/data/infected/Image_resize_165.jpg,d893b317be16d989ca8683ac4772a4d9,1
infected,/home/farhan/my-projects/pearl/data/infected/image12488.jpg,d8a1d91f6a6a503a0f2e6413673e598e,1
infected,/home/farhan/my-projects/pearl/data/infected/image11305.jpg,d8aac425ebafefb0cac3b556465e7232,1
infected,/home/farhan/my-projects/pearl/data/infected/image11254.jpg,d8d237ae92747ec617a7dc807e95864d,1
infected,/home/farhan/my-projects/pearl/data/infected/Image_801.jpg,d8ef812fc2366c86e28fa9216aca3f38,1
infected,/home/farhan/my-projects/pearl/data/infected/Image_003.jpg,d90ab028384f8b88bde61f84b3fa9c9c,1
infected,/home/farhan/my-projects/pearl/data/infected/image10176.jpg,d90eae42d2b23204a45d648dd966287c,1
infected,/home/farhan/my-projects/pearl/data/infected/Image_Rotate_169.jpg,d912751fd8f97e7ceb896afba0811049,1
infected,/home/farhan/my-projects/pearl/data/infected/image11555.jpg,d93154b813c15212d806135ed167025c,1
infected,/home/farhan/my-projects/pearl/data/infected/image11988.jpg,d931b36d02f38ead42693f333264004c,1
infected,/home/farhan/my-projects/pearl/data/infected/Image_resize_027.jpg,d94112af45252141122e379090e8b6d2,1
infected,/home/farhan/my-projects/pearl/data/infected/image12945.jpg,d9613b65c21b48a2d99a03ae3e36a5db,1
infected,/home/farhan/my-projects/pearl/data/infected/image10103.jpg,d962567fa30ffc5e96e3f9a9dc6eadfc,1
infected,/home/farhan/my-projects/pearl/data/infected/image11481.jpg,d96e34d78bfa1dcb7b1f9490a68ccad9,1
infected,/home/farhan/my-projects/pearl/data/infected/Image_Rotate_057.jpg,d973bcb8314273c4f412c602c86f1742,1
infected,/home/farhan/my-projects/pearl/data/infected/image11214.jpg,d985ffeda68cefa9052368f1e5b6eab6,1
infected,/home/farhan/my-projects/pearl/data/infected/image11696.jpg,d9b07c5831b08ec510ca4642ea8dda5c,1
infected,/home/farhan/my-projects/pearl/data/infected/image10721.jpg,d9b16c8f55f3180e92f0660bb7d3c5ba,1
infected,/home/farhan/my-projects/pearl/data/infected/Image_971.jpg,d9b5cdd1cc66a77fcc01d4c4a4a56d8b,1
infected,/home/farhan/my-projects/pearl/data/infected/image11632.jpg,d9dbc0aa529babe849608e4099076948,1
infected,/home/farhan/my-projects/pearl/data/infected/image10238.jpg,d9ff0afc46eb438a4069cc47d70229a3,1
infected,/home/farhan/my-projects/pearl/data/infected/image12739.jpg,da12b082e2ae2b15ec22980838992941,1
infected,/home/farhan/my-projects/pearl/data/infected/image10439.jpg,da1ca4116d1b18dec06ca8d00d89cf0d,1
infected,/home/farhan/my-projects/pearl/data/infected/Image_resize_099.jpg,da36450053f117682c9f785076eac477,1
infected,/home/farhan/my-projects/pearl/data/infected/image10575.jpg,da48a0ea8dcb64c544d1e2c771aa2368,1
infected,/home/farhan/my-projects/pearl/data/infected/image12395.jpg,da62273f4643775ebca56dc44168f99f,1
infected,/home/farhan/my-projects/pearl/data/infected/Image_resize_115.jpg,da681064f5e36dc52cb96e7121558ffb,1
infected,/home/farhan/my-projects/pearl/data/infected/image10736.jpg,da7080e86edfc7f7f4dcf71c7a8cfda1,1
infected,/home/farhan/my-projects/pearl/data/infected/image11358.jpg,da7591749342bb87e75759ed22da029e,1
infected,/home/farhan/my-projects/pearl/data/infected/image13142.jpg,daa9aa59dd1e2302bf77f169cf401c0b,1
infected,/home/farhan/my-projects/pearl/data/infected/image10413.jpg,dab6097682e3f6067aac70b731494893,1
infected,/home/farhan/my-projects/pearl/data/infected/image11701.jpg,dabdd1cb6e9257f402b3b53358cfb264,1
infected,/home/farhan/my-projects/pearl/data/infected/image10555.jpg,dac67cedb2e853adf4c53bb6245760d3,1
infected,/home/farhan/my-projects/pearl/data/infected/image10663.jpg,db3ed8c30cc54009cbf858ebd907bf3f,1
infected,/home/farhan/my-projects/pearl/data/infected/Image_Rotate_Rotate_Right_069.jpg,db5d1a376dcc741ada14085e7bf9eb6b,1
infected,/home/farhan/my-projects/pearl/data/infected/image12172.jpg,db6118742eaf56d63b5f21513fb29c3b,1
infected,/home/farhan/my-projects/pearl/data/infected/image12955.jpg,db79e7f131db97b729e9cce7d161f9a4,1
infected,/home/farhan/my-projects/pearl/data/infected/Image_341.jpg,db8c1096befc67114de0dd6a21d23c7a,1
infected,/home/farhan/my-projects/pearl/data/infected/Image_081.jpg,dba520ed70037668ee79748a8d5bea12,1
infected,/home/farhan/my-projects/pearl/data/infected/Image_845.jpg,dba6acc245ecb9da4ccd84fa3c99ed23,1
infected,/home/farhan/my-projects/pearl/data/infected/image10741.jpg,dbacf1885f48c1bea1cc776070fa33f0,1
infected,/home/farhan/my-projects/pearl/data/infected/image10670.jpg,dbbd2e5582b291e9074c3d68bd592ae7,1
infected,/home/farhan/my-projects/pearl/data/infected/image10447.jpg,dbc3329c285c1eaefce448bf9a5c82df,1
infected,/home/farhan/my-projects/pearl/data/infected/Image_137.jpg,dbc96b9ba14e2fcf1b2b9f4c9aa998f1,1
infected,/home/farhan/my-projects/pearl/data/infected/image12017.jpg,dbce39f61da155760ace151ebf372f41,1
infected,/home/farhan/my-projects/pearl/data/infected/image11537.jpg,dbd9ebee4a31494ebf4633976b9c41dd,1
infected,/home/farhan/my-projects/pearl/data/infected/image10579.jpg,dc05f909e6f1587ac7105c7c7e5ba4da,1
infected,/home/farhan/my-projects/pearl/data/infected/image12665.jpg,dc0b406eeb219646a6ba6197c3b696c5,1
infected,/home/farhan/my-projects/pearl/data/infected/Image_165.jpg,dc0e03c46297153ec197d0b8a145edf1,1
infected,/home/farhan/my-projects/pearl/data/infected/image12263.jpg,dc1587530e0f72155e4c96b98d38c08d,1
infected,/home/farhan/my-projects/pearl/data/infected/image10137.jpg,dc27d218d13db3ec0667cf94083a23a4,1
infected,/home/farhan/my-projects/pearl/data/infected/image12587.jpg,dc418d4f5be815cec8dfe50b4cf4209a,1
infected,/home/farhan/my-projects/pearl/data/infected/Image_Rotate_Rotate_Right_087.jpg,dc4f71e1d8c61bc35925558ed62ff105,1
infected,/home/farhan/my-projects/pearl/data/infected/image12278.jpg,dc5201da27e9746c095554b52740bd64,1
infected,/home/farhan/my-projects/pearl/data/infected/image10465.jpg,dc6ad60b42eb82809d741bd67041749e,1
infected,/home/farhan/my-projects/pearl/data/infected/image12750.jpg,dc6dbf2889232d524fb1ca92f9102b61,1
infected,/home/farhan/my-projects/pearl/data/infected/Image_423.jpg,dc79e04cebc895598cc2e9d36980c83e,1
infected,/home/farhan/my-projects/pearl/data/infected/image10875.jpg,dc8066439ffe774a617d68cde47c4e63,1
infected,/home/farhan/my-projects/pearl/data/infected/image10705.jpg,dc980929ecea63fda6bdcbbc2672a140,1
infected,/home/farhan/my-projects/pearl/data/infected/image11718.jpg,dcb155e18c08bef6a8e3a607e961bd1a,1
infected,/home/farhan/my-projects/pearl/data/infected/image11927.jpg,dcc08853808c94a42a57e815abd99c51,1
infected,/home/farhan/my-projects/pearl/data/infected/image10288.jpg,dcd4d71868ffe7bc67993ac0ea2ffc13,1
infected,/home/farhan/my-projects/pearl/data/infected/image10906.jpg,dce418c18a0f9352dfa1930e2884e475,1
infected,/home/farhan/my-projects/pearl/data/infected/image10715.jpg,dcf26005e47c946a253be9cf2107b3da,1
infected,/home/farhan/my-projects/pearl/data/infected/image10062.jpg,dcfe58ecc63bb1e0df0276a63ce079e7,1
infected,/home/farhan/my-projects/pearl/data/infected/image11714.jpg,dd02e50990182d403a7fd74d4fd0c673,1
infected,/home/farhan/my-projects/pearl/data/infected/image10512.jpg,dd0b7152cf250a74fa06d1a9b2d1ce9c,1
infected,/home/farhan/my-projects/pearl/data/infected/Image_Rotate_029.jpg,dd3d9b90e34ff92446a1e7bc800fa0ba,1
infected,/home/farhan/my-projects/pearl/data/infected/Image_Rotate_095.jpg,dd48e12954f61433201ceb6af8cf5da3,1
infected,/home/farhan/my-projects/pearl/data/infected/Image_179.jpg,dd5f1418a21eb8710117e3dd9ad91c70,1
infected,/home/farhan/my-projects/pearl/data/infected/Image_133.jpg,dd6965636d0e55697ac905f2cdabe276,1
infected,/home/farhan/my-projects/pearl/data/infected/Image_resize_061.jpg,dd69ed0110d8560bf84c924e273f0289,1
infected,/home/farhan/my-projects/pearl/data/infected/Image_Rotate_123.jpg,dd6ce31b61a2982c03c08351536cd1aa,1
infected,/home/farhan/my-projects/pearl/data/infected/Image_811.jpg,dd8b03e5c1964dcf54d0039c3d3ebce5,1
infected,/home/farhan/my-projects/pearl/data/infected/Image_Rotate_Rotate_Right_059.jpg,dd94c9f019608ba11c15551efef59ba4,1
infected,/home/farhan/my-projects/pearl/data/infected/Image_Rotate_017.jpg,ddbd0b8ef0fe90031778570a848a0b4a,1
infected,/home/farhan/my-projects/pearl/data/infected/Image_433.jpg,ddcdf11e0f5571a2db8127c6966b9493,1
infected,/home/farhan/my-projects/pearl/data/infected/image10887.jpg,ddd998b58dbe945535a44a82f7673741,1
infected,/home/farhan/my-projects/pearl/data/infected/image12883.jpg,ddee268ce1d04caa7e32dcfe1e2383dd,1
infected,/home/farhan/my-projects/pearl/data/infected/image10666.jpg,ddef5621a660fa22e971be6ee76a433a,1
infected,/home/farhan/my-projects/pearl/data/infected/Image_587.jpg,de03a6e02a5e4aad14c645af8137569d,1
infected,/home/farhan/my-projects/pearl/data/infected/Image_Rotate_117.jpg,de049a89a3ce6df57b51501ed0721fa7,1
infected,/home/farhan/my-projects/pearl/data/infected/image10524.jpg,de0f59b6d1e94c9ce82378b2c04e88c8,1
infected,/home/farhan/my-projects/pearl/data/infected/image10510.jpg,de123aef369698c559477c3c75808766,1
infected,/home/farhan/my-projects/pearl/data/infected/image10870.jpg,de12a3a7ff07b0ec52159ce91ae5c0e7,1
infected,/home/farhan/my-projects/pearl/data/infected/image10611.jpg,de27c8da862536cd62af4bf1b806706c,1
infected,/home/farhan/my-projects/pearl/data/infected/image10893.jpg,de550502b101c36713f83567c0d3c5d0,1
infected,/home/farhan/my-projects/pearl/data/infected/image11228.jpg,de60386041eb0189403ace303b8c6e5d,1
infected,/home/farhan/my-projects/pearl/data/infected/image10498.jpg,de680d029bf22b10ff19ab65cf5caffb,1
infected,/home/farhan/my-projects/pearl/data/infected/image10039.jpg,de6e9ef5e9a37599b2136efa433d4b8d,1
infected,/home/farhan/my-projects/pearl/data/infected/image11463.jpg,de7702c59ac1781f8b0916082e8fd3b5,1
infected,/home/farhan/my-projects/pearl/data/infected/image11151.jpg,de8bb5106629f22ddae319df2717839e,1
infected,/home/farhan/my-projects/pearl/data/infected/image10115.jpg,de920ab5610299b6540a49ad72254e31,1
infected,/home/farhan/my-projects/pearl/data/infected/image11192.jpg,dea42ca2f81a26080ec4cb93259fa517,1
infected,/home/farhan/my-projects/pearl/data/infected/image10445.jpg,dead109a97496bddb7abd6786ed39824,1
infected,/home/farhan/my-projects/pearl/data/infected/image10047.jpg,dec7a791c7fc1a03501060f9490d3c72,1
infected,/home/farhan/my-projects/pearl/data/infected/image10092.jpg,dee8f878fdac3783a7df50190f1d75b8,1
infected,/home/farhan/my-projects/pearl/data/infected/image11176.jpg,df1fe0923f5a07fa657d7ef6cb74f0d9,1
infected,/home/farhan/my-projects/pearl/data/infected/image10732.jpg,df2bb6a3170580b530a4bb226ac223ef,1
infected,/home/farhan/my-projects/pearl/data/infected/Image_023.jpg,df3530a92b28a46011cfc7fd2dc835b9,1
infected,/home/farhan/my-projects/pearl/data/infected/Image_resize_183.jpg,df3a30f99f7082b4f41f1d44a1509ea8,1
infected,/home/farhan/my-projects/pearl/data/infected/Image_Rotate_055.jpg,df42ba85f8c1793a6e89eef2c6680c60,1
infected,/home/farhan/my-projects/pearl/data/infected/image12551.jpg,df5f22a1e2e5d43ec9b8ee34eb4e3c8e,1
infected,/home/farhan/my-projects/pearl/data/infected/image11721.jpg,df82382031c3e3726e82c720dd06d7d1,1
infected,/home/farhan/my-projects/pearl/data/infected/image10481.jpg,df8ce318938c75667057a5a2f4435257,1
infected,/home/farhan/my-projects/pearl/data/infected/Image_resize_071.jpg,df9aab624d1a3ed24c38e1591a298f40,1
infected,/home/farhan/my-projects/pearl/data/infected/image10843.jpg,dfbd86796c4ffcc8dd9b30e5b845fe1c,1
infected,/home/farhan/my-projects/pearl/data/infected/Image_453.jpg,dff73e2e988aec5ad5a0077a6eb14f0a,1
infected,/home/farhan/my-projects/pearl/data/infected/image10908.jpg,e00928e21d6000b09dd03a7450a56bbe,1
infected,/home/farhan/my-projects/pearl/data/infected/image10421.jpg,e00c6486c5e47e499665b7b2a2599039,1
infected,/home/farhan/my-projects/pearl/data/infected/Image_429.jpg,e01eb739acee09937fdc30308be38104,1
infected,/home/farhan/my-projects/pearl/data/infected/Image_905.jpg,e026c5c37f2b153eda36566b156a7c05,1
infected,/home/farhan/my-projects/pearl/data/infected/image12857.jpg,e02ff8dddac43b3f7a45fef3b784ae34,1
infected,/home/farhan/my-projects/pearl/data/infected/image10391.jpg,e031750ddfc3f32eab809537c49af21a,1
infected,/home/farhan/my-projects/pearl/data/infected/image10599.jpg,e0644b0e251b6c57f3e971f7a3413884,1
infected,/home/farhan/my-projects/pearl/data/infected/image11405.jpg,e06d0b365d96584eb11ed17324351988,1
infected,/home/farhan/my-projects/pearl/data/infected/Image_Rotate_093.jpg,e07f34788a89f6e3acdfb1c199aaf513,1
infected,/home/farhan/my-projects/pearl/data/infected/Image_resize_151.jpg,e0a5ebb122c1f5f5c24c30dfe016cf6c,1
infected,/home/farhan/my-projects/pearl/data/infected/image11198.jpg,e0b454e127248a69a386fb78c8fc1a7c,1
infected,/home/farhan/my-projects/pearl/data/infected/image10612.jpg,e0c4b050f2f83d42ffba0e8ef25e02a8,1
infected,/home/farhan/my-projects/pearl/data/infected/image12957.jpg,e0d5144589ef71c34ee4ded30b09ecb9,1
infected,/home/farhan/my-projects/pearl/data/infected/image10675.jpg,e0ecfa0d517ef5c0b06ad5e5f7cb77c2,1
infected,/home/farhan/my-projects/pearl/data/infected/image12678.jpg,e0ee1a864a7278cfb22d9adb0e685b7f,1
infected,/home/farhan/my-projects/pearl/data/infected/Image_Rotate_009.jpg,e101eedd5ed89e40cb95bc4199cd2143,1
infected,/home/farhan/my-projects/pearl/data/infected/Image_Rotate_Rotate_Right_167.jpg,e10d6fe2d39d26e4db5f69898f610c00,1
infected,/home/farhan/my-projects/pearl/data/infected/image12121.jpg,e11f33468cd81233ac67b0284e7e8d01,1
infected,/home/farhan/my-projects/pearl/data/infected/image13198.jpg,e165182d01a8331f07a8fe4fc041cf58,1
infected,/home/farhan/my-projects/pearl/data/infected/Image_Rotate_Rotate_Right_189.jpg,e17e60a46bb5818ff190cf97bce422e7,1
infected,/home/farhan/my-projects/pearl/data/infected/image11468.jpg,e189b81820dd26a333bfc5e2afe40f66,1
infected,/home/farhan/my-projects/pearl/data/infected/image12998.jpg,e1ba1364dd66e479dd8b0c4f0cd72961,1
infected,/home/farhan/my-projects/pearl/data/infected/Image_389.jpg,e208632e16c9cbb77a2b510ba891a2f4,1
infected,/home/farhan/my-projects/pearl/data/infected/image10346.jpg,e20ec68241b5dbfd70a7f19a03b60d2d,1
infected,/home/farhan/my-projects/pearl/data/infected/image13099.jpg,e21809ae496626893b3d4aa4c058ccfc,1
infected,/home/farhan/my-projects/pearl/data/infected/Image_Rotate_083.jpg,e220402fd301826c5ef8a8739e1507c9,1
infected,/home/farhan/my-projects/pearl/data/infected/image11926.jpg,e24500de1a8308031118f86aada4cb05,1
infected,/home/farhan/my-projects/pearl/data/infected/image10118.jpg,e249b568120f009c599801b6b2748d21,1
infected,/home/farhan/my-projects/pearl/data/infected/image10446.jpg,e258ab57b8185f62d44e6b2b05b369a3,1
infected,/home/farhan/my-projects/pearl/data/infected/image10835.jpg,e262a1a53bb1f34385979a45be29ff2f,1
infected,/home/farhan/my-projects/pearl/data/infected/image11993.jpg,e2aa31bb2263d2f163be99aff6f8c09f,1
infected,/home/farhan/my-projects/pearl/data/infected/image11733.jpg,e2d3040991662d035dc7807664eadbee,1
infected,/home/farhan/my-projects/pearl/data/infected/Image_831.jpg,e2d340589f36fa22af67bdfa26c3cad9,1
infected,/home/farhan/my-projects/pearl/data/infected/image11475.jpg,e2e136f3fe29437cdf0b6ddc214c8ea0,1
infected,/home/farhan/my-projects/pearl/data/infected/Image_Rotate_039.jpg,e3043fe6e9417b1974f8daf42cec686e,1
infected,/home/farhan/my-projects/pearl/data/infected/image11551.jpg,e309526f7d6f4d6ad6ebc61868ce0da9,1
infected,/home/farhan/my-projects/pearl/data/infected/Image_Rotate_Rotate_Right_207.jpg,e3118a11256a7f4d6a98f7c6b610c76d,1
infected,/home/farhan/my-projects/pearl/data/infected/image12315.jpg,e31964dc1ae3ec7e71f38806a2868cca,1
infected,/home/farhan/my-projects/pearl/data/infected/image11628.jpg,e334c6b51cf79d676b7f720f0b86fc64,1
infected,/home/farhan/my-projects/pearl/data/infected/Image_731.jpg,e336c1b0b92bd37b8c362a40edcd3bb2,1
infected,/home/farhan/my-projects/pearl/data/infected/image10922.jpg,e3384100b95feace3b05f86526fcaafc,1
infected,/home/farhan/my-projects/pearl/data/infected/image11435.jpg,e3445d127361932cbde82a494a2c02ad,1
infected,/home/farhan/my-projects/pearl/data/infected/Image_Rotate_Rotate_Right_211.jpg,e34e7a742a5a153f6aecd80c76489cec,1
infected,/home/farhan/my-projects/pearl/data/infected/image10482.jpg,e355dad154bec28d0e90fc474c0d906f,1
infected,/home/farhan/my-projects/pearl/data/infected/Image_949.jpg,e37efd20fca8aa926eac7e8a4e8a03f4,1
infected,/home/farhan/my-projects/pearl/data/infected/image10038.jpg,e3928c83be1177ed4b1240c4696fdffc,1
infected,/home/farhan/my-projects/pearl/data/infected/image10896.jpg,e395cfa5eaa257d979293fb56415e46d,1
infected,/home/farhan/my-projects/pearl/data/infected/image10719.jpg,e3b00462961140faa0e2ecda23090609,1
infected,/home/farhan/my-projects/pearl/data/infected/image11685.jpg,e3c26bc603057735e6b6303d4a94afd9,1
infected,/home/farhan/my-projects/pearl/data/infected/Image_Rotate_193.jpg,e3d6a0580266ce8daf12accbb0d4cf62,1
infected,/home/farhan/my-projects/pearl/data/infected/image10813.jpg,e3f049e591aee171844a7016609336e7,1
infected,/home/farhan/my-projects/pearl/data/infected/image12614.jpg,e3f77f85ec38952c7b012da1086d557e,1
infected,/home/farhan/my-projects/pearl/data/infected/image10041.jpg,e41d23c1474a1aa5d086dc1b3c2ba6c6,1
infected,/home/farhan/my-projects/pearl/data/infected/image11558.jpg,e436648f234ce385ebb1acac3ed2bc8d,1
infected,/home/farhan/my-projects/pearl/data/infected/image11845.jpg,e445fbe40b088b577f0bdee8c94c29b6,1
infected,/home/farhan/my-projects/pearl/data/infected/image10284.jpg,e4620a4736ee8fd210145670bfb19c72,1
infected,/home/farhan/my-projects/pearl/data/infected/image10058.jpg,e472d7fc1077eb2e4a5cecbf449fe177,1
infected,/home/farhan/my-projects/pearl/data/infected/Image_039.jpg,e47fe14870107afe39553e539bbeb100,1
infected,/home/farhan/my-projects/pearl/data/infected/image11557.jpg,e48ab62e4c2b4d2890c5879a34c90a56,1
infected,/home/farhan/my-projects/pearl/data/infected/image11480.jpg,e4a03d1d22bc0b7de83f5d7aeb787ac6,1
infected,/home/farhan/my-projects/pearl/data/infected/image11880.jpg,e4a30e3e333215a1e765bc023a6d85c7,1
infected,/home/farhan/my-projects/pearl/data/infected/Image_Rotate_Rotate_Right_037.jpg,e4ac58c3e2aa01a5e9e8d91d0302674f,1
infected,/home/farhan/my-projects/pearl/data/infected/image11189.jpg,e4c42fa7b64a269a6d0b01f70e59de80,1
infected,/home/farhan/my-projects/pearl/data/infected/Image_397.jpg,e511ab0b5213cb6553c4989e3a636121,1
infected,/home/farhan/my-projects/pearl/data/infected/Image_257.jpg,e51558667db4fd2dbb6433b60fd421ce,1
infected,/home/farhan/my-projects/pearl/data/infected/image12170.jpg,e53794be9fd1f74fcf664c45513c7fcc,1
infected,/home/farhan/my-projects/pearl/data/infected/Image_Rotate_177.jpg,e5403a5bddbfb79a78f9df6b73f96808,1
infected,/home/farhan/my-projects/pearl/data/infected/image10561.jpg,e55644bf4a2b50064edc7fee71938ac1,1
infected,/home/farhan/my-projects/pearl/data/infected/image10546.jpg,e5775ca0b037c611789f2b00df3dd837,1
infected,/home/farhan/my-projects/pearl/data/infected/Image_131.jpg,e5ab1cd5ebfc6c55e5a485de04a22ced,1
infected,/home/farhan/my-projects/pearl/data/infected/image10709.jpg,e5bb0d6de2dd683640dd4c5410ec9a18,1
infected,/home/farhan/my-projects/pearl/data/infected/image10387.jpg,e5bfdad1dc6dbdb1b8717451e486abe4,1
infected,/home/farhan/my-projects/pearl/data/infected/Image_201.jpg,e5c01527f54faa2c5893fbc46cdd5f84,1
infected,/home/farhan/my-projects/pearl/data/infected/image11679.jpg,e5c5181c5933ddb7783c78c6ba96f433,1
infected,/home/farhan/my-projects/pearl/data/infected/image10740.jpg,e5c946f568ec0d25740f6c1ad7022f52,1
infected,/home/farhan/my-projects/pearl/data/infected/image12806.jpg,e5d74ecd67bff6631e76c44703bcf0d5,1
infected,/home/farhan/my-projects/pearl/data/infected/image12971.jpg,e5da57a6a24eb7cf8a8aa7bb925ba663,1
infected,/home/farhan/my-projects/pearl/data/infected/image12502.jpg,e5ebe322ce13cad7834c654b0e857456,1
infected,/home/farhan/my-projects/pearl/data/infected/image11574.jpg,e6061674a9c1d24d06dff243baa0532c,1
infected,/home/farhan/my-projects/pearl/data/infected/Image_685.jpg,e60ffeb1949f4492027fa8c34d0f593a,1
infected,/home/farhan/my-projects/pearl/data/infected/image11931.jpg,e63585a1893a21e4518d77ae3eb4c70c,1
infected,/home/farhan/my-projects/pearl/data/infected/image10619.jpg,e6a08e7c6d7fbe31783d97f8367545f1,1
infected,/home/farhan/my-projects/pearl/data/infected/image11210.jpg,e6a4cda30cd579bcf666158050afdb79,1
infected,/home/farhan/my-projects/pearl/data/infected/image10340.jpg,e6b66f8545ebc26b3159b691b7c1f781,1
infected,/home/farhan/my-projects/pearl/data/infected/image12458.jpg,e6c38471c58aabcf0bf4c4dfc7036e07,1
infected,/home/farhan/my-projects/pearl/data/infected/image12645.jpg,e6facc0a365773b39b5dabcabf3b845b,1
infected,/home/farhan/my-projects/pearl/data/infected/image12145.jpg,e713f6657f9f8aea4c662aa131f5592b,1
infected,/home/farhan/my-projects/pearl/data/infected/image12546.jpg,e719de7503983a120782221fe6059552,1
infected,/home/farhan/my-projects/pearl/data/infected/image11371.jpg,e722d5e7080f659ec4cb8b7fb82c7dfa,1
infected,/home/farhan/my-projects/pearl/data/infected/image11525.jpg,e74aea258c1b5d240769b684ba42317e,1
infected,/home/farhan/my-projects/pearl/data/infected/image12299.jpg,e795f9a27cfe784a61b15e55d59e757f,1
infected,/home/farhan/my-projects/pearl/data/infected/image12601.jpg,e79b6d6570cd4e8ed17cec93256c141f,1
infected,/home/farhan/my-projects/pearl/data/infected/image10219.jpg,e7b0182ed70517d920f1103cffbca3bf,1
infected,/home/farhan/my-projects/pearl/data/infected/Image_Rotate_Rotate_Right_319.jpg,e7b379c334e11ca2e2fd5727fb644767,1
infected,/home/farhan/my-projects/pearl/data/infected/image10148.jpg,e7c76b34c83a7e016d99b3bd35571826,1
infected,/home/farhan/my-projects/pearl/data/infected/image10004.jpg,e7dcf0c5883f5c23391c065a61856665,1
infected,/home/farhan/my-projects/pearl/data/infected/Image_resize_013.jpg,e80c06048670b84b9fb369e28e849064,1
infected,/home/farhan/my-projects/pearl/data/infected/image12303.jpg,e8238ee3230ccab6b78bc3c0cc1e8eb0,1
infected,/home/farhan/my-projects/pearl/data/infected/image10655.jpg,e858a9fad14a476cff627f89f01b7e44,1
infected,/home/farhan/my-projects/pearl/data/infected/Image_Rotate_Rotate_Right_049.jpg,e8624e43b333a16ff36da99ae798554c,1
infected,/home/farhan/my-projects/pearl/data/infected/image11976.jpg,e86bb343d037de9c7df5d63faf5d8c2d,1
infected,/home/farhan/my-projects/pearl/data/infected/Image_Rotate_151.jpg,e875d84be530c2a7e7c07d7e92ddc4b5,1
infected,/home/farhan/my-projects/pearl/data/infected/image11142.jpg,e88d57d83ed96bd17889b183fb995bdd,1
infected,/home/farhan/my-projects/pearl/data/infected/Image_435.jpg,e89beb7c2241de6c1c04c180eb1bb363,1
infected,/home/farhan/my-projects/pearl/data/infected/image11716.jpg,e8acf1e60af61a8f0b008838b67ae3f2,1
infected,/home/farhan/my-projects/pearl/data/infected/image12941.jpg,e8b5da51fffb05f7375664556f361b8a,1
infected,/home/farhan/my-projects/pearl/data/infected/image11398.jpg,e8ba49291f0e6277ea1cdad3a0528b6e,1
infected,/home/farhan/my-projects/pearl/data/infected/image10427.jpg,e8bf8f70e361acce0f1aeb4f5786bb29,1
infected,/home/farhan/my-projects/pearl/data/infected/image13133.jpg,e8d7376150e23eb0b5ed5bc2aad3883a,1
infected,/home/farhan/my-projects/pearl/data/infected/image12076.jpg,e917a4f181a2612cf13ac13a239dc3b8,1
infected,/home/farhan/my-projects/pearl/data/infected/image12934.jpg,e91e65389c3f96212b9a95aeb0a0ee29,1
infected,/home/farhan/my-projects/pearl/data/infected/image10526.jpg,e9430d3a09526f173c38652698be9832,1
infected,/home/farhan/my-projects/pearl/data/infected/image11466.jpg,e95262a2d7cf66cba6992966eda9102d,1
infected,/home/farhan/my-projects/pearl/data/infected/image12575.jpg,e95defe5f1163ef9f0b9f3274e743614,1
infected,/home/farhan/my-projects/pearl/data/infected/image11622.jpg,e961ad71b147c5c6ab3fbebe4409969d,1
infected,/home/farhan/my-projects/pearl/data/infected/image11830.jpg,e985a1dea7bf34e9c2642ec27dda55db,1
infected,/home/farhan/my-projects/pearl/data/infected/image12490.jpg,e991ab7715879f577f7657a267a68b26,1
infected,/home/farhan/my-projects/pearl/data/infected/image11443.jpg,e9b060c97609920c7f2246451c57f40f,1
infected,/home/farhan/my-projects/pearl/data/infected/image12177.jpg,e9ea3ac28b7125f7205f0ff0c7a6411d,1
infected,/home/farhan/my-projects/pearl/data/infected/Image_313.jpg,e9ec0edf0e136f84586b12fa0a32b6b7,1
infected,/home/farhan/my-projects/pearl/data/infected/Image_Rotate_001.jpg,e9edf8fc7f27a4caf2296a0501572fe8,1
infected,/home/farhan/my-projects/pearl/data/infected/image12300.jpg,ea1c8dc28ff1b61d679419672bd12f67,1
infected,/home/farhan/my-projects/pearl/data/infected/image11321.jpg,ea21357549684006d8bc72e2f7db59ca,1
infected,/home/farhan/my-projects/pearl/data/infected/image11793.jpg,ea2dfc0e9f08f56fadee506b1ea58f95,1
infected,/home/farhan/my-projects/pearl/data/infected/Image_047.jpg,ea7659a0169e66ef71021f5b65f68f12,1
infected,/home/farhan/my-projects/pearl/data/infected/image10450.jpg,ea7a67cd03de2cb79c3e2803077c2d6e,1
infected,/home/farhan/my-projects/pearl/data/infected/image12613.jpg,ea7b731912799c4486f2e334a93a43aa,1
infected,/home/farhan/my-projects/pearl/data/infected/Image_Rotate_129.jpg,ea7c10435c026db2fe88611f545fd1fc,1
infected,/home/farhan/my-projects/pearl/data/infected/Image_073.jpg,ea7e4c5f91b822b376c20f0ccd1c801d,1
infected,/home/farhan/my-projects/pearl/data/infected/image10212.jpg,ea7e86e44c25be14312703d7995bd818,1
infected,/home/farhan/my-projects/pearl/data/infected/image11553.jpg,ea7f5cef33062fe1eac806408fa004ff,1
infected,/home/farhan/my-projects/pearl/data/infected/Image_013.jpg,ea87301db53fb44cf5b5cead35b9ef4e,1
infected,/home/farhan/my-projects/pearl/data/infected/image11230.jpg,ea9e1f70761a3f4093e2caedb509069e,1
infected,/home/farhan/my-projects/pearl/data/infected/Image_857.jpg,eaa4acc257c60b990928a57614bc8b2f,1
infected,/home/farhan/my-projects/pearl/data/infected/image11806.jpg,eaa636017140c710bf826fad9baaab87,1
infected,/home/farhan/my-projects/pearl/data/infected/image11717.jpg,eaab7fa04a03217e545714694c2a69e9,1
infected,/home/farhan/my-projects/pearl/data/infected/Image_Rotate_069.jpg,eab17e63a9e34fc7eafa0a060369009b,1
infected,/home/farhan/my-projects/pearl/data/infected/Image_Rotate_Rotate_Right_165.jpg,ead6eda3339d7ec04f9cbcda73e2733c,1
infected,/home/farhan/my-projects/pearl/data/infected/image11687.jpg,eae11d7a355fcd5075988328c66046fd,1
infected,/home/farhan/my-projects/pearl/data/infected/image11885.jpg,eae84e2030468a33afcc20e1b1b91e21,1
infected,/home/farhan/my-projects/pearl/data/infected/image12440.jpg,eaf2bd586bc9ae6e2df69b7abda3d332,1
infected,/home/farhan/my-projects/pearl/data/infected/image10360.jpg,eb0a70fbf988f6c98e4ca8afa662c8c5,1
infected,/home/farhan/my-projects/pearl/data/infected/Image_519.jpg,eb1cd15ba432da16e2d4fa97379323fa,1
infected,/home/farhan/my-projects/pearl/data/infected/image10337.jpg,eb20614ce475768c2a65938a2930943b,1
infected,/home/farhan/my-projects/pearl/data/infected/image11973.jpg,eb2a683399fee5a959ce3b856dc1295d,1
infected,/home/farhan/my-projects/pearl/data/infected/image10692.jpg,eb561338ba19752aecb9fc2235594e69,1
infected,/home/farhan/my-projects/pearl/data/infected/image12811.jpg,eb57fb2bf65ef492f50df0d7fa34abe2,1
infected,/home/farhan/my-projects/pearl/data/infected/image13079.jpg,eb6aac67dbf079a3f9a49549c748fd3e,1
infected,/home/farhan/my-projects/pearl/data/infected/Image_015.jpg,eb72599b5d242dae12b38b0af012617a,1
infected,/home/farhan/my-projects/pearl/data/infected/image10667.jpg,eb81c152ee3c8fbe22deaf99e9cce1fe,1
infected,/home/farhan/my-projects/pearl/data/infected/image10411.jpg,eb827b64be099bfbccf083342e78b04a,1
infected,/home/farhan/my-projects/pearl/data/infected/image10319.jpg,eb8bdbedaef5b8f14ac9ed8431af2c70,1
infected,/home/farhan/my-projects/pearl/data/infected/image10606.jpg,eb8ca292941674b75787fc78f78e4bf0,1
infected,/home/farhan/my-projects/pearl/data/infected/image10362.jpg,ebacdb3c4e5f505f2c34f48e247c9f1d,1
infected,/home/farhan/my-projects/pearl/data/infected/image13140.jpg,ebc955ca1e72953fd1890886625a5f5d,1
infected,/home/farhan/my-projects/pearl/data/infected/image11597.jpg,ebe7caae4914f9f83c934fe316e1c5df,1
infected,/home/farhan/my-projects/pearl/data/infected/image10448.jpg,ebf83149b81dc1121e73122d8b0be0f9,1
infected,/home/farhan/my-projects/pearl/data/infected/Image_693.jpg,ec20c908baba199c1fd0b973001218cb,1
infected,/home/farhan/my-projects/pearl/data/infected/image11552.jpg,ec44f464930639768693bc355821e8ad,1
infected,/home/farhan/my-projects/pearl/data/infected/image10077.jpg,ec4e7b4f5bc8af5ff4e2ff18eb039a0e,1
infected,/home/farhan/my-projects/pearl/data/infected/image10354.jpg,ec5cc7e5ef6056ad326bb8634254487a,1
infected,/home/farhan/my-projects/pearl/data/infected/image10610.jpg,ec9df6ea8dfc3e6c8bbd4b0c612ae373,1
infected,/home/farhan/my-projects/pearl/data/infected/image12629.jpg,ecacc185d6e16a194e116047116326fb,1
infected,/home/farhan/my-projects/pearl/data/infected/image11839.jpg,ecc26b59533ff5fa4e398d9bd2f327bb,1
infected,/home/farhan/my-projects/pearl/data/infected/image10084.jpg,ed01cf70874406dbfd5785f6bf88d09f,1
infected,/home/farhan/my-projects/pearl/data/infected/Image_493.jpg,ed039bf0256059b2d8a2dd23ac1d55fb,1
infected,/home/farhan/my-projects/pearl/data/infected/Image_369.jpg,ed4b6448e7d62b6c8f4e1c2e54eb6c92,1
infected,/home/farhan/my-projects/pearl/data/infected/Image_225.jpg,ed5b0b6032b91481dcbd99203d7e0cfd,1
infected,/home/farhan/my-projects/pearl/data/infected/Image_Rotate_Rotate_Right_197.jpg,ed5bfe749d3af7b4607fb2a9e8be86bf,1
infected,/home/farhan/my-projects/pearl/data/infected/Image_Rotate_Rotate_Right_323.jpg,ed89daa33fc458bb445f0a852889dd37,1
infected,/home/farhan/my-projects/pearl/data/infected/image10433.jpg,ed9d27a071c9d5bae7d6ad16688921ab,1
infected,/home/farhan/my-projects/pearl/data/infected/Image_231.jpg,edc745f2267511f2c9007ab88f136faf,1
infected,/home/farhan/my-projects/pearl/data/infected/image10269.jpg,edd0a0bfc0e6938d0c152982e4bfbe0b,1
infected,/home/farhan/my-projects/pearl/data/infected/Image_resize_113.jpg,ee391c0e3cac2a99218215727f6dd54c,1
infected,/home/farhan/my-projects/pearl/data/infected/image12042.jpg,ee5e9d68dc7fdaeeab28a7b86e19f642,1
infected,/home/farhan/my-projects/pearl/data/infected/image11274.jpg,ee77626bad16cb3a47ae7196ed9b6dcf,1
infected,/home/farhan/my-projects/pearl/data/infected/image11352.jpg,ee97145740b57766cc9be027435f54d3,1
infected,/home/farhan/my-projects/pearl/data/infected/Image_Rotate_Rotate_Right_321.jpg,eea42c7240e60c6b94deef8988d6c1eb,1
infected,/home/farhan/my-projects/pearl/data/infected/image13006.jpg,eea51e453f35446a22ff95492871ad60,1
infected,/home/farhan/my-projects/pearl/data/infected/Image_Rotate_Rotate_Right_121.jpg,eea6f86b21ea1cb46815fcd2aca8f635,1
infected,/home/farhan/my-projects/pearl/data/infected/Image_Rotate_Rotate_Right_057.jpg,eeba655de837553b7fb55de90ff82e6f,1
infected,/home/farhan/my-projects/pearl/data/infected/image10899.jpg,eec2ba1f2213e8927297284a144fd883,1
infected,/home/farhan/my-projects/pearl/data/infected/Image_Rotate_Rotate_Right_339.jpg,eecf33e160cc589bb352666d34e26c4e,1
infected,/home/farhan/my-projects/pearl/data/infected/image10557.jpg,eed6fecdb7d35d81ae69a80bcd866b3a,1
infected,/home/farhan/my-projects/pearl/data/infected/Image_159.jpg,eedfd20d78468f3e3ba8508080fccebf,1
infected,/home/farhan/my-projects/pearl/data/infected/image12938.jpg,eee8da8737a6e03daaa0721a6ced56eb,1
infected,/home/farhan/my-projects/pearl/data/infected/image10661.jpg,ef10bf97bcd1144469f974b3ec0a0994,1
infected,/home/farhan/my-projects/pearl/data/infected/image10050.jpg,ef29fe31098278fb8a18d40734c7b466,1
infected,/home/farhan/my-projects/pearl/data/infected/image10287.jpg,ef5e923bac3dc336d4e655ef40f9459c,1
infected,/home/farhan/my-projects/pearl/data/infected/image11365.jpg,ef5eb0b8cc92b309248a1eaac3e5f94d,1
infected,/home/farhan/my-projects/pearl/data/infected/image11725.jpg,ef61f220d4e553c09562e4b93e369f4d,1
infected,/home/farhan/my-projects/pearl/data/infected/image13038.jpg,ef66f4825e4cc7f647abb2ce7139f84f,1
infected,/home/farhan/my-projects/pearl/data/infected/image11778.jpg,ef72140ee1c839ae6020ba50d5469905,1
infected,/home/farhan/my-projects/pearl/data/infected/image12233.jpg,ef83c25195860ae215cb17eeec5cfc51,1
infected,/home/farhan/my-projects/pearl/data/infected/image10404.jpg,ef8d2cfaf8b5c3d75e558eec658a5442,1
infected,/home/farhan/my-projects/pearl/data/infected/image13070.jpg,ef8dbbfc424756d6ff8bd7a3b89eed49,1
infected,/home/farhan/my-projects/pearl/data/infected/image12079.jpg,efa59d55807d5eca655e5b44681ef8a9,1
infected,/home/farhan/my-projects/pearl/data/infected/image10567.jpg,efd9acad8c95d541c603bbd1cf60477a,1
infected,/home/farhan/my-projects/pearl/data/infected/image13122.jpg,efe4c15269d93ad817c3ef727ad9f559,1
infected,/home/farhan/my-projects/pearl/data/infected/image11849.jpg,f0009067e851f8a034c322902223333b,1
infected,/home/farhan/my-projects/pearl/data/infected/image10608.jpg,f0066cb6af4d367b138edddf26afb92e,1
infected,/home/farhan/my-projects/pearl/data/infected/image10435.jpg,f02c250ccf8f3965bc6e4b6654a26b3f,1
infected,/home/farhan/my-projects/pearl/data/infected/Image_955.jpg,f0382b93d5a44b53d95d7eb34313cbc8,1
infected,/home/farhan/my-projects/pearl/data/infected/image11168.jpg,f041806b9d406886c17003430f49cf87,1
infected,/home/farhan/my-projects/pearl/data/infected/Image_Rotate_173.jpg,f0450cf4b524f67a1711ad8160a76efd,1
infected,/home/farhan/my-projects/pearl/data/infected/image10180.jpg,f098d89f64ba8d70dfeb0d6d1e838256,1
infected,/home/farhan/my-projects/pearl/data/infected/image12543.jpg,f0a596e849fea893cd84bc1df6831156,1
infected,/home/farhan/my-projects/pearl/data/infected/image11856.jpg,f0ad5869c5e0a19000373c41245a4e80,1
infected,/home/farhan/my-projects/pearl/data/infected/image11143.jpg,f0b3a07ed54ba0eab0591c2c3e3756b6,1
infected,/home/farhan/my-projects/pearl/data/infected/image13078.jpg,f0e5fa7d1cead03ee498d13e9eb749fa,1
infected,/home/farhan/my-projects/pearl/data/infected/Image_105.jpg,f0ea962bdc6460589172fedee5887c45,1
infected,/home/farhan/my-projects/pearl/data/infected/Image_267.jpg,f0f46f0165a67f3fadcd678c30db8fb4,1
infected,/home/farhan/my-projects/pearl/data/infected/image13167.jpg,f11148b79758e0152517a1ea4759d698,1
infected,/home/farhan/my-projects/pearl/data/infected/image10351.jpg,f11c46fe14d1fee30c758725dc6ea838,1
infected,/home/farhan/my-projects/pearl/data/infected/Image_117.jpg,f1245e706a2f27e85676f91e05fec0d1,1
infected,/home/farhan/my-projects/pearl/data/infected/image10255.jpg,f12d2eeb740afb7cad3df5e88bb4bf2b,1
infected,/home/farhan/my-projects/pearl/data/infected/Image_resize_053.jpg,f140340eaf138e5575bd360893cbedb3,1
infected,/home/farhan/my-projects/pearl/data/infected/image11263.jpg,f14c0007f9d02e410424a2d514056ff4,1
infected,/home/farhan/my-projects/pearl/data/infected/image10478.jpg,f14da489a6552ed089ef399764724a4c,1
infected,/home/farhan/my-projects/pearl/data/infected/image10049.jpg,f14f8dd21ac7269b6c0f895facdb6e17,1
infected,/home/farhan/my-projects/pearl/data/infected/Image_399.jpg,f14f903586813df5b2774f1886d7dedf,1
infected,/home/farhan/my-projects/pearl/data/infected/image12536.jpg,f176432f082eb42995c21383458478b6,1
infected,/home/farhan/my-projects/pearl/data/infected/image10939.jpg,f17e554b3521f33233b2192e8afa5903,1
infected,/home/farhan/my-projects/pearl/data/infected/image11416.jpg,f19d0b39fef3e1daed3b877d7fafb7e9,1
infected,/home/farhan/my-projects/pearl/data/infected/Image_Rotate_Rotate_Right_191.jpg,f1bb34bdaa2bd3a0c46fa56a974a3808,1
infected,/home/farhan/my-projects/pearl/data/infected/image10019.jpg,f1c3f617c46e576c4fecfe18908adaa0,1
infected,/home/farhan/my-projects/pearl/data/infected/Image_517.jpg,f1ce57c07dd89c49b05ba218abce4f05,1
infected,/home/farhan/my-projects/pearl/data/infected/Image_649.jpg,f1d4b7acceeada39720cd2055df6ccbb,1
infected,/home/farhan/my-projects/pearl/data/infected/Image_813.jpg,f1db98f8b099c056a1fa938571be9bbd,1
infected,/home/farhan/my-projects/pearl/data/infected/Image_Rotate_071.jpg,f1e2dc2b9278b5d52c410aaa99e4ff3a,1
infected,/home/farhan/my-projects/pearl/data/infected/Image_255.jpg,f1eeb768fdf080b814f66e7a697b2440,1
infected,/home/farhan/my-projects/pearl/data/infected/image12108.jpg,f1fa4812004a61f4663c71dc65544a5c,1
infected,/home/farhan/my-projects/pearl/data/infected/image12627.jpg,f1fc1fd42342ce762f234e4a64be9a8c,1
infected,/home/farhan/my-projects/pearl/data/infected/Image_Rotate_Rotate_Right_107.jpg,f214ddb52e734f732bd98d917a5c39bf,1
infected,/home/farhan/my-projects/pearl/data/infected/Image_449.jpg,f24619c8c075b841f046a2e614297002,1
infected,/home/farhan/my-projects/pearl/data/infected/image13018.jpg,f246f4d07574965bd032fd37d95f8fc1,1
infected,/home/farhan/my-projects/pearl/data/infected/image11658.jpg,f249eaa48756ca306ac5ee31ab67b34c,1
infected,/home/farhan/my-projects/pearl/data/infected/image11256.jpg,f26d2e4c3bef1ee877fa53a27c5a9c18,1
infected,/home/farhan/my-projects/pearl/data/infected/image12773.jpg,f2811b593f0f4a5fa98c287978f39ea3,1
infected,/home/farhan/my-projects/pearl/data/infected/Image_Rotate_Rotate_Right_041.jpg,f289df032739304420842fd19afd8efe,1
infected,/home/farhan/my-projects/pearl/data/infected/image12733.jpg,f2a10c3780a6fabae1ddb0585db917df,1
infected,/home/farhan/my-projects/pearl/data/infected/image10282.jpg,f2a8042825854c219ff41b47e2f95146,1
infected,/home/farhan/my-projects/pearl/data/infected/image10259.jpg,f2bd61e6ee5629175f9bd9a0a2a50fe3,1
infected,/home/farhan/my-projects/pearl/data/infected/Image_719.jpg,f2c56c3229b38b640583010df19f859e,1
infected,/home/farhan/my-projects/pearl/data/infected/image12312.jpg,f2c692729813e89b345c68a1f909e7da,1
infected,/home/farhan/my-projects/pearl/data/infected/image13067.jpg,f2d65f53fe4550a56266f12b0bf77357,1
infected,/home/farhan/my-projects/pearl/data/infected/image12667.jpg,f2d92e3ab3512d6529e27b1effc27811,1
infected,/home/farhan/my-projects/pearl/data/infected/image13082.jpg,f2f35596b9d75c04ba60e307eda9b6d2,1
infected,/home/farhan/my-projects/pearl/data/infected/Image_Rotate_197.jpg,f2f3d3bffd9ca261c3c769733902fa2a,1
infected,/home/farhan/my-projects/pearl/data/infected/image11222.jpg,f2f53c878a39870c4fd0bcb58d74cd04,1
infected,/home/farhan/my-projects/pearl/data/infected/Image_Rotate_Rotate_Right_025.jpg,f31f34b30f167942af61b5c6c8f8ea59,1
infected,/home/farhan/my-projects/pearl/data/infected/image10414.jpg,f3216600a32ad711f97860eeff3496c4,1
infected,/home/farhan/my-projects/pearl/data/infected/image11326.jpg,f3225af03e37c13e9fde9a731cc39b43,1
infected,/home/farhan/my-projects/pearl/data/infected/image12085.jpg,f328c51365f8519a3a248c6fe47e6acd,1
infected,/home/farhan/my-projects/pearl/data/infected/Image_555.jpg,f35d1a0f0cc3bee5a00be066ff303df7,1
infected,/home/farhan/my-projects/pearl/data/infected/image10112.jpg,f367b0e4b08670e59a68e360a6774e70,1
infected,/home/farhan/my-projects/pearl/data/infected/Image_Rotate_Rotate_Right_359.jpg,f37a47e15c96073a70cd3db8e1918584,1
infected,/home/farhan/my-projects/pearl/data/infected/image10921.jpg,f39bb990ba8370a5b244c9c151ed19a7,1
infected,/home/farhan/my-projects/pearl/data/infected/image11633.jpg,f4014130ff882776109d3462ca52f255,1
infected,/home/farhan/my-projects/pearl/data/infected/Image_829.jpg,f41383a1e5c4c9edab1f96e56c4d88c3,1
infected,/home/farhan/my-projects/pearl/data/infected/image10754.jpg,f41fbbcf5886b87b025ef4675a993ea9,1
infected,/home/farhan/my-projects/pearl/data/infected/image12293.jpg,f44d5835bd4142ebbeeb87d74f694ca1,1
infected,/home/farhan/my-projects/pearl/data/infected/image12824.jpg,f49fb40e68eb24d6054749bb923a5d9b,1
infected,/home/farhan/my-projects/pearl/data/infected/image10312.jpg,f4c03285c43a608cd45c066bd1f88a95,1
infected,/home/farhan/my-projects/pearl/data/infected/image11485.jpg,f5022b3b178ff5c3f26824d48424f72f,1
infected,/home/farhan/my-projects/pearl/data/infected/Image_717.jpg,f51d3aca4bc63747504defada46d7613,1
infected,/home/farhan/my-projects/pearl/data/infected/image10525.jpg,f561bbb8d81ca7055e0c1592a56cbca8,1
infected,/home/farhan/my-projects/pearl/data/infected/image10095.jpg,f5724152cea08a9d6199983528261982,1
infected,/home/farhan/my-projects/pearl/data/infected/image10897.jpg,f572a7fb05102e95a28186579a0a45aa,1
infected,/home/farhan/my-projects/pearl/data/infected/image12677.jpg,f57e5ba714d1ebce10b515c352473bee,1
infected,/home/farhan/my-projects/pearl/data/infected/image10262.jpg,f591fac3687c9713a2b21c007a65a030,1
infected,/home/farhan/my-projects/pearl/data/infected/image13046.jpg,f59a972a07f311147f86f3217ad98ccb,1
infected,/home/farhan/my-projects/pearl/data/infected/image12747.jpg,f5b82724bf43c0311e0fcbcbadee011a,1
infected,/home/farhan/my-projects/pearl/data/infected/image11381.jpg,f5c17ab6ea7c166f9321d9063829d699,1
infected,/home/farhan/my-projects/pearl/data/infected/Image_665.jpg,f5ce4aca653844e7276173d893909c93,1
infected,/home/farhan/my-projects/pearl/data/infected/Image_Rotate_Rotate_Right_287.jpg,f5de690a650304599588b52924c181d9,1
infected,/home/farhan/my-projects/pearl/data/infected/image11144.jpg,f5e0d6507d5a106c7085872064f42bcd,1
infected,/home/farhan/my-projects/pearl/data/infected/image10436.jpg,f5eade4caf894cb841ab2badb233530f,1
infected,/home/farhan/my-projects/pearl/data/infected/image12844.jpg,f5ebbb282245ab2d94b3d85d44f6c9a7,1
infected,/home/farhan/my-projects/pearl/data/infected/image10342.jpg,f615a745fb57dcfe02056be758e9e1e0,1
infected,/home/farhan/my-projects/pearl/data/infected/image11357.jpg,f6343b52ad15e842620d689791ebc9a5,1
infected,/home/farhan/my-projects/pearl/data/infected/image12178.jpg,f639f99942cdf495d2747db1328a7f46,1
infected,/home/farhan/my-projects/pearl/data/infected/image11163.jpg,f642d90fa12587ad4aa7ddcefd57d465,1
infected,/home/farhan/my-projects/pearl/data/infected/image11888.jpg,f64e69e7239e081c1b93342b5a490255,1
infected,/home/farhan/my-projects/pearl/data/infected/image12730.jpg,f65889c00e85b528f508ee1db09c37af,1
infected,/home/farhan/my-projects/pearl/data/infected/image12944.jpg,f65da276e82e5d1a8c1491d2dccc1e25,1
infected,/home/farhan/my-projects/pearl/data/infected/image13117.jpg,f69837df821bd5f434cd554c08dd5ad4,1
infected,/home/farhan/my-projects/pearl/data/infected/image11970.jpg,f6a999a029ac492478726b29ed3b0887,1
infected,/home/farhan/my-projects/pearl/data/infected/image10072.jpg,f6ac88855da984dd1363e347dd01d86f,1
infected,/home/farhan/my-projects/pearl/data/infected/image11469.jpg,f6b205b65aab5d3712be324fbd944f9f,1
infected,/home/farhan/my-projects/pearl/data/infected/image11989.jpg,f6bf7b7c78518918fa3b9c116b378752,1
infected,/home/farhan/my-projects/pearl/data/infected/Image_Rotate_021.jpg,f6c06e63eaa1830257ec28c248f56d80,1
infected,/home/farhan/my-projects/pearl/data/infected/image10797.jpg,f6df1f7d8f4067686815100b04754e9e,1
infected,/home/farhan/my-projects/pearl/data/infected/image13131.jpg,f6f0436b89bd2abf9ab73abee8a10169,1
infected,/home/farhan/my-projects/pearl/data/infected/image10245.jpg,f7038f9c648e5d1f17b5d2148cfb74d5,1
infected,/home/farhan/my-projects/pearl/data/infected/image11472.jpg,f70bc97a3be9604b8fcea74636fc5ea2,1
infected,/home/farhan/my-projects/pearl/data/infected/Image_135.jpg,f745b1e9fd9d45b593e6998ab3aa1634,1
infected,/home/farhan/my-projects/pearl/data/infected/image12879.jpg,f758d99e594d05d520b79bc446b27f50,1
infected,/home/farhan/my-projects/pearl/data/infected/image10831.jpg,f75a32363b74ad07246fa2debfc343fd,1
infected,/home/farhan/my-projects/pearl/data/infected/image11235.jpg,f77d12a23d21e9bc7701a8633d9d2aea,1
infected,/home/farhan/my-projects/pearl/data/infected/Image_323.jpg,f780d436016372aab257f93c3e0f9090,1
infected,/home/farhan/my-projects/pearl/data/infected/image12574.jpg,f783fbfddbee1d2e004e5205096ff007,1
infected,/home/farhan/my-projects/pearl/data/infected/Image_Rotate_Rotate_Right_393.jpg,f79ccfb2fdd8ecc27db9bccefa1386ac,1
infected,/home/farhan/my-projects/pearl/data/infected/image11838.jpg,f7a27a35c45e6af164dd6df06a506f09,1
infected,/home/farhan/my-projects/pearl/data/infected/image12100.jpg,f7d437b63865e190c1a3cb917d77c978,1
infected,/home/farhan/my-projects/pearl/data/infected/image10144.jpg,f7e74da55f6410d30a7efbfa45f1d18a,1
infected,/home/farhan/my-projects/pearl/data/infected/image11599.jpg,f7ee80cad492c0de3ec6b9705fb995f4,1
infected,/home/farhan/my-projects/pearl/data/infected/image12890.jpg,f82a3dde811e7f2112375b5844f99f1e,1
infected,/home/farhan/my-projects/pearl/data/infected/image10913.jpg,f8310b832b79dcf8c7dabd18fec2ef98,1
infected,/home/farhan/my-projects/pearl/data/infected/image10207.jpg,f83d2a943c4b2f7b4d7fab0cd40860e1,1
infected,/home/farhan/my-projects/pearl/data/infected/image10718.jpg,f85a5df2b228b2eac35b96abada7861d,1
infected,/home/farhan/my-projects/pearl/data/infected/image12318.jpg,f85f490ee19c85e1928a2277d5fd8772,1
infected,/home/farhan/my-projects/pearl/data/infected/Image_867.jpg,f85f49e5a3d43adf217aa9b5ed6338d7,1
infected,/home/farhan/my-projects/pearl/data/infected/image10240.jpg,f85f7d3d4fa6565f150f8e8d1c3eed30,1
infected,/home/farhan/my-projects/pearl/data/infected/image12835.jpg,f866419110df6d80e8880e596701b9ab,1
infected,/home/farhan/my-projects/pearl/data/infected/image11291.jpg,f8747ea01bac912e744a95a2c81e562b,1
infected,/home/farhan/my-projects/pearl/data/infected/image11913.jpg,f87c43a980c90e50c8f67c89124a31d1,1
infected,/home/farhan/my-projects/pearl/data/infected/image11424.jpg,f8a4dd561c525b868fcdcc887a3a1dba,1
infected,/home/farhan/my-projects/pearl/data/infected/image10166.jpg,f8b28443e2b4d6f5290ce06bdd3ed80c,1
infected,/home/farhan/my-projects/pearl/data/infected/Image_887.jpg,f8b5fbf36e3a972f0cb283dfca36cf70,1
infected,/home/farhan/my-projects/pearl/data/infected/image12932.jpg,f8ed655e45c90977f95ea4b6275be9e2,1
infected,/home/farhan/my-projects/pearl/data/infected/image10472.jpg,f902b116da143279ccff3820b0970169,1
infected,/home/farhan/my-projects/pearl/data/infected/image11309.jpg,f90ddfcd56988c5ff30f2617fcacc7c4,1
infected,/home/farhan/my-projects/pearl/data/infected/image12795.jpg,f91ac2c22b5137d97cf2398b0621e231,1
infected,/home/farhan/my-projects/pearl/data/infected/Image_633.jpg,f987f318b89f8076867e66c278107d8f,1
infected,/home/farhan/my-projects/pearl/data/infected/Image_Rotate_Rotate_Right_169.jpg,f9d28b80caed3a4766c30bcd23165a70,1
infected,/home/farhan/my-projects/pearl/data/infected/image10494.jpg,f9dc4011b5fda648f2362abead358f66,1
infected,/home/farhan/my-projects/pearl/data/infected/image10511.jpg,f9f1728e30f3a4826a947015ab09a161,1
infected,/home/farhan/my-projects/pearl/data/infected/image12507.jpg,fa0759f5b685da39b6050bf22e407387,1
infected,/home/farhan/my-projects/pearl/data/infected/Image_943.jpg,fa317c0fd138f02fbd51b03b336cc9dd,1
infected,/home/farhan/my-projects/pearl/data/infected/image10378.jpg,fa31a98c6fa066d270dc5bfca148c283,1
infected,/home/farhan/my-projects/pearl/data/infected/image12146.jpg,fa3ec39a8e71d0dff222ba81835578e6,1
infected,/home/farhan/my-projects/pearl/data/infected/image11504.jpg,fa51074abc022a5e73c3fdbf5a6e6f6c,1
infected,/home/farhan/my-projects/pearl/data/infected/image12848.jpg,fa510acfb51e6700ebc0f020331e8bf9,1
infected,/home/farhan/my-projects/pearl/data/infected/image10437.jpg,fa6fe9f4c0887d16226ea30be1020932,1
infected,/home/farhan/my-projects/pearl/data/infected/image10725.jpg,fa764622505b60c55ab62a6354fa1ad9,1
infected,/home/farhan/my-projects/pearl/data/infected/Image_Rotate_Rotate_Right_113.jpg,fa83bfdcc866ee4575d34b65c61acf93,1
infected,/home/farhan/my-projects/pearl/data/infected/Image_Rotate_Rotate_Right_085.jpg,fa8af7d1efca74a5baf55f065a9ab735,1
infected,/home/farhan/my-projects/pearl/data/infected/Image_Rotate_Rotate_Right_145.jpg,fa8dddba5bb9049a23f41937c78170ff,1
infected,/home/farhan/my-projects/pearl/data/infected/image11578.jpg,fa95ddbea5e3210fcc36703631ed014e,1
infected,/home/farhan/my-projects/pearl/data/infected/image10855.jpg,faa5b382fd72575c481870b328eb13cf,1
infected,/home/farhan/my-projects/pearl/data/infected/image12127.jpg,faafc6e3556a858a5de5ecdc943fb172,1
infected,/home/farhan/my-projects/pearl/data/infected/image12155.jpg,fab4da77853ce6c0e1c9693795f785ed,1
infected,/home/farhan/my-projects/pearl/data/infected/Image_787.jpg,fae07ada2b815ab9a6c36f959b1e9bcb,1
infected,/home/farhan/my-projects/pearl/data/infected/image10403.jpg,fb0043c0732e51dd1d1f38e122af4701,1
infected,/home/farhan/my-projects/pearl/data/infected/image11961.jpg,fb022a1a4ad2033d8c21f514efc523f2,1
infected,/home/farhan/my-projects/pearl/data/infected/Image_759.jpg,fb0ad7db05ff0528bc0dd4071affd731,1
infected,/home/farhan/my-projects/pearl/data/infected/Image_Rotate_Rotate_Right_297.jpg,fb105cdd173761d3966219de32b23517,1
infected,/home/farhan/my-projects/pearl/data/infected/image12909.jpg,fb17485201777d702d1b273204f6d19c,1
infected,/home/farhan/my-projects/pearl/data/infected/Image_resize_179.jpg,fb47aab6c7ee81a04f72f06f083c6714,1
infected,/home/farhan/my-projects/pearl/data/infected/image11666.jpg,fb521d058ebf32c1ee0eb1558302dd25,1
infected,/home/farhan/my-projects/pearl/data/infected/image11216.jpg,fb564b42a8feecfdea1358c7d287c17c,1
infected,/home/farhan/my-projects/pearl/data/infected/image10172.jpg,fb6c10f422aa78d814a44e1c6335d522,1
infected,/home/farhan/my-projects/pearl/data/infected/image12634.jpg,fb6de81442f0b5045f8c03ac6e489612,1
infected,/home/farhan/my-projects/pearl/data/infected/image13141.jpg,fba833936035c95080eac1a22b243763,1
infected,/home/farhan/my-projects/pearl/data/infected/image12371.jpg,fbcbfe5c723b4d904e225a7c119e03ee,1
infected,/home/farhan/my-projects/pearl/data/infected/image10930.jpg,fbeb367aa451ec2f1748459745d0b70f,1
infected,/home/farhan/my-projects/pearl/data/infected/image10243.jpg,fbec8b6b42012eb11b9f8abfb7f54eb6,1
infected,/home/farhan/my-projects/pearl/data/infected/Image_703.jpg,fbfd8ee072b17090cbf3437b9aa1f468,1
infected,/home/farhan/my-projects/pearl/data/infected/image11221.jpg,fc0ea11510eb2be3a2ceaea741cbf98c,1
infected,/home/farhan/my-projects/pearl/data/infected/Image_1011.jpg,fc2614bbab92877cada2f67cb70d6321,1
infected,/home/farhan/my-projects/pearl/data/infected/image11170.jpg,fc35ddfe07413b1ac5835cbbba2a5bc5,1
infected,/home/farhan/my-projects/pearl/data/infected/image10343.jpg,fc3d700d2dd580ba76f36c9f1d82c13b,1
infected,/home/farhan/my-projects/pearl/data/infected/image10570.jpg,fc43a471b8e1b2ee7058e27ee7567b27,1
infected,/home/farhan/my-projects/pearl/data/infected/image11455.jpg,fc4488b9e59ea4fe78f4ad4a9a3aaac6,1
infected,/home/farhan/my-projects/pearl/data/infected/image10866.jpg,fc4719ccda93987542238e78f2e7959c,1
infected,/home/farhan/my-projects/pearl/data/infected/Image_387.jpg,fc4918352b179c112930f7221fc990df,1
infected,/home/farhan/my-projects/pearl/data/infected/image11769.jpg,fc5e49409f860d27dbce9ea026a38ca8,1
infected,/home/farhan/my-projects/pearl/data/infected/image10553.jpg,fca2e1e2e0d60a4cdec455d3f7178d72,1
infected,/home/farhan/my-projects/pearl/data/infected/Image_Rotate_Rotate_Right_285.jpg,fcb6f4fa50ecc3286d6d7c8c887f525a,1
infected,/home/farhan/my-projects/pearl/data/infected/image13053.jpg,fcd37d76a3a49a8bceb0adad7ba6113f,1
infected,/home/farhan/my-projects/pearl/data/infected/image11313.jpg,fce109adf76bcf4e785213675d0c1024,1
infected,/home/farhan/my-projects/pearl/data/infected/Image_889.jpg,fcfe478229a8c13951cdef0e1e4ca487,1
infected,/home/farhan/my-projects/pearl/data/infected/image10815.jpg,fd17f1e8dec963cedf7fc448f635bfe1,1
infected,/home/farhan/my-projects/pearl/data/infected/image13077.jpg,fd3eea0db32bc2262ac76cdcb3976bc9,1
infected,/home/farhan/my-projects/pearl/data/infected/image10678.jpg,fd4537faddd00b2316cc7eade7b6e507,1
infected,/home/farhan/my-projects/pearl/data/infected/image13044.jpg,fd5289398cc3559fb073805a53070650,1
infected,/home/farhan/my-projects/pearl/data/infected/image11412.jpg,fd5c0e02b7d866f46fbf999b93491af3,1
infected,/home/farhan/my-projects/pearl/data/infected/image12770.jpg,fd61ad2f48f3efd5ae9cf577c5fbf11d,1
infected,/home/farhan/my-projects/pearl/data/infected/Image_resize_007.jpg,fd67d8acb8fd4b86167b6f845f310877,1
infected,/home/farhan/my-projects/pearl/data/infected/image11650.jpg,fd71b7e5872dd5bef4e2d63f001ea699,1
infected,/home/farhan/my-projects/pearl/data/infected/image11600.jpg,fd98ed460021b2772643af50c31bf449,1
infected,/home/farhan/my-projects/pearl/data/infected/image11544.jpg,fd9b8fa1e25ef2da4c2878ecd5629a70,1
infected,/home/farhan/my-projects/pearl/data/infected/image10772.jpg,fdcb8148fe2c9fad98f2bf1b93d3a1f3,1
infected,/home/farhan/my-projects/pearl/data/infected/image11294.jpg,fde7a694d452291e6009edd80038e16e,1
infected,/home/farhan/my-projects/pearl/data/infected/Image_Rotate_Rotate_Right_371.jpg,fe2bddac48c839787c6d8c88f1eb6f2b,1
infected,/home/farhan/my-projects/pearl/data/infected/Image_Rotate_003.jpg,fe3991861d3927e1ae239497bb9e059a,1
infected,/home/farhan/my-projects/pearl/data/infected/image11270.jpg,fe5cd04a9ef8578d1f730658d8f7ceef,1
infected,/home/farhan/my-projects/pearl/data/infected/Image_647.jpg,fe5d91446403e994e1a81e197519a3a5,1
infected,/home/farhan/my-projects/pearl/data/infected/Image_827.jpg,fe61d8c4003500f6549d52619849ff12,1
infected,/home/farhan/my-projects/pearl/data/infected/image10541.jpg,fe848d8de5feb7f118bd6efd269b08a1,1
infected,/home/farhan/my-projects/pearl/data/infected/image10438.jpg,fe96bf61666422cf773b9cc81b098490,1
infected,/home/farhan/my-projects/pearl/data/infected/image11584.jpg,febb72a9bce9238c8334c32e64ee76c4,1
infected,/home/farhan/my-projects/pearl/data/infected/image11748.jpg,fec1be99353c753fbc233333f834d73e,1
infected,/home/farhan/my-projects/pearl/data/infected/image10153.jpg,fed4d558def977f1c18ba1c358b2695b,1
infected,/home/farhan/my-projects/pearl/data/infected/image10595.jpg,fed778b8ffff677ef7f5e686020b1989,1
infected,/home/farhan/my-projects/pearl/data/infected/image10758.jpg,ff09f2fedaa9f27f62c0ab5fddefb335,1
infected,/home/farhan/my-projects/pearl/data/infected/image12086.jpg,ff0a5165d601934e8368e87cc859c998,1
infected,/home/farhan/my-projects/pearl/data/infected/image10792.jpg,ff0a8e6d7cc78d2bed1dd457084cc2be,1
infected,/home/farhan/my-projects/pearl/data/infected/image10850.jpg,ff0ea9682e189b91136c5314df93a7ca,1
infected,/home/farhan/my-projects/pearl/data/infected/image12549.jpg,ff427510c5dc183cce38ecb4d5ec5ed6,1
infected,/home/farhan/my-projects/pearl/data/infected/image10064.jpg,ff5d2a974c5074b0403db7a37d5eef0d,1
infected,/home/farhan/my-projects/pearl/data/infected/image10006.jpg,ff69f15a4de5739fc1e514ea47082670,1
infected,/home/farhan/my-projects/pearl/data/infected/image11817.jpg,ff70de1f20e2c9df33538cd554b280f4,1
infected,/home/farhan/my-projects/pearl/data/infected/image12619.jpg,ff8ce8bfbf7f53eb441ab64526043c0c,1
infected,/home/farhan/my-projects/pearl/data/infected/image10928.jpg,ff9de0a93b0add3e2430caf77f124603,1
infected,/home/farhan/my-projects/pearl/data/infected/image11148.jpg,ffa2678d0832a40a0a591cacf9c4f480,1
infected,/home/farhan/my-projects/pearl/data/infected/image11819.jpg,ffb900abe7fa7384165afdc071eeedff,1
infected,/home/farhan/my-projects/pearl/data/infected/image10868.jpg,ffc338dd9964761cb61491651b9519b7,1
infected,/home/farhan/my-projects/pearl/data/infected/Image_305.jpg,ffead1bdbf815037e5f682078213acf5,1
infected,/home/farhan/my-projects/pearl/data/infected/image11190.jpg,ffee7417f30aefa3f438564eae019022,1
infected,/home/farhan/my-projects/pearl/data/infected/image11996.jpg,fff43f79a053fea43dc97df7eff54c84,1
infected,/home/farhan/my-projects/pearl/data/infected/Image_559.jpg,fff72170892c1b00a326e391887a95c5,1
infected,/home/farhan/my-projects/pearl/data/infected/Image_Rotate_185.jpg,fffac495568469c621f233c3a16a133a,1
noninfected,/home/farhan/my-projects/pearl/data/noninfected/Image_765.jpg,001d5843f4b1e9621a8328475a7fa7e8,1
noninfected,/home/farhan/my-projects/pearl/data/noninfected/Image_635.jpg,006a9044740c442987caad5db27044b3,1
noninfected,/home/farhan/my-projects/pearl/data/noninfected/Image_resize_729.jpg,00a56444715c5601a0daf7cf3dbf7cf7,1
noninfected,/home/farhan/my-projects/pearl/data/noninfected/Image_497.jpg,00c512566d210a729622e287d356aa27,1
noninfected,/home/farhan/my-projects/pearl/data/noninfected/Image_resize_545.jpg,00db3f23468805cd2c1ebd4ae17f9422,1
noninfected,/home/farhan/my-projects/pearl/data/noninfected/Image_649.jpg,01d8645dc88a0ad9ca7509f060274446,1
noninfected,/home/farhan/my-projects/pearl/data/noninfected/Image_171.jpg,03054fe3194593bdd058fbfbfd386ce7,1
noninfected,/home/farhan/my-projects/pearl/data/noninfected/Image_resize_092.jpg,03417ef83e5b44eda3cb4a9a4e17b36a,1
noninfected,/home/farhan/my-projects/pearl/data/noninfected/Image_543.jpg,03458fadfde6f389046926b75f521ea2,1
noninfected,/home/farhan/my-projects/pearl/data/noninfected/Image_499.jpg,0394310b529909874cae90f4452a40b1,1
noninfected,/home/farhan/my-projects/pearl/data/noninfected/Image_resize_593.jpg,03dd7dcca184aa3297eab47b7a1ae1f8,1
noninfected,/home/farhan/my-projects/pearl/data/noninfected/Image_resize_012.jpg,048bda7d090e054ff4430a9c56088f8d,1
noninfected,/home/farhan/my-projects/pearl/data/noninfected/Image_resize_708.jpg,04c8a064ac2291a87a9397c8acc7a806,1
noninfected,/home/farhan/my-projects/pearl/data/noninfected/Image_1023.jpg,04f296c382aef3f35fff805bdf2aafec,1
noninfected,/home/farhan/my-projects/pearl/data/noninfected/Image_365.jpg,052be6be491eb9732ce8fae720f384dd,1
noninfected,/home/farhan/my-projects/pearl/data/noninfected/Image_resize_418.jpg,054282eb5061b3a779dcb4160021c8a6,1
noninfected,/home/farhan/my-projects/pearl/data/noninfected/Image_693.jpg,0563168b94386ff9ce12bdcc7e96a090,1
noninfected,/home/farhan/my-projects/pearl/data/noninfected/Image_resize_065.jpg,05838066a9e41f084a2d04d93dda439d,1
noninfected,/home/farhan/my-projects/pearl/data/noninfected/Image_resize_764.jpg,05c1de8dbaf9a23fcc9eeedb38506e57,1
noninfected,/home/farhan/my-projects/pearl/data/noninfected/Image_resize_273.jpg,05e09a758aa406023f9df882897a834c,1
noninfected,/home/farhan/my-projects/pearl/data/noninfected/Image_837.jpg,05f261f02bacc8999b2dc6c47cb53705,1
noninfected,/home/farhan/my-projects/pearl/data/noninfected/Image_535.jpg,064c35cd897f162f8cc08a7d4d27b76e,1
noninfected,/home/farhan/my-projects/pearl/data/noninfected/Image_465.jpg,06723a3408cefd3ef375ade955b0f9dc,1
noninfected,/home/farhan/my-projects/pearl/data/noninfected/Image_resize_378.jpg,0714d1da60a2ee5d4431271021f8d6cb,1
noninfected,/home/farhan/my-projects/pearl/data/noninfected/Image_resize_097.jpg,0723fe0768dca877eeb4d055025e1bb6,1
noninfected,/home/farhan/my-projects/pearl/data/noninfected/Image_307.jpg,0728e6d68edcfde1c0c71fccf1f21b29,1
noninfected,/home/farhan/my-projects/pearl/data/noninfected/Image_697.jpg,075922a210d5b13297e812fa8473dc84,1
noninfected,/home/farhan/my-projects/pearl/data/noninfected/Image_677.jpg,07b4220b1d37718476e5fdc595fec455,1
noninfected,/home/farhan/my-projects/pearl/data/noninfected/Image_129.jpg,0811ea6cc7a5184235432a059b8fdee7,1
noninfected,/home/farhan/my-projects/pearl/data/noninfected/Image_965.jpg,086bbfce13b08f251589caf11a9863bc,1
noninfected,/home/farhan/my-projects/pearl/data/noninfected/Image_709.jpg,08793962bc582e78b17cb9f9f900cdd1,1
noninfected,/home/farhan/my-projects/pearl/data/noninfected/Image_737.jpg,090a1ee30e06df08bd531abc9ac304ba,1
noninfected,/home/farhan/my-projects/pearl/data/noninfected/Image_485.jpg,093d93cc0b0dd5ace3a919ea3d18255c,1
noninfected,/home/farhan/my-projects/pearl/data/noninfected/Image_613.jpg,099d4d87c7a9b19c5eb83c6ee352ad66,1
noninfected,/home/farhan/my-projects/pearl/data/noninfected/Image_479.jpg,09a0704ce5797b250df2b98b18248735,1
noninfected,/home/farhan/my-projects/pearl/data/noninfected/Image_591.jpg,09b9bb1bde94cc5c77a69c4d692ecd35,1
noninfected,/home/farhan/my-projects/pearl/data/noninfected/Image_resize_481.jpg,0a0f1ae99c4f32441b902868d4b63286,1
noninfected,/home/farhan/my-projects/pearl/data/noninfected/Image_533.jpg,0a1c303b00e406f814168bada44d4495,1
noninfected,/home/farhan/my-projects/pearl/data/noninfected/Image_453.jpg,0a9353b5431aa7110611bb2c07d93ee8,1
noninfected,/home/farhan/my-projects/pearl/data/noninfected/Image_resize_705.jpg,0be2e6be149b381a823d58c1ec20b672,1
noninfected,/home/farhan/my-projects/pearl/data/noninfected/Image_resize_698.jpg,0c56c4b7f639528b068c43b6b7d8887c,1
noninfected,/home/farhan/my-projects/pearl/data/noninfected/Image_resize_369.jpg,0cd0a14d3e7d81d448b6d760e75ec188,1
noninfected,/home/farhan/my-projects/pearl/data/noninfected/Image_771.jpg,0cfc52c00757f5831e0b49df200c428f,1
noninfected,/home/farhan/my-projects/pearl/data/noninfected/Image_resize_298.jpg,0d0368561dc5c98e6ae20946ad2ef9fa,1
noninfected,/home/farhan/my-projects/pearl/data/noninfected/Image_939.jpg,0d3f706d438973c117e27bf87ce89aa8,1
noninfected,/home/farhan/my-projects/pearl/data/noninfected/Image_215.jpg,0df813a1b1625944638a0d825a21fd3a,1
noninfected,/home/farhan/my-projects/pearl/data/noninfected/Image_451.jpg,0df9733f50aca785b958bd529c4a706a,1
noninfected,/home/farhan/my-projects/pearl/data/noninfected/Image_173.jpg,0e47517b71eaa1e460611bdd238f0755,1
noninfected,/home/farhan/my-projects/pearl/data/noninfected/Image_259.jpg,0ec204e0c416c075f0afac2c53f20291,1
noninfected,/home/farhan/my-projects/pearl/data/noninfected/Image_resize_306.jpg,0f055be769970dae7ddb37be363d1aea,1
noninfected,/home/farhan/my-projects/pearl/data/noninfected/Image_217.jpg,0f17156d75ed9e5f3230f551621e9f6b,1
noninfected,/home/farhan/my-projects/pearl/data/noninfected/Image_865.jpg,0f7f9bea66af9bdef8a34df507636900,1
noninfected,/home/farhan/my-projects/pearl/data/noninfected/Image_183.jpg,101605d3f3ba9248bda9a4e515141902,1
noninfected,/home/farhan/my-projects/pearl/data/noninfected/Image_resize_089.jpg,101778754369cda64bd58cf89eeb566b,1
noninfected,/home/farhan/my-projects/pearl/data/noninfected/Image_757.jpg,11406e465cd826a410c1d5edc8e08c78,1
noninfected,/home/farhan/my-projects/pearl/data/noninfected/Image_resize_017.jpg,114c97c16268750780566562cef609e5,1
noninfected,/home/farhan/my-projects/pearl/data/noninfected/Image_1017.jpg,1154dd12defab9c96ad95219b560a9d2,1
noninfected,/home/farhan/my-projects/pearl/data/noninfected/Image_1007.jpg,1200bfd2db5ad18e4d704db25e3b68c2,1
noninfected,/home/farhan/my-projects/pearl/data/noninfected/Image_resize_066.jpg,122409e282edb41fc31804d31e6a1e9f,1
noninfected,/home/farhan/my-projects/pearl/data/noninfected/Image_resize_657.jpg,129cbdd6f8f152d62d9dbb7cec16b11f,1
noninfected,/home/farhan/my-projects/pearl/data/noninfected/Image_resize_233.jpg,12dbb5daf8f7eda6dfe368f1244ce125,1
noninfected,/home/farhan/my-projects/pearl/data/noninfected/Image_resize_706.jpg,13387473b177295fbd6f7de1728e6e93,1
noninfected,/home/farhan/my-projects/pearl/data/noninfected/Image_391.jpg,13717933a809a8456f7af9abcf60cbe8,1
noninfected,/home/farhan/my-projects/pearl/data/noninfected/Image_655.jpg,13b5b358474900f00982f4092fb2ef42,1
noninfected,/home/farhan/my-projects/pearl/data/noninfected/Image_979.jpg,1425c87ee12aa3b758035bd7f2a68784,1
noninfected,/home/farhan/my-projects/pearl/data/noninfected/Image_resize_042.jpg,1488ad0734592317cd2af306a91aa79e,1
noninfected,/home/farhan/my-projects/pearl/data/noninfected/Image_275.jpg,14ec9e9d7b4b71e7115594595b275874,1
noninfected,/home/farhan/my-projects/pearl/data/noninfected/Image_349.jpg,150fe3db09053cb548b1716e0e996ed3,1
noninfected,/home/farhan/my-projects/pearl/data/noninfected/Image_875.jpg,15ee7429146fd66f4e2c7718a7d57c44,1
noninfected,/home/farhan/my-projects/pearl/data/noninfected/Image_051.jpg,1634cf9a31c24a87efa39fdcada3f6fc,1
noninfected,/home/farhan/my-projects/pearl/data/noninfected/Image_resize_609.jpg,16436c3c24879a8000ef8ed1c6a33d94,1
noninfected,/home/farhan/my-projects/pearl/data/noninfected/Image_463.jpg,16aeef176aaba5959ad9dd55f4f52276,1
noninfected,/home/farhan/my-projects/pearl/data/noninfected/Image_resize_020.jpg,16dbb323e017ed2aa487313345c7a175,1
noninfected,/home/farhan/my-projects/pearl/data/noninfected/Image_resize_212.jpg,17ea9e10aa946cbcaa9f0ea1432ddb59,1
noninfected,/home/farhan/my-projects/pearl/data/noninfected/Image_651.jpg,18091651f7e339000343980a4a3d5de2,1
noninfected,/home/farhan/my-projects/pearl/data/noninfected/Image_resize_170.jpg,1834ba6ab6cde4eb5e888df41fdac071,1
noninfected,/home/farhan/my-projects/pearl/data/noninfected/Image_435.jpg,186b652cc8da88e0704e06b9626277b2,1
noninfected,/home/farhan/my-projects/pearl/data/noninfected/Image_319.jpg,1892f06fd2f418e2fe10580db2a992db,1
noninfected,/home/farhan/my-projects/pearl/data/noninfected/Image_resize_058.jpg,18f9e06b2a1afbe78f2ea90a7a1214ac,1
noninfected,/home/farhan/my-projects/pearl/data/noninfected/Image_097.jpg,1ac396a894b3ceafdf2c5e340cee2bec,1
noninfected,/home/farhan/my-projects/pearl/data/noninfected/Image_887.jpg,1ad9abfa872c443ae3de6cba7439c018,1
noninfected,/home/farhan/my-projects/pearl/data/noninfected/Image_resize_321.jpg,1b3708a579a938528ef2df99c6d6f0a9,1
noninfected,/home/farhan/my-projects/pearl/data/noninfected/Image_resize_474.jpg,1b540f64ee789e006e823c70154e0fa5,1
noninfected,/home/farhan/my-projects/pearl/data/noninfected/Image_741.jpg,1b8fc4bb147294fcdec917f96bd35c37,1
noninfected,/home/farhan/my-projects/pearl/data/noninfected/Image_483.jpg,1bbec4a22a66a067b46a92d127cf1ef4,1
noninfected,/home/farhan/my-projects/pearl/data/noninfected/Image_461.jpg,1c70c2aafc8fb7379fafa8843ea239ef,1
noninfected,/home/farhan/my-projects/pearl/data/noninfected/Image_251.jpg,1c83df75bd314c956e61a176458c7050,1
noninfected,/home/farhan/my-projects/pearl/data/noninfected/Image_resize_420.jpg,1d36762a00d46b2a1376dbcba636f352,1
noninfected,/home/farhan/my-projects/pearl/data/noninfected/Image_889.jpg,1e4053ce46e970765d5959732db56072,1
noninfected,/home/farhan/my-projects/pearl/data/noninfected/Image_resize_732.jpg,1f1d007913dcaf0ca889695807dfb9a2,1
noninfected,/home/farhan/my-projects/pearl/data/noninfected/Image_resize_468.jpg,1f37a19fe7ac17eafe03a29093d7b4c2,1
noninfected,/home/farhan/my-projects/pearl/data/noninfected/Image_357.jpg,1fedd5c6300071b518dda1e2c60d2d93,1
noninfected,/home/farhan/my-projects/pearl/data/noninfected/Image_253.jpg,1feefb7430d6e7e7f956067f64e2952f,1
noninfected,/home/farhan/my-projects/pearl/data/noninfected/Image_673.jpg,20769f4571997c91510f4a994841aa22,1
noninfected,/home/farhan/my-projects/pearl/data/noninfected/Image_409.jpg,209c13b30bd3f04bd15b55d86ef382f1,1
noninfected,/home/farhan/my-projects/pearl/data/noninfected/Image_017.jpg,20bd9affc392bfec9427047d8ae46f86,1
noninfected,/home/farhan/my-projects/pearl/data/noninfected/Image_resize_324.jpg,20ee2b0e9244a17340fda5b6bfef57b1,1
noninfected,/home/farhan/my-projects/pearl/data/noninfected/Image_resize_001.jpg,214e1bd96941911c5cdd8a39433b4379,1
noninfected,/home/farhan/my-projects/pearl/data/noninfected/Image_971.jpg,21c0847a4781b58ced5a68a41fd6d405,1
noninfected,/home/farhan/my-projects/pearl/data/noninfected/Image_resize_724.jpg,21c82345195cadc33f38cb97dab217a5,1
noninfected,/home/farhan/my-projects/pearl/data/noninfected/Image_resize_508.jpg,221a5ba601b99dc3b262c92548e7d092,1
noninfected,/home/farhan/my-projects/pearl/data/noninfected/Image_197.jpg,222026ca04f6df0e290bed0fe3bcda16,1
noninfected,/home/farhan/my-projects/pearl/data/noninfected/Image_975.jpg,222c7bd9c695f063a3896143d0ce4d45,1
noninfected,/home/farhan/my-projects/pearl/data/noninfected/Image_919.jpg,226d6da609299d7d4c9bd76073f32cc9,1
noninfected,/home/farhan/my-projects/pearl/data/noninfected/Image_825.jpg,22aa33c87fee3f602c454b1ffe9c76fd,1
noninfected,/home/farhan/my-projects/pearl/data/noninfected/Image_423.jpg,230138b4fa8799eb12d0a20b0b04c44e,1
noninfected,/home/farhan/my-projects/pearl/data/noninfected/Image_resize_274.jpg,23cbc9e56bfc5dc460464743633f3393,1
noninfected,/home/farhan/my-projects/pearl/data/noninfected/Image_455.jpg,241c2c7b958e757d189e02704cf23be7,1
noninfected,/home/farhan/my-projects/pearl/data/noninfected/Image_061.jpg,2435de037dd8f158bc300c5dc37f363b,1
noninfected,/home/farhan/my-projects/pearl/data/noninfected/Image_981.jpg,25aa930240bd10951ee117a9db6b6d52,1
noninfected,/home/farhan/my-projects/pearl/data/noninfected/Image_571.jpg,260bc8b32405c80cd34b82aa22b9b3ab,1
noninfected,/home/farhan/my-projects/pearl/data/noninfected/Image_991.jpg,260f1073509aff363ddf5dc501a44c62,1
noninfected,/home/farhan/my-projects/pearl/data/noninfected/Image_769.jpg,2654fba7c4d113dbc20edaeaba4ff390,1
noninfected,/home/farhan/my-projects/pearl/data/noninfected/Image_727.jpg,269fcbc6ef856c2ba40b934c89af0570,1
noninfected,/home/farhan/my-projects/pearl/data/noninfected/Image_resize_130.jpg,2712571c91834c605481cc73f6da510e,1
noninfected,/home/farhan/my-projects/pearl/data/noninfected/Image_177.jpg,2751caf561b83d39b07bc13a7dd221e3,1
noninfected,/home/farhan/my-projects/pearl/data/noninfected/Image_resize_506.jpg,27d5ead4c1c2d852ad8167a6eef52ba6,1
noninfected,/home/farhan/my-projects/pearl/data/noninfected/Image_resize_505.jpg,282b275d8a9eed3b24dfc40f04982208,1
noninfected,/home/farhan/my-projects/pearl/data/noninfected/Image_705.jpg,283a942ed3c35af06d07e22e6a9f680e,1
noninfected,/home/farhan/my-projects/pearl/data/noninfected/Image_213.jpg,2870e31adf179204b61e9fea7a377ff4,1
noninfected,/home/farhan/my-projects/pearl/data/noninfected/Image_599.jpg,28ccffca3dd3099e5bfee822eadc99d6,1
noninfected,/home/farhan/my-projects/pearl/data/noninfected/Image_157.jpg,2934596c63c9fbdf6958747ef29f8821,1
noninfected,/home/farhan/my-projects/pearl/data/noninfected/Image_421.jpg,29443534a44456ead9bd51d67aa5a0cb,1
noninfected,/home/farhan/my-projects/pearl/data/noninfected/Image_581.jpg,2b40447dc6f18c345acadaae87bf7a54,1
noninfected,/home/farhan/my-projects/pearl/data/noninfected/Image_745.jpg,2b5b4f6bfed961c50414efb47181f5cf,1
noninfected,/home/farhan/my-projects/pearl/data/noninfected/Image_439.jpg,2c1823721164c071dfcf84833dd6fc84,1
noninfected,/home/farhan/my-projects/pearl/data/noninfected/Image_resize_748.jpg,2c640b00d04f6c3ccb8cd553441f74e6,1
noninfected,/home/farhan/my-projects/pearl/data/noninfected/Image_327.jpg,2c77e2a39571fa5bef0c2a15456bcf63,1
noninfected,/home/farhan/my-projects/pearl/data/noninfected/Image_1001.jpg,2cbd153d2f10236a4d3d5e3bd33de39b,1
noninfected,/home/farhan/my-projects/pearl/data/noninfected/Image_443.jpg,2d331496228267077ade447dc04a63be,1
noninfected,/home/farhan/my-projects/pearl/data/noninfected/Image_resize_772.jpg,2d54812c325b1c6419e73e2f1dde4bb0,1
noninfected,/home/farhan/my-projects/pearl/data/noninfected/Image_resize_625.jpg,2d90f2e8339fc01c3cc8e761dadfb85a,1
noninfected,/home/farhan/my-projects/pearl/data/noninfected/Image_resize_009.jpg,2ec1bc9cda3d323d7f1aa062b4d2cc63,1
noninfected,/home/farhan/my-projects/pearl/data/noninfected/Image_resize_194.jpg,2f9ec8683ab5d2d5de6ce1fffb98b1fc,1
noninfected,/home/farhan/my-projects/pearl/data/noninfected/Image_891.jpg,2fb74cd1d0dcaf7fe1205e1558fd0e03,1
noninfected,/home/farhan/my-projects/pearl/data/noninfected/Image_resize_460.jpg,30801aefed515a84c954803a6c245125,1
noninfected,/home/farhan/my-projects/pearl/data/noninfected/Image_151.jpg,30853b47abffd1c77fd16c54e20b4fea,1
noninfected,/home/farhan/my-projects/pearl/data/noninfected/Image_resize_234.jpg,308be3053248737bb4ff183a1a3ef9a8,1
noninfected,/home/farhan/my-projects/pearl/data/noninfected/Image_283.jpg,30a71c16306cf83ff720aa60083e77c5,1
noninfected,/home/farhan/my-projects/pearl/data/noninfected/Image_763.jpg,30b7eeeef09de37e5e522cb2275427cf,1
noninfected,/home/farhan/my-projects/pearl/data/noninfected/Image_resize_610.jpg,315a6e2a16c44060d8ed8b7ec3abd73b,1
noninfected,/home/farhan/my-projects/pearl/data/noninfected/Image_resize_081.jpg,31694c8b5b087c3e8e9c9d3f41e3d1b4,1
noninfected,/home/farhan/my-projects/pearl/data/noninfected/Image_841.jpg,328731c6772460de46e2e2676f6a4bbe,1
noninfected,/home/farhan/my-projects/pearl/data/noninfected/Image_resize_289.jpg,32cc93907d8cc39491deafb9dc20d0e4,1
noninfected,/home/farhan/my-projects/pearl/data/noninfected/Image_541.jpg,33040accf761e9a4d723b090c43bde08,1
noninfected,/home/farhan/my-projects/pearl/data/noninfected/Image_131.jpg,330ae8745b74e588c2957747d11dd37f,1
noninfected,/home/farhan/my-projects/pearl/data/noninfected/Image_247.jpg,3362d1a0cdc9233a019fb7ae7dfae9cb,1
noninfected,/home/farhan/my-projects/pearl/data/noninfected/Image_069.jpg,33b063b6ceaf931536fc8525297c0d63,1
noninfected,/home/farhan/my-projects/pearl/data/noninfected/Image_637.jpg,3478c133fde0a512a42d7a1fbf8d87ff,1
noninfected,/home/farhan/my-projects/pearl/data/noninfected/Image_263.jpg,34c15697a4a20b1a83a3d56ebaa018f5,1
noninfected,/home/farhan/my-projects/pearl/data/noninfected/Image_961.jpg,3507c12c23244d6376382da39b98e30f,1
noninfected,/home/farhan/my-projects/pearl/data/noninfected/Image_857.jpg,35332278cc85e029720dc643b4d1b184,1
noninfected,/home/farhan/my-projects/pearl/data/noninfected/Image_517.jpg,35a99e79051f57afdb44604d22866086,1
noninfected,/home/farhan/my-projects/pearl/data/noninfected/Image_1011.jpg,35ca23b14342cea88eac1262279df279,1
noninfected,/home/farhan/my-projects/pearl/data/noninfected/Image_871.jpg,360ea42d917aa9ffd3f259874a095e2b,1
noninfected,/home/farhan/my-projects/pearl/data/noninfected/Image_023.jpg,362815b9cb3554b2a648a120159aa4c5,1
noninfected,/home/farhan/my-projects/pearl/data/noninfected/Image_851.jpg,3635d1dee38482a2bf3a696807e4bfee,1
noninfected,/home/farhan/my-projects/pearl/data/noninfected/Image_629.jpg,364844c383fa47d00b6dcde497ac3e8e,1
noninfected,/home/farhan/my-projects/pearl/data/noninfected/Image_resize_036.jpg,364a04e33ad71f2b928f5b8b993bb820,1
noninfected,/home/farhan/my-projects/pearl/data/noninfected/Image_resize_396.jpg,3675e892e30586cd8caf05a5775a8f05,1
noninfected,/home/farhan/my-projects/pearl/data/noninfected/Image_355.jpg,369752fe1edd9437c145a51db90111a0,1
noninfected,/home/farhan/my-projects/pearl/data/noninfected/Image_473.jpg,37adb257c712d605179db0fc5e49c97c,1
noninfected,/home/farhan/my-projects/pearl/data/noninfected/Image_537.jpg,37ba0930ff8c09c5a6b075cec33b9d05,1
noninfected,/home/farhan/my-projects/pearl/data/noninfected/Image_127.jpg,37e5a89f3e5842d27121ff15e148b5d6,1
noninfected,/home/farhan/my-projects/pearl/data/noninfected/Image_415.jpg,3802894b066fd61d6d0ca96514978cf5,1
noninfected,/home/farhan/my-projects/pearl/data/noninfected/Image_resize_626.jpg,38100f33e04be6ce48425f96d8ad421e,1
noninfected,/home/farhan/my-projects/pearl/data/noninfected/Image_567.jpg,3874e70f93eeec1b4b2b5e81532bf2e4,1
noninfected,/home/farhan/my-projects/pearl/data/noninfected/Image_569.jpg,38b21a939ae9a736e05e02787df57ec4,1
noninfected,/home/farhan/my-projects/pearl/data/noninfected/Image_623.jpg,38fe43a7b2e6ed196dc2d55313653a99,1
noninfected,/home/farhan/my-projects/pearl/data/noninfected/Image_843.jpg,39058174cd3419b1d6b5599e338c9735,1
noninfected,/home/farhan/my-projects/pearl/data/noninfected/Image_resize_410.jpg,39238793f7447eb0ee66ecd18b3eeb8f,1
noninfected,/home/farhan/my-projects/pearl/data/noninfected/Image_615.jpg,39381104acb8e4ea47c0021848dc9ee9,1
noninfected,/home/farhan/my-projects/pearl/data/noninfected/Image_311.jpg,39b0feeb72e44fde1680a4783153f048,1
noninfected,/home/farhan/my-projects/pearl/data/noninfected/Image_resize_105.jpg,39e79c6c4652a5fd7df5b80f4597c3b2,1
noninfected,/home/farhan/my-projects/pearl/data/noninfected/Image_937.jpg,39f18f7865a1b4c6173ae98c59ea98db,1
noninfected,/home/farhan/my-projects/pearl/data/noninfected/Image_437.jpg,3b966abd6d75282d4ed4900e9ab9eb6d,1
noninfected,/home/farhan/my-projects/pearl/data/noninfected/Image_resize_161.jpg,3bbd48f6fe7f4d7befa89b0f2e23ceda,1
noninfected,/home/farhan/my-projects/pearl/data/noninfected/Image_385.jpg,3bca82666ed709e301b436a3352bd7ee,1
noninfected,/home/farhan/my-projects/pearl/data/noninfected/Image_957.jpg,3c2652c4a896e73b5dc2053cc26577fe,1
noninfected,/home/farhan/my-projects/pearl/data/noninfected/Image_963.jpg,3c941aa8ff791ca351a90b67111b4d97,1
noninfected,/home/farhan/my-projects/pearl/data/noninfected/Image_resize_714.jpg,3c94564743200d51e7ed573af3230c6f,1
noninfected,/home/farhan/my-projects/pearl/data/noninfected/Image_201.jpg,3d41dbcc0831dd217631895074b98f6f,1
noninfected,/home/farhan/my-projects/pearl/data/noninfected/Image_595.jpg,3d8c4086dafdaf132f8703e2cecf4330,1
noninfected,/home/farhan/my-projects/pearl/data/noninfected/Image_resize_353.jpg,3d8e7d28b8bd972d4535b11164ac4e55,1
noninfected,/home/farhan/my-projects/pearl/data/noninfected/Image_787.jpg,3db492a214a02e4b19611b863de2dddb,1
noninfected,/home/farhan/my-projects/pearl/data/noninfected/Image_105.jpg,3de4b32d41bd45d1b49452911def1002,1
noninfected,/home/farhan/my-projects/pearl/data/noninfected/Image_153.jpg,3f38ef568ce0731aab00a40e5d21023a,1
noninfected,/home/farhan/my-projects/pearl/data/noninfected/Image_459.jpg,3f956dc44c4b55326921468bc370ffb6,1
noninfected,/home/farhan/my-projects/pearl/data/noninfected/Image_resize_721.jpg,3f9baad9800748e25444cbe5fe20770c,1
noninfected,/home/farhan/my-projects/pearl/data/noninfected/Image_resize_098.jpg,3fb9597817323b7a57920bd38e3c662a,1
noninfected,/home/farhan/my-projects/pearl/data/noninfected/Image_343.jpg,40188855efba9ba93f2ed5a963be4e1e,1
noninfected,/home/farhan/my-projects/pearl/data/noninfected/Image_775.jpg,4096ec162e276fd731c4a46d0ea019f8,1
noninfected,/home/farhan/my-projects/pearl/data/noninfected/Image_resize_193.jpg,409907ab11dd050fb192178b16375eaa,1
noninfected,/home/farhan/my-projects/pearl/data/noninfected/Image_967.jpg,40a50b64bb74bfc4e8f7a10bf6280a22,1
noninfected,/home/farhan/my-projects/pearl/data/noninfected/Image_519.jpg,411a4850d19fa9dac7f5ff706322d5c5,1
noninfected,/home/farhan/my-projects/pearl/data/noninfected/Image_235.jpg,4121d533a3d01e663d62533d937e0cf5,1
noninfected,/home/farhan/my-projects/pearl/data/noninfected/Image_107.jpg,413ad937320286ac6a9d880b79d1dfec,1
noninfected,/home/farhan/my-projects/pearl/data/noninfected/Image_resize_146.jpg,4184ece593137a7f4711a9e2c7c72ffe,1
noninfected,/home/farhan/my-projects/pearl/data/noninfected/Image_293.jpg,4191418ccf930e0b700a9e1df0553f49,1
noninfected,/home/farhan/my-projects/pearl/data/noninfected/Image_481.jpg,41c677d0ef019cb3d60d219b8044bb47,1
noninfected,/home/farhan/my-projects/pearl/data/noninfected/Image_347.jpg,41c9f3bbab2db61f83a55ec3a3bccc85,1
noninfected,/home/farhan/my-projects/pearl/data/noninfected/Image_685.jpg,420f7cdd44cadf86629fa5f4b5751f94,1
noninfected,/home/farhan/my-projects/pearl/data/noninfected/Image_resize_084.jpg,42165a7ad8bf6d62926d0ca937cea153,1
noninfected,/home/farhan/my-projects/pearl/data/noninfected/Image_resize_049.jpg,424af8f23bfa5bc751907da6646ddba9,1
noninfected,/home/farhan/my-projects/pearl/data/noninfected/Image_371.jpg,43022d825925aba3a76949f38bb84cda,1
noninfected,/home/farhan/my-projects/pearl/data/noninfected/Image_555.jpg,4314128568e7222bac71594be34ab09f,1
noninfected,/home/farhan/my-projects/pearl/data/noninfected/Image_507.jpg,436131b0ca501e9276f4aa97e4a0ff84,1
noninfected,/home/farhan/my-projects/pearl/data/noninfected/Image_resize_644.jpg,43dca1edcc2ba29b57db230aadfbde6e,1
noninfected,/home/farhan/my-projects/pearl/data/noninfected/Image_resize_586.jpg,43dd5b358dc27368d3977da01a607547,1
noninfected,/home/farhan/my-projects/pearl/data/noninfected/Image_resize_650.jpg,445838bcc06dbbcb9a03e239b40021ee,1
noninfected,/home/farhan/my-projects/pearl/data/noninfected/Image_resize_330.jpg,448507b2ef803a3eef3de2d332331f0a,1
noninfected,/home/farhan/my-projects/pearl/data/noninfected/Image_1009.jpg,44acd47279d9fd8715b8d5e5f8d9a4e7,1
noninfected,/home/farhan/my-projects/pearl/data/noninfected/Image_621.jpg,4556f3dd7e10834a79e037da6c0fc7b8,1
noninfected,/home/farhan/my-projects/pearl/data/noninfected/Image_resize_618.jpg,4691582fdd848262d528b49444797fdb,1
noninfected,/home/farhan/my-projects/pearl/data/noninfected/Image_527.jpg,46a6657ca60cbffd17ced9835b879dfd,1
noninfected,/home/farhan/my-projects/pearl/data/noninfected/Image_393.jpg,46dc83887273866c17893545ee698479,1
noninfected,/home/farhan/my-projects/pearl/data/noninfected/Image_719.jpg,46dd4e4b9e75d7a61e68e69e176431d2,1
noninfected,/home/farhan/my-projects/pearl/data/noninfected/Image_929.jpg,46e61d501b575d40edeb00d5aa482583,1
noninfected,/home/farhan/my-projects/pearl/data/noninfected/Image_1015.jpg,46ef62d4a0f32e176dbc0a4691e0630c,1
noninfected,/home/farhan/my-projects/pearl/data/noninfected/Image_resize_682.jpg,47152588a05e49547a7c711b2956ded1,1
noninfected,/home/farhan/my-projects/pearl/data/noninfected/Image_959.jpg,4724de3b034e3eacbc5cfe65807e8b25,1
noninfected,/home/farhan/my-projects/pearl/data/noninfected/Image_resize_740.jpg,47287ca4461ffa87de6dfe46146e389e,1
noninfected,/home/farhan/my-projects/pearl/data/noninfected/Image_resize_476.jpg,47b1bbbf920c022394cf4f9a8a0e38d7,1
noninfected,/home/farhan/my-projects/pearl/data/noninfected/Image_877.jpg,47d30499cbc5054c478f39bdeae3ff4d,1
noninfected,/home/farhan/my-projects/pearl/data/noninfected/Image_695.jpg,48641e5604caadeb858172f20a3effe3,1
noninfected,/home/farhan/my-projects/pearl/data/noninfected/Image_593.jpg,4897c49592988281c101e933c414381a,1
noninfected,/home/farhan/my-projects/pearl/data/noninfected/Image_145.jpg,490f336b709553bd34088f38a57679b7,1
noninfected,/home/farhan/my-projects/pearl/data/noninfected/Image_resize_281.jpg,49367bbd1b578274a0ac2fa4bfc4b39e,1
noninfected,/home/farhan/my-projects/pearl/data/noninfected/Image_389.jpg,49f91f34cac9ee8914c80bff4582a662,1
noninfected,/home/farhan/my-projects/pearl/data/noninfected/Image_resize_202.jpg,4a14545fd0954598b0d66ac053564e44,1
noninfected,/home/farhan/my-projects/pearl/data/noninfected/Image_529.jpg,4a5d0b02fcb71de5fd52774a0297ef76,1
noninfected,/home/farhan/my-projects/pearl/data/noninfected/Image_831.jpg,4a777ef46c84792f0f8178dce2c40093,1
noninfected,/home/farhan/my-projects/pearl/data/noninfected/Image_341.jpg,4a78e7b98f0b61708a9d6c725ba37556,1
noninfected,/home/farhan/my-projects/pearl/data/noninfected/Image_587.jpg,4b0250902d1babcd8dbe8f684f954a7d,1
noninfected,/home/farhan/my-projects/pearl/data/noninfected/Image_resize_185.jpg,4bc640a3fbe1be1934bcaa6feec7e540,1
noninfected,/home/farhan/my-projects/pearl/data/noninfected/Image_resize_785.jpg,4c54ea8c6ff4b0cce3244f6defdae265,1
noninfected,/home/farhan/my-projects/pearl/data/noninfected/Image_545.jpg,4cb44cf7a530424c89b8c5b8f005a72c,1
noninfected,/home/farhan/my-projects/pearl/data/noninfected/Image_725.jpg,4ce55c37ea0da0489ffddba486f98922,1
noninfected,/home/farhan/my-projects/pearl/data/noninfected/Image_resize_292.jpg,4d836dc0305f5c50b8103b55a74354dc,1
noninfected,/home/farhan/my-projects/pearl/data/noninfected/Image_resize_145.jpg,4dadc487fa02e059076dac8848f884b2,1
noninfected,/home/farhan/my-projects/pearl/data/noninfected/Image_969.jpg,4dd3a0accf259d1f010e4e13c9895df8,1
noninfected,/home/farhan/my-projects/pearl/data/noninfected/Image_583.jpg,4dd5bbe19290697e20189fd6837f1533,1
noninfected,/home/farhan/my-projects/pearl/data/noninfected/Image_675.jpg,4e1cb0e68effc779acc2f370f975a70c,1
noninfected,/home/farhan/my-projects/pearl/data/noninfected/Image_resize_402.jpg,4e1fa38366772350da2bf8c19f7a582c,1
noninfected,/home/farhan/my-projects/pearl/data/noninfected/Image_353.jpg,4e451001481cbd13a592702b6a9d8d02,1
noninfected,/home/farhan/my-projects/pearl/data/noninfected/Image_429.jpg,4e4fe22b5d39fbe204353ab607c67484,1
noninfected,/home/farhan/my-projects/pearl/data/noninfected/Image_833.jpg,4e60f9bf6b3dd2b13e125afea55bd503,1
noninfected,/home/farhan/my-projects/pearl/data/noninfected/Image_609.jpg,4ec911707d826cddc6f174908c92dfa2,1
noninfected,/home/farhan/my-projects/pearl/data/noninfected/Image_resize_762.jpg,4f054bcc9fd3aed829541729135e2dfe,1
noninfected,/home/farhan/my-projects/pearl/data/noninfected/Image_445.jpg,4f2d3804437114968675f2912373d4ed,1
noninfected,/home/farhan/my-projects/pearl/data/noninfected/Image_245.jpg,4f3200e039f21fecaa33c45b1d801671,1
noninfected,/home/farhan/my-projects/pearl/data/noninfected/Image_339.jpg,4f8125924860635ae49ed7020669669a,1
noninfected,/home/farhan/my-projects/pearl/data/noninfected/Image_029.jpg,4f9d7518e422461c590fff6c1ba23ef0,1
noninfected,/home/farhan/my-projects/pearl/data/noninfected/Image_947.jpg,5074ce0a3f0daf56fa0be99b53bb701a,1
noninfected,/home/farhan/my-projects/pearl/data/noninfected/Image_139.jpg,50ac30b33d28dece4833f86fb1c68856,1
noninfected,/home/farhan/my-projects/pearl/data/noninfected/Image_779.jpg,50cbf0ac07327e66e40c3812d8dda543,1
noninfected,/home/farhan/my-projects/pearl/data/noninfected/Image_305.jpg,511f92bdeaf6350cf7a47a24f551f461,1
noninfected,/home/farhan/my-projects/pearl/data/noninfected/Image_resize_252.jpg,5165dad8cb0591e1b5495f00b13b2df3,1
noninfected,/home/farhan/my-projects/pearl/data/noninfected/Image_009.jpg,5227024b38640b46366393f2f21cc102,1
noninfected,/home/farhan/my-projects/pearl/data/noninfected/Image_539.jpg,5281c29ebb92fb375fbc406f5b680eca,1
noninfected,/home/farhan/my-projects/pearl/data/noninfected/Image_115.jpg,52830a9d4a256ddab380c659176f81ef,1
noninfected,/home/farhan/my-projects/pearl/data/noninfected/Image_resize_129.jpg,528c0e90585ed965d36070e44374028a,1
noninfected,/home/farhan/my-projects/pearl/data/noninfected/Image_resize_722.jpg,52bdc30d855de280fa2dd69e763df46d,1
noninfected,/home/farhan/my-projects/pearl/data/noninfected/Image_resize_562.jpg,52eb03ceb08c7291de1fa6e0039214c5,1
noninfected,/home/farhan/my-projects/pearl/data/noninfected/Image_087.jpg,535c3c6fc9e724dfa7e7f0b74c11320d,1
noninfected,/home/farhan/my-projects/pearl/data/noninfected/Image_659.jpg,539b4574169fc9dd9d003c37629f01ea,1
noninfected,/home/farhan/my-projects/pearl/data/noninfected/Image_501.jpg,53e10b5506d06479f28b11ae1402e6ff,1
noninfected,/home/farhan/my-projects/pearl/data/noninfected/Image_resize_004.jpg,5404172c3a346fa5cfaef8956098ab4d,1
noninfected,/home/farhan/my-projects/pearl/data/noninfected/Image_resize_458.jpg,546e494478ac98b37d4f8237bc13d725,1
noninfected,/home/farhan/my-projects/pearl/data/noninfected/Image_resize_628.jpg,54c008b76dc07039be5ca62376934ece,1
noninfected,/home/farhan/my-projects/pearl/data/noninfected/Image_547.jpg,568e467ac494255cbf529fe966e41dc9,1
noninfected,/home/farhan/my-projects/pearl/data/noninfected/Image_317.jpg,56fb61f2839fb87d1ecf1cda7648856d,1
noninfected,/home/farhan/my-projects/pearl/data/noninfected/Image_951.jpg,56fd2b54e4c577e2dd32a3aa838026a4,1
noninfected,/home/farhan/my-projects/pearl/data/noninfected/Image_901.jpg,570f1397ceb1995b8dd427eee288d4a2,1
noninfected,/home/farhan/my-projects/pearl/data/noninfected/Image_resize_778.jpg,575086a15699d39d9ea0742f4b93df65,1
noninfected,/home/farhan/my-projects/pearl/data/noninfected/Image_997.jpg,585ed094118744a51548be25fa878ac4,1
noninfected,/home/farhan/my-projects/pearl/data/noninfected/Image_resize_228.jpg,587a03737c2fe0cab213f27779037bd4,1
noninfected,/home/farhan/my-projects/pearl/data/noninfected/Image_resize_345.jpg,58ddaa56f4c1ff43a8be6710f06ed98b,1
noninfected,/home/farhan/my-projects/pearl/data/noninfected/Image_691.jpg,593d2dd676109e4e1f44f11739ea59ca,1
noninfected,/home/farhan/my-projects/pearl/data/noninfected/Image_271.jpg,59808b75fe06ad6bae6b0855f6abc922,1
noninfected,/home/farhan/my-projects/pearl/data/noninfected/Image_resize_409.jpg,59a7f1be6d41c1de1986f4a621762d91,1
noninfected,/home/farhan/my-projects/pearl/data/noninfected/Image_resize_393.jpg,59f94008514e66aabd1d0b1729ea2e85,1
noninfected,/home/farhan/my-projects/pearl/data/noninfected/Image_1005.jpg,59fecd5d89c69da1737ab96f4e4a04a1,1
noninfected,/home/farhan/my-projects/pearl/data/noninfected/Image_137.jpg,5a62ccd808e14e118765a112d4cf4573,1
noninfected,/home/farhan/my-projects/pearl/data/noninfected/Image_resize_417.jpg,5a6be992ff0192c14f8c75e2bb95df40,1
noninfected,/home/farhan/my-projects/pearl/data/noninfected/Image_resize_380.jpg,5ac36516e12529f88beaeb481a4a4c5e,1
noninfected,/home/farhan/my-projects/pearl/data/noninfected/Image_resize_236.jpg,5afb2fec9d7c35f58a7f37efc5df760e,1
noninfected,/home/farhan/my-projects/pearl/data/noninfected/Image_resize_148.jpg,5c0eae84d29d11736bdafc8157ac1f23,1
noninfected,/home/farhan/my-projects/pearl/data/noninfected/Image_resize_745.jpg,5c75306c712fc2d05733084ca96c8554,1
noninfected,/home/farhan/my-projects/pearl/data/noninfected/Image_resize_329.jpg,5ce489c2a6909aaf3d53a22586d794b7,1
noninfected,/home/farhan/my-projects/pearl/data/noninfected/Image_611.jpg,5d0cc571ac1699ed631cc7a0c41140a8,1
noninfected,/home/farhan/my-projects/pearl/data/noninfected/Image_241.jpg,5d15e0919b2c3d53c026679ea34c5e47,1
noninfected,/home/farhan/my-projects/pearl/data/noninfected/Image_179.jpg,5e44b8d9b2b3ef2495a455734344b9e4,1
noninfected,/home/farhan/my-projects/pearl/data/noninfected/Image_resize_497.jpg,5e84b4bea19bdbe28aedef69ea6d810d,1
noninfected,/home/farhan/my-projects/pearl/data/noninfected/Image_resize_218.jpg,5e924ef5e4abd6cd883b9c1f687fe380,1
noninfected,/home/farhan/my-projects/pearl/data/noninfected/Image_847.jpg,6002dd6ef162ec2f288d6f39a154ebda,1
noninfected,/home/farhan/my-projects/pearl/data/noninfected/Image_resize_786.jpg,60281dce9b6b7bd00373a05b0982da6b,1
noninfected,/home/farhan/my-projects/pearl/data/noninfected/Image_505.jpg,61e36b5038418513dab5d1bbf73743fe,1
noninfected,/home/farhan/my-projects/pearl/data/noninfected/Image_135.jpg,620a52816046728dbf1b7c067e240a8f,1
noninfected,/home/farhan/my-projects/pearl/data/noninfected/Image_resize_226.jpg,6250e89140a71ac130bdb2c5375dd1cc,1
noninfected,/home/farhan/my-projects/pearl/data/noninfected/Image_resize_556.jpg,6255d13ae78706a400502ce815084ba3,1
noninfected,/home/farhan/my-projects/pearl/data/noninfected/Image_resize_348.jpg,63045fc8139c4a9fdbdaf61c52484a6d,1
noninfected,/home/farhan/my-projects/pearl/data/noninfected/Image_resize_538.jpg,63a62c3c6e790622effe56cc14ac7beb,1
noninfected,/home/farhan/my-projects/pearl/data/noninfected/Image_057.jpg,642ef79f4f3869e1bb19b96348f7bbdb,1
noninfected,/home/farhan/my-projects/pearl/data/noninfected/Image_895.jpg,647c11311cae6d3ee23118c1eb9756f3,1
noninfected,/home/farhan/my-projects/pearl/data/noninfected/Image_resize_450.jpg,64ba6f49474eacee73a30c30731efbc8,1
noninfected,/home/farhan/my-projects/pearl/data/noninfected/Image_081.jpg,64e50567b4f317caa829ee8b6ad73884,1
noninfected,/home/farhan/my-projects/pearl/data/noninfected/Image_403.jpg,65068734ff0d6a8fef7f5059e3d37699,1
noninfected,/home/farhan/my-projects/pearl/data/noninfected/Image_resize_564.jpg,65c9ba44d6a67f520e9296a87a2d2828,1
noninfected,/home/farhan/my-projects/pearl/data/noninfected/Image_295.jpg,65d9c10d0184aae2f46f3f73dfd4dcb9,1
noninfected,/home/farhan/my-projects/pearl/data/noninfected/Image_361.jpg,6635a555e47f4bb5e0f81d42dd162fcc,1
noninfected,/home/farhan/my-projects/pearl/data/noninfected/Image_resize_401.jpg,6679bff4c23f21c3287c3ad7e4e28c25,1
noninfected,/home/farhan/my-projects/pearl/data/noninfected/Image_721.jpg,66869ac73c9bc624f08a92d540419bae,1
noninfected,/home/farhan/my-projects/pearl/data/noninfected/Image_809.jpg,668c2f2c353dea8fc3787ef47f2a3e6c,1
noninfected,/home/farhan/my-projects/pearl/data/noninfected/Image_553.jpg,66fcee361fce1eff412e149bb3b08348,1
noninfected,/home/farhan/my-projects/pearl/data/noninfected/Image_237.jpg,6700946f39c3899e39209a9a83e839ab,1
noninfected,/home/farhan/my-projects/pearl/data/noninfected/Image_329.jpg,670d4b5cf1400ad524bac25c6f780b07,1
noninfected,/home/farhan/my-projects/pearl/data/noninfected/Image_resize_436.jpg,675be830c2c5d54b8ee80fd96f5beb1f,1
noninfected,/home/farhan/my-projects/pearl/data/noninfected/Image_resize_700.jpg,67de62d207f76eb0aa0a4c258f124dee,1
noninfected,/home/farhan/my-projects/pearl/data/noninfected/Image_resize_756.jpg,67fbb253449f2aadf9a4fa05417761a3,1
noninfected,/home/farhan/my-projects/pearl/data/noninfected/Image_923.jpg,681396392790c4d3307cd3a08c6d9394,1
noninfected,/home/farhan/my-projects/pearl/data/noninfected/Image_617.jpg,6825e024dd4e0f45943076d82ef6a937,1
noninfected,/home/farhan/my-projects/pearl/data/noninfected/Image_549.jpg,682bfe5a554a943ef4b57d3c92329c9b,1
noninfected,/home/farhan/my-projects/pearl/data/noninfected/Image_resize_466.jpg,682d80407e3f6074bffcbab6e12ff9b4,1
noninfected,/home/farhan/my-projects/pearl/data/noninfected/Image_335.jpg,686d3290438c7c2b67ce3b4c4a7a046e,1
noninfected,/home/farhan/my-projects/pearl/data/noninfected/Image_resize_604.jpg,68d05232e6fe9f3ff38ccac896920136,1
noninfected,/home/farhan/my-projects/pearl/data/noninfected/Image_resize_546.jpg,68f654c69ab3f3d8e9ad3dc28ebad145,1
noninfected,/home/farhan/my-projects/pearl/data/noninfected/Image_669.jpg,691f175d7858ff298c60f27bd3f2d627,1
noninfected,/home/farhan/my-projects/pearl/data/noninfected/Image_resize_322.jpg,695a8cc1388a1d5cc5176f00d27daa34,1
noninfected,/home/farhan/my-projects/pearl/data/noninfected/Image_resize_177.jpg,69bdc572bf209ac4920ec22adecb2a41,1
noninfected,/home/farhan/my-projects/pearl/data/noninfected/Image_resize_449.jpg,6a40b728297a2bf244b164994bd51625,1
noninfected,/home/farhan/my-projects/pearl/data/noninfected/Image_739.jpg,6aa55b0ae32d05972f63f732e240082e,1
noninfected,/home/farhan/my-projects/pearl/data/noninfected/Image_759.jpg,6b00a3ca4c46b485c041907fe6aa08bc,1
noninfected,/home/farhan/my-projects/pearl/data/noninfected/Image_531.jpg,6b00af052b10f90318a3135d4d12fee7,1
noninfected,/home/farhan/my-projects/pearl/data/noninfected/Image_resize_385.jpg,6bbd319fee12a6729dd315074bbbbb32,1
noninfected,/home/farhan/my-projects/pearl/data/noninfected/Image_577.jpg,6bc974428926e0594d88cc93f4eb806c,1
noninfected,/home/farhan/my-projects/pearl/data/noninfected/Image_321.jpg,6c2fce673fe029c0688b1201b4acba67,1
noninfected,/home/farhan/my-projects/pearl/data/noninfected/Image_resize_601.jpg,6c40186942a4bb1ba568ae89ee972afd,1
noninfected,/home/farhan/my-projects/pearl/data/noninfected/Image_167.jpg,6ce8f8d61111be3498d99dfedc1f6bb6,1
noninfected,/home/farhan/my-projects/pearl/data/noninfected/Image_849.jpg,6cf1ebd256c1d272f263dfa76308a234,1
noninfected,/home/farhan/my-projects/pearl/data/noninfected/Image_471.jpg,6d0c109f048e2c346ca879d8432f9d01,1
noninfected,/home/farhan/my-projects/pearl/data/noninfected/Image_resize_268.jpg,6d0cbd04e0874cf9dd0441ab9664fefd,1
noninfected,/home/farhan/my-projects/pearl/data/noninfected/Image_resize_761.jpg,6d9d95e021a732cd1902bf96594c1d53,1
noninfected,/home/farhan/my-projects/pearl/data/noninfected/Image_713.jpg,6e0bfac07f12fd7193b3334f470c2ed6,1
noninfected,/home/farhan/my-projects/pearl/data/noninfected/Image_255.jpg,6e116109da84d3e5a56ca527b6f3888f,1
noninfected,/home/farhan/my-projects/pearl/data/noninfected/Image_917.jpg,6e7ed2e4987d35b453c2fe440379d256,1
noninfected,/home/farhan/my-projects/pearl/data/noninfected/Image_resize_441.jpg,6e9bab7023d04f2a501a95c033bb542f,1
noninfected,/home/farhan/my-projects/pearl/data/noninfected/Image_711.jpg,6ea878286d46a0e94d382d85f62f609c,1
noninfected,/home/farhan/my-projects/pearl/data/noninfected/Image_819.jpg,6edfaf63ae2ac6853b54a58bd73435ba,1
noninfected,/home/farhan/my-projects/pearl/data/noninfected/Image_309.jpg,6ee9e5f040fc37cde956b7f9842e8ac5,1
noninfected,/home/farhan/my-projects/pearl/data/noninfected/Image_867.jpg,6ee9ea4bc6ca09fc200edf3ae35732d6,1
noninfected,/home/farhan/my-projects/pearl/data/noninfected/Image_199.jpg,6f03778b1225edcd6d014f65efb0d2cf,1
noninfected,/home/farhan/my-projects/pearl/data/noninfected/Image_399.jpg,6ff76ed80fca8f5ebde05141304ee0a3,1
noninfected,/home/farhan/my-projects/pearl/data/noninfected/Image_resize_201.jpg,704fdf581738f2b0d306c112144288a0,1
noninfected,/home/farhan/my-projects/pearl/data/noninfected/Image_045.jpg,70e368179dab82e751ee1e7bef0169eb,1
noninfected,/home/farhan/my-projects/pearl/data/noninfected/Image_645.jpg,710ec2a509b074759b19981ba3d9b822,1
noninfected,/home/farhan/my-projects/pearl/data/noninfected/Image_845.jpg,7121c6252b2a2df85508bdfc32c89793,1
noninfected,/home/farhan/my-projects/pearl/data/noninfected/Image_189.jpg,717fbfb5a4e5107bdc639a64cb186629,1
noninfected,/home/farhan/my-projects/pearl/data/noninfected/Image_053.jpg,71932c1d9e82eb5f389720f971075475,1
noninfected,/home/farhan/my-projects/pearl/data/noninfected/Image_001.jpg,71e6f66bd7884636a65cf62f5dc5d1da,1
noninfected,/home/farhan/my-projects/pearl/data/noninfected/Image_899.jpg,71f645432001b6139089f275ab95d342,1
noninfected,/home/farhan/my-projects/pearl/data/noninfected/Image_resize_521.jpg,720a147e4ebed2446603d35ebdd75e42,1
noninfected,/home/farhan/my-projects/pearl/data/noninfected/Image_395.jpg,72222bed2c3debdaf7f97f8c5bd5e34c,1
noninfected,/home/farhan/my-projects/pearl/data/noninfected/Image_resize_513.jpg,72b528c4cbbadb7c99e5ebc2ff379c03,1
noninfected,/home/farhan/my-projects/pearl/data/noninfected/Image_907.jpg,72d6e39ddc8940b537d6d3f84d25b86e,1
noninfected,/home/farhan/my-projects/pearl/data/noninfected/Image_123.jpg,72ef26f92f0f7b26e28bf87ce90c848b,1
noninfected,/home/farhan/my-projects/pearl/data/noninfected/Image_155.jpg,736c46413c2ddf0f8fd9593eb907e6b2,1
noninfected,/home/farhan/my-projects/pearl/data/noninfected/Image_133.jpg,73b19fec6a42b896c026f44893a2ab1f,1
noninfected,/home/farhan/my-projects/pearl/data/noninfected/Image_797.jpg,73ba9ed9f07763536567e480d283c415,1
noninfected,/home/farhan/my-projects/pearl/data/noninfected/Image_resize_561.jpg,740175d343cde985e6ca6b4573993780,1
noninfected,/home/farhan/my-projects/pearl/data/noninfected/Image_resize_290.jpg,743ed2ae4a8127e81417b7962cfea070,1
noninfected,/home/farhan/my-projects/pearl/data/noninfected/Image_resize_713.jpg,74b208e170ff877ff58b0b78c7fb5c20,1
noninfected,/home/farhan/my-projects/pearl/data/noninfected/Image_687.jpg,7509c014377f08306ac1e76dae8e8b7a,1
noninfected,/home/farhan/my-projects/pearl/data/noninfected/Image_049.jpg,750f7875d1e445c1dc3a2a4828a01a8a,1
noninfected,/home/farhan/my-projects/pearl/data/noninfected/Image_287.jpg,7519b19aff51db04836f10c707696a64,1
noninfected,/home/farhan/my-projects/pearl/data/noninfected/Image_resize_780.jpg,76103e6748ad04a989060f2b9bd5ef01,1
noninfected,/home/farhan/my-projects/pearl/data/noninfected/Image_223.jpg,7665c1cbb528dda48e8709ffa57899c2,1
noninfected,/home/farhan/my-projects/pearl/data/noninfected/Image_257.jpg,767e6e96843d99a54fb0b55e4c148d6d,1
noninfected,/home/farhan/my-projects/pearl/data/noninfected/Image_resize_426.jpg,76828c3b3cfc073f0a7b50132f252b8e,1
noninfected,/home/farhan/my-projects/pearl/data/noninfected/Image_resize_425.jpg,76aa85e17982c53076b0e5bccbc29133,1
noninfected,/home/farhan/my-projects/pearl/data/noninfected/Image_639.jpg,7723a186c898df53f65c2e3e9504fdd5,1
noninfected,/home/farhan/my-projects/pearl/data/noninfected/Image_095.jpg,77d77246169f932d57bd71b1f8ae9ebf,1
noninfected,/home/farhan/my-projects/pearl/data/noninfected/Image_873.jpg,77ec41fb11af53f5755682269e125244,1
noninfected,/home/farhan/my-projects/pearl/data/noninfected/Image_resize_164.jpg,784d6a2c725e80da3b649d0f1e84f7a2,1
noninfected,/home/farhan/my-projects/pearl/data/noninfected/Image_601.jpg,7896ea31024a4337be460199d685cb87,1
noninfected,/home/farhan/my-projects/pearl/data/noninfected/Image_589.jpg,78a451137f5b84a8672f0cad5a778de3,1
noninfected,/home/farhan/my-projects/pearl/data/noninfected/Image_733.jpg,78c3d40d40a3b6b45906006c21bb342e,1
noninfected,/home/farhan/my-projects/pearl/data/noninfected/Image_749.jpg,78e6e76ae7ba923bf48bc4060b886be7,1
noninfected,/home/farhan/my-projects/pearl/data/noninfected/Image_229.jpg,7975a29e4bc6b1453d22d33b35e18fe5,1
noninfected,/home/farhan/my-projects/pearl/data/noninfected/Image_411.jpg,79d6e8cf4024434cb5c03a1ae49e5d86,1
noninfected,/home/farhan/my-projects/pearl/data/noninfected/Image_099.jpg,7a22b19f3306cafb68b63abd12653204,1
noninfected,/home/farhan/my-projects/pearl/data/noninfected/Image_resize_577.jpg,7a84b4db14189e4d8887448577600bd7,1
noninfected,/home/farhan/my-projects/pearl/data/noninfected/Image_resize_257.jpg,7afe9df379717b000bbda3f570bf3708,1
noninfected,/home/farhan/my-projects/pearl/data/noninfected/Image_resize_412.jpg,7b1253c62d5fc6ac7acc5cea2ba4f860,1
noninfected,/home/farhan/my-projects/pearl/data/noninfected/Image_781.jpg,7b7398709ba6ac1ffca469ea77e08659,1
noninfected,/home/farhan/my-projects/pearl/data/noninfected/Image_897.jpg,7c0984ed17478354b91f637f31b49ebc,1
noninfected,/home/farhan/my-projects/pearl/data/noninfected/Image_603.jpg,7c39f5a8a589333e95f5dcfa93fb422b,1
noninfected,/home/farhan/my-projects/pearl/data/noninfected/Image_207.jpg,7c4043ce1ecda38d30e543a03704ec01,1
noninfected,/home/farhan/my-projects/pearl/data/noninfected/Image_resize_282.jpg,7c41c562d64974bfe6a402f5bd737da6,1
noninfected,/home/farhan/my-projects/pearl/data/noninfected/Image_943.jpg,7c646439ffe61be29c95e2fe2d4dc4ee,1
noninfected,/home/farhan/my-projects/pearl/data/noninfected/Image_resize_154.jpg,7c70a0454c7154c4d7424914930dbefe,1
noninfected,/home/farhan/my-projects/pearl/data/noninfected/Image_301.jpg,7c7e27d015f5ac34eb8ad62e678dfd91,1
noninfected,/home/farhan/my-projects/pearl/data/noninfected/Image_resize_442.jpg,7cda6baf747ab1fe7d884911059ba2d0,1
noninfected,/home/farhan/my-projects/pearl/data/noninfected/Image_resize_050.jpg,7ce77e9a1c5ed0e163d1f491aa807f59,1
noninfected,/home/farhan/my-projects/pearl/data/noninfected/Image_117.jpg,7d201dcc343e5d43b95927ac18b04243,1
noninfected,/home/farhan/my-projects/pearl/data/noninfected/Image_679.jpg,7d475b9c5b104851d0ca0413189812f5,1
noninfected,/home/farhan/my-projects/pearl/data/noninfected/Image_149.jpg,7d8a4c57ceba3a73fa48d2acdc3a0ad3,1
noninfected,/home/farhan/my-projects/pearl/data/noninfected/Image_1021.jpg,7dacae9a43fc5a651619d2e14bdfb100,1
noninfected,/home/farhan/my-projects/pearl/data/noninfected/Image_075.jpg,7ed79c7ca7947f6771ee7141a0aefd8c,1
noninfected,/home/farhan/my-projects/pearl/data/noninfected/Image_373.jpg,7ee9b02607c04ab7c918633549c9ab2d,1
noninfected,/home/farhan/my-projects/pearl/data/noninfected/Image_037.jpg,7f044395b21572f12968095eea6c8c46,1
noninfected,/home/farhan/my-projects/pearl/data/noninfected/Image_987.jpg,7fa8c64c56734c7a707c74a4aea975f7,1
noninfected,/home/farhan/my-projects/pearl/data/noninfected/Image_927.jpg,802b4cf05371079a01ce30b0f99a2cf3,1
noninfected,/home/farhan/my-projects/pearl/data/noninfected/Image_063.jpg,80a838bfbe89600c5380ecc0328078f6,1
noninfected,/home/farhan/my-projects/pearl/data/noninfected/Image_221.jpg,816660461c77acfccacc1fff341de52a,1
noninfected,/home/farhan/my-projects/pearl/data/noninfected/Image_047.jpg,818088a597dd0cda1cfb33c4bb64d2dd,1
noninfected,/home/farhan/my-projects/pearl/data/noninfected/Image_743.jpg,81ca4463af25fe896c884e25c0cee373,1
noninfected,/home/farhan/my-projects/pearl/data/noninfected/Image_resize_690.jpg,81d5b2bebc08589f4a438ec7bcf639bd,1
noninfected,/home/farhan/my-projects/pearl/data/noninfected/Image_935.jpg,81f38ac7be611d485185b6f67fb92702,1
noninfected,/home/farhan/my-projects/pearl/data/noninfected/Image_413.jpg,82226c1a7f84b843d7666f3b1ccfb8d3,1
noninfected,/home/farhan/my-projects/pearl/data/noninfected/Image_resize_258.jpg,8264e6027cb2f65074d5948cde69f3a5,1
noninfected,/home/farhan/my-projects/pearl/data/noninfected/Image_829.jpg,8269884a9ee64ec5b9e12d6679382fbe,1
noninfected,/home/farhan/my-projects/pearl/data/noninfected/Image_185.jpg,82bd89d32f4fa6522cb2b500e24487ec,1
noninfected,/home/farhan/my-projects/pearl/data/noninfected/Image_233.jpg,82c114e1a53d146250e3353d9115f395,1
noninfected,/home/farhan/my-projects/pearl/data/noninfected/Image_219.jpg,82e875812b6f831e19d04b0efa813243,1
noninfected,/home/farhan/my-projects/pearl/data/noninfected/Image_resize_537.jpg,831e40eb5053689226ff8411ae6c4dc1,1
noninfected,/home/farhan/my-projects/pearl/data/noninfected/Image_011.jpg,83488774239135dae491479a9f65c0fe,1
noninfected,/home/farhan/my-projects/pearl/data/noninfected/Image_931.jpg,83990f91af6a6aeb793b07a991022182,1
noninfected,/home/farhan/my-projects/pearl/data/noninfected/Image_073.jpg,83a05dd361ca44051e47cb2cb648db57,1
noninfected,/home/farhan/my-projects/pearl/data/noninfected/Image_641.jpg,840a67698d3b266e211c2fb4f4f63986,1
noninfected,/home/farhan/my-projects/pearl/data/noninfected/Image_869.jpg,84c84cd8b91048619fbb24b0493592d3,1
noninfected,/home/farhan/my-projects/pearl/data/noninfected/Image_resize_314.jpg,8534439f40a8c42aa52eaa06816bf009,1
noninfected,/home/farhan/my-projects/pearl/data/noninfected/Image_013.jpg,8551f431c8b07695e5c83906241e85fc,1
noninfected,/home/farhan/my-projects/pearl/data/noninfected/Image_resize_137.jpg,8555c22c24ee01403505bdd16671a2e9,1
noninfected,/home/farhan/my-projects/pearl/data/noninfected/Image_313.jpg,861c7cda774ca582d44041a1b2a71ef7,1
noninfected,/home/farhan/my-projects/pearl/data/noninfected/Image_resize_284.jpg,86e226a8bda4e200ee07cb4efdf9176f,1
noninfected,/home/farhan/my-projects/pearl/data/noninfected/Image_723.jpg,86eac727ffdcfaa4a4cd1249116de5ed,1
noninfected,/home/farhan/my-projects/pearl/data/noninfected/Image_005.jpg,86f05c32e5290791680c181cd019a7a9,1
noninfected,/home/farhan/my-projects/pearl/data/noninfected/Image_597.jpg,87f621c969184bbde2593985e68db16a,1
noninfected,/home/farhan/my-projects/pearl/data/noninfected/Image_resize_500.jpg,88237d4afff039afd961cc5c15bf3a95,1
noninfected,/home/farhan/my-projects/pearl/data/noninfected/Image_resize_332.jpg,883fe39aa850628b0819b4a436850ea2,1
noninfected,/home/farhan/my-projects/pearl/data/noninfected/Image_resize_313.jpg,88944ec94ea801f75c93ddf2c5ac20ad,1
noninfected,/home/farhan/my-projects/pearl/data/noninfected/Image_751.jpg,88d1b8463ae0aada65a3223f56f6c746,1
noninfected,/home/farhan/my-projects/pearl/data/noninfected/Image_729.jpg,88eb4634c5f8913da77be1adc5995ce8,1
noninfected,/home/farhan/my-projects/pearl/data/noninfected/Image_181.jpg,8992d0e4108f8264c7bee3d7e764d437,1
noninfected,/home/farhan/my-projects/pearl/data/noninfected/Image_resize_602.jpg,8a3a49666a1da3ec846034e5a4f1d190,1
noninfected,/home/farhan/my-projects/pearl/data/noninfected/Image_resize_730.jpg,8a5697b8653f28bbf75c188f86e3c3f6,1
noninfected,/home/farhan/my-projects/pearl/data/noninfected/Image_resize_746.jpg,8a93ce8535b2d342ec4bfadcd54ef858,1
noninfected,/home/farhan/my-projects/pearl/data/noninfected/Image_801.jpg,8afa50abf59b072bf04c374d170b09a8,1
noninfected,/home/farhan/my-projects/pearl/data/noninfected/Image_563.jpg,8b03791429caafe4ac2c1c60a8122105,1
noninfected,/home/farhan/my-projects/pearl/data/noninfected/Image_665.jpg,8b5381cad2d785b1a8b7e9f83ecd4172,1
noninfected,/home/farhan/my-projects/pearl/data/noninfected/Image_resize_692.jpg,8b9fcaccfcaacb5f3358365ede6dec84,1
noninfected,/home/farhan/my-projects/pearl/data/noninfected/Image_1000.jpg,8ba44a6571a62f1e974cc63b8d223080,1
noninfected,/home/farhan/my-projects/pearl/data/noninfected/Image_resize_570.jpg,8bc4f873631cb90164f11e9bf5f172ea,1
noninfected,/home/farhan/my-projects/pearl/data/noninfected/Image_225.jpg,8c7f8829459bac06ea30e310e809009e,1
noninfected,/home/farhan/my-projects/pearl/data/noninfected/Image_913.jpg,8c7fa85309da820c1b986de5cb2732af,1
noninfected,/home/farhan/my-projects/pearl/data/noninfected/Image_resize_642.jpg,8c8a23797fad5b9574f2fde62a965251,1
noninfected,/home/farhan/my-projects/pearl/data/noninfected/Image_079.jpg,8d39a020adc0a0802dd75df129d7fed9,1
noninfected,/home/farhan/my-projects/pearl/data/noninfected/Image_955.jpg,8d7ba341ccd2152fd766435c58e09aef,1
noninfected,/home/farhan/my-projects/pearl/data/noninfected/Image_1013.jpg,8dccc628b734fa5a787e9cdc998152f1,1
noninfected,/home/farhan/my-projects/pearl/data/noninfected/Image_resize_178.jpg,8e0c0c21f57a4531ab2f4aa933306df1,1
noninfected,/home/farhan/my-projects/pearl/data/noninfected/Image_193.jpg,8e1f71d07149d21278424b65d2432979,1
noninfected,/home/farhan/my-projects/pearl/data/noninfected/Image_resize_340.jpg,8e2f16111263dbdcec03b1201e0a2d5a,1
noninfected,/home/farhan/my-projects/pearl/data/noninfected/Image_077.jpg,8e992ae087584163dabb03bae416144e,1
noninfected,/home/farhan/my-projects/pearl/data/noninfected/Image_267.jpg,8eb2496caeabcc72e4d37cfaac20fdae,1
noninfected,/home/farhan/my-projects/pearl/data/noninfected/Image_407.jpg,8edd64ece5575427ff09480e4e6a65fe,1
noninfected,/home/farhan/my-projects/pearl/data/noninfected/Image_777.jpg,8fceaff45add3075840c75ab8f8a9564,1
noninfected,/home/farhan/my-projects/pearl/data/noninfected/Image_605.jpg,90216b306f1b791080c0991c7b325a95,1
noninfected,/home/farhan/my-projects/pearl/data/noninfected/Image_resize_002.jpg,9036b6db800721cc4cc174fddeeeb164,1
noninfected,/home/farhan/my-projects/pearl/data/noninfected/Image_resize_652.jpg,908953188cd46fe8b799236157e97cf5,1
noninfected,/home/farhan/my-projects/pearl/data/noninfected/Image_resize_113.jpg,90ccc90e0b3dc0a271f3cd76e55d604a,1
noninfected,/home/farhan/my-projects/pearl/data/noninfected/Image_941.jpg,911ed2cd884aab62d53104f0803f4116,1
noninfected,/home/farhan/my-projects/pearl/data/noninfected/Image_921.jpg,91e82f7ef1ec4cd855ec493b4f08e886,1
noninfected,/home/farhan/my-projects/pearl/data/noninfected/Image_767.jpg,91ff7c6e71f4be704085bec724293d2e,1
noninfected,/home/farhan/my-projects/pearl/data/noninfected/Image_027.jpg,921fc20eb83f5a00f97a40c33efa780f,1
noninfected,/home/farhan/my-projects/pearl/data/noninfected/Image_325.jpg,928ae92dbf18ca433f12ff44e5d5426d,1
noninfected,/home/farhan/my-projects/pearl/data/noninfected/Image_299.jpg,92a01baa70886356b0f7dd1bde53a7c5,1
noninfected,/home/farhan/my-projects/pearl/data/noninfected/Image_resize_250.jpg,92cc8dfa916a0a378bbd94df73eb7a84,1
noninfected,/home/farhan/my-projects/pearl/data/noninfected/Image_643.jpg,931feb386c0232216812a7bc88d6ff39,1
noninfected,/home/farhan/my-projects/pearl/data/noninfected/Image_resize_578.jpg,934224bed9dd301584c67a434a46ad72,1
noninfected,/home/farhan/my-projects/pearl/data/noninfected/Image_689.jpg,9383de93310ea2987ca152badb82ee3b,1
noninfected,/home/farhan/my-projects/pearl/data/noninfected/Image_035.jpg,93c922508c4e0a6831144904fbff75a2,1
noninfected,/home/farhan/my-projects/pearl/data/noninfected/Image_449.jpg,940a341c2bb3ba519184b2da1e6ce291,1
noninfected,/home/farhan/my-projects/pearl/data/noninfected/Image_resize_660.jpg,9427eb55998170c3da7a5feef1331f1d,1
noninfected,/home/farhan/my-projects/pearl/data/noninfected/Image_863.jpg,949c76ddb4c2a49d7c2ec3981f735a4b,1
noninfected,/home/farhan/my-projects/pearl/data/noninfected/Image_resize_266.jpg,94bd5b3d9f2c2309c6b3bbb9d0a8c581,1
noninfected,/home/farhan/my-projects/pearl/data/noninfected/Image_345.jpg,94e25cf6e2cb69f0005e3132e8b23dd3,1
noninfected,/home/farhan/my-projects/pearl/data/noninfected/Image_489.jpg,956bf1a14f7f6751389b755f63a20214,1
noninfected,/home/farhan/my-projects/pearl/data/noninfected/Image_resize_641.jpg,96160a0495303a1a897f773407e59287,1
noninfected,/home/farhan/my-projects/pearl/data/noninfected/Image_resize_490.jpg,96deebaf4f920c7f52e1303bbf4b74b6,1
noninfected,/home/farhan/my-projects/pearl/data/noninfected/Image_resize_516.jpg,970d4322b1fda0259eacaf8029cf9636,1
noninfected,/home/farhan/my-projects/pearl/data/noninfected/Image_resize_377.jpg,97ee39e2afae4adbaac8cabf9041b34f,1
noninfected,/home/farhan/my-projects/pearl/data/noninfected/Image_585.jpg,980d1f5e9a8d4f52221657f095d42124,1
noninfected,/home/farhan/my-projects/pearl/data/noninfected/Image_761.jpg,98b03ada2f97278916b707e49eeec15c,1
noninfected,/home/farhan/my-projects/pearl/data/noninfected/Image_resize_106.jpg,98ff3cee01034199fcdc8c5322ec2d52,1
noninfected,/home/farhan/my-projects/pearl/data/noninfected/Image_041.jpg,9971da52b91b084c7fed7d087e2b6730,1
noninfected,/home/farhan/my-projects/pearl/data/noninfected/Image_resize_754.jpg,9a1d24f375af1682f97fade98f56ac8d,1
noninfected,/home/farhan/my-projects/pearl/data/noninfected/Image_resize_404.jpg,9a40f067eee628f68e0fb6b639027728,1
noninfected,/home/farhan/my-projects/pearl/data/noninfected/Image_853.jpg,9a9eb707429febaaf2fed1612868268f,1
noninfected,/home/farhan/my-projects/pearl/data/noninfected/Image_resize_684.jpg,9b3c66e607956022502c8a9e4b4ede9e,1
noninfected,/home/farhan/my-projects/pearl/data/noninfected/Image_273.jpg,9b7f9063184341ba6ac24996c887eba6,1
noninfected,/home/farhan/my-projects/pearl/data/noninfected/Image_resize_337.jpg,9c1b9455d9ab412361fe2e51ed79e750,1
noninfected,/home/farhan/my-projects/pearl/data/noninfected/Image_441.jpg,9c4e27ec8bb3fe040607117b9ea68e33,1
noninfected,/home/farhan/my-projects/pearl/data/noninfected/Image_405.jpg,9c6934c75b377506a477598561116e8d,1
noninfected,/home/farhan/my-projects/pearl/data/noninfected/Image_065.jpg,9ccb898f5957294aa4b7a98321df17fa,1
noninfected,/home/farhan/my-projects/pearl/data/noninfected/Image_351.jpg,9d4874253a4d219d97dbadcd2b2c7d70,1
noninfected,/home/farhan/my-projects/pearl/data/noninfected/Image_141.jpg,9d521ff292d6a466b3e1d33d37969082,1
noninfected,/home/farhan/my-projects/pearl/data/noninfected/Image_resize_457.jpg,9dd532edc34b5e610680086fdc5ee3e7,1
noninfected,/home/farhan/my-projects/pearl/data/noninfected/Image_671.jpg,9de3c3956145c457057d1911b04940ff,1
noninfected,/home/farhan/my-projects/pearl/data/noninfected/Image_303.jpg,9e01ab2b2eef148a375d322d6ee86a86,1
noninfected,/home/farhan/my-projects/pearl/data/noninfected/Image_977.jpg,9e20a7923656fe58362fef1e4c042303,1
noninfected,/home/farhan/my-projects/pearl/data/noninfected/Image_113.jpg,9e305d7a7bc927f8ff3c2e19f542c70a,1
noninfected,/home/farhan/my-projects/pearl/data/noninfected/Image_resize_596.jpg,9e3f142e27183b61965ffed39f990814,1
noninfected,/home/farhan/my-projects/pearl/data/noninfected/Image_469.jpg,9ec1807451803ea3ebcc361408ef1ef7,1
noninfected,/home/farhan/my-projects/pearl/data/noninfected/Image_859.jpg,9f438e71ef0d03e30ae9e893314e7022,1
noninfected,/home/farhan/my-projects/pearl/data/noninfected/Image_753.jpg,9fb0a93af7e72784f776b85fffce64f1,1
noninfected,/home/farhan/my-projects/pearl/data/noninfected/Image_881.jpg,9fb1cec8288ecdc3f4764cda9e99a6eb,1
noninfected,/home/farhan/my-projects/pearl/data/noninfected/Image_559.jpg,a00e02618a3eab757e2106fe782a8930,1
noninfected,/home/farhan/my-projects/pearl/data/noninfected/Image_resize_116.jpg,a0368de24b72234805761b60cdfe54b7,1
noninfected,/home/farhan/my-projects/pearl/data/noninfected/Image_resize_122.jpg,a1e4ed872fab22530b68f1387bdc58ef,1
noninfected,/home/farhan/my-projects/pearl/data/noninfected/Image_resize_308.jpg,a320e9b8879a4c61fec66be932795c85,1
noninfected,/home/farhan/my-projects/pearl/data/noninfected/Image_resize_028.jpg,a39b35e757379501a2c69790e1c086a4,1
noninfected,/home/farhan/my-projects/pearl/data/noninfected/Image_resize_793.jpg,a39f49f7461af46413a3beca1ccf6204,1
noninfected,/home/farhan/my-projects/pearl/data/noninfected/Image_387.jpg,a3bb5a510b7f5df26119bc623ada927c,1
noninfected,/home/farhan/my-projects/pearl/data/noninfected/Image_resize_186.jpg,a46d8fab61fc378cb8c5f93fa73f557c,1
noninfected,/home/farhan/my-projects/pearl/data/noninfected/Image_resize_794.jpg,a4fe5842a7c6e09aa9b66adcb5ccf1e3,1
noninfected,/home/farhan/my-projects/pearl/data/noninfected/Image_381.jpg,a51dfa0372176e4280fea5296a76a14e,1
noninfected,/home/farhan/my-projects/pearl/data/noninfected/Image_1019.jpg,a530af7d8db6428c014bb453a9038a30,1
noninfected,/home/farhan/my-projects/pearl/data/noninfected/Image_795.jpg,a59207f1492cc439c326405b2d909dfa,1
noninfected,/home/farhan/my-projects/pearl/data/noninfected/Image_565.jpg,a5b676e24651da46c46da71e8daf30d6,1
noninfected,/home/farhan/my-projects/pearl/data/noninfected/Image_resize_305.jpg,a6007ee88d6b81296e6ee2e2db17f632,1
noninfected,/home/farhan/my-projects/pearl/data/noninfected/Image_resize_372.jpg,a64bf45696b6ebe0c9231b39107f5278,1
noninfected,/home/farhan/my-projects/pearl/data/noninfected/Image_431.jpg,a66b61d2eaedd704ac303bf401389fda,1
noninfected,/home/farhan/my-projects/pearl/data/noninfected/Image_661.jpg,a6e88c2c21c78007397e386f8e7b373e,1
noninfected,/home/farhan/my-projects/pearl/data/noninfected/Image_resize_444.jpg,a7281e20893019d5bb739ea2f6e133c6,1
noninfected,/home/farhan/my-projects/pearl/data/noninfected/Image_817.jpg,a747ad698fa96309d1d2ac7d5b1bc14b,1
noninfected,/home/farhan/my-projects/pearl/data/noninfected/Image_625.jpg,a821d86f4807bf555b0ffd683f79db03,1
noninfected,/home/farhan/my-projects/pearl/data/noninfected/Image_resize_260.jpg,a831dda88620e16d6d2c470c41807fa9,1
noninfected,/home/farhan/my-projects/pearl/data/noninfected/Image_resize_196.jpg,a851b8f653091f5454d87ccde4c37bd3,1
noninfected,/home/farhan/my-projects/pearl/data/noninfected/Image_379.jpg,a868629cd167799596c85f43ba1bdeba,1
noninfected,/home/farhan/my-projects/pearl/data/noninfected/Image_211.jpg,a8769c709c4a07d9fd058e77150c02a2,1
noninfected,/home/farhan/my-projects/pearl/data/noninfected/Image_337.jpg,a8b802a76523b8d4c3f8ab1ef12c58e7,1
noninfected,/home/farhan/my-projects/pearl/data/noninfected/Image_953.jpg,a9b243ef94b79bc779aa0093d512267a,1
noninfected,/home/farhan/my-projects/pearl/data/noninfected/Image_515.jpg,aa252007031d36461e1291efd4dab2b1,1
noninfected,/home/farhan/my-projects/pearl/data/noninfected/Image_375.jpg,aa3b631c713384e563f13740d73f9fb8,1
noninfected,/home/farhan/my-projects/pearl/data/noninfected/Image_377.jpg,aa4b712332f1befc1a2b5f3d8ebbc395,1
noninfected,/home/farhan/my-projects/pearl/data/noninfected/Image_277.jpg,aa5c9157cdde82107cc667a8b107fbce,1
noninfected,/home/farhan/my-projects/pearl/data/noninfected/Image_477.jpg,aa78d6d9ca0762b3c5f80d5b81c4b82e,1
noninfected,/home/farhan/my-projects/pearl/data/noninfected/Image_657.jpg,aae1796c1b8a334881d0a76e7802f10e,1
noninfected,/home/farhan/my-projects/pearl/data/noninfected/Image_425.jpg,aaf85cf775962b6ba16639899f5c3c72,1
noninfected,/home/farhan/my-projects/pearl/data/noninfected/Image_823.jpg,aafc31bceac5909270616b4337610fa9,1
noninfected,/home/farhan/my-projects/pearl/data/noninfected/Image_resize_524.jpg,ab7a746be259448eb7abc53d10e4eb79,1
noninfected,/home/farhan/my-projects/pearl/data/noninfected/Image_033.jpg,abc8ebcb6bcf38d9fee8d3b18133a76d,1
noninfected,/home/farhan/my-projects/pearl/data/noninfected/Image_747.jpg,ad3640a74335d1d853396a9d2a1fedc9,1
noninfected,/home/farhan/my-projects/pearl/data/noninfected/Image_resize_689.jpg,ada002f490644159904d84333d0d7429,1
noninfected,/home/farhan/my-projects/pearl/data/noninfected/Image_resize_180.jpg,ae2c0048e70154157ba4ba5d37ad823e,1
noninfected,/home/farhan/my-projects/pearl/data/noninfected/Image_093.jpg,ae790759f97a0f7a8e3ed584336ecc5d,1
noninfected,/home/farhan/my-projects/pearl/data/noninfected/Image_083.jpg,aec2f414b0ee648aee66d83a1a5da864,1
noninfected,/home/farhan/my-projects/pearl/data/noninfected/Image_653.jpg,af183aa75397e1c410bbfa7013e86c7b,1
noninfected,/home/farhan/my-projects/pearl/data/noninfected/Image_resize_220.jpg,af40a289258b264245fce4e7cf5f415f,1
noninfected,/home/farhan/my-projects/pearl/data/noninfected/Image_resize_209.jpg,b05ce606113d74204699214d6b8fb4c9,1
noninfected,/home/farhan/my-projects/pearl/data/noninfected/Image_resize_553.jpg,b08459161d607b49f3158a0fe19464b0,1
noninfected,/home/farhan/my-projects/pearl/data/noninfected/Image_279.jpg,b1bf214b0dddefb3d701ffbc53d9a4d5,1
noninfected,/home/farhan/my-projects/pearl/data/noninfected/Image_resize_052.jpg,b22200a2d1fe1e50081ec781710ee9cd,1
noninfected,/home/farhan/my-projects/pearl/data/noninfected/Image_993.jpg,b250c76b972c05bcc1aa68cd46f6d857,1
noninfected,/home/farhan/my-projects/pearl/data/noninfected/Image_525.jpg,b25b0c8589f3124d0670a0efeffe7103,1
noninfected,/home/farhan/my-projects/pearl/data/noninfected/Image_419.jpg,b2b1ab42ef3cad643f71d6b8feb2e0ce,1
noninfected,/home/farhan/my-projects/pearl/data/noninfected/Image_resize_225.jpg,b2b2ce020f0a72646c670073a94dafed,1
noninfected,/home/farhan/my-projects/pearl/data/noninfected/Image_683.jpg,b2e3bfec803e6662c459e03a4c93bb9c,1
noninfected,/home/farhan/my-projects/pearl/data/noninfected/Image_715.jpg,b3c74bde2c4ff0e0c3fc697923a10747,1
noninfected,/home/farhan/my-projects/pearl/data/noninfected/Image_367.jpg,b3d6c3a22d7a385e9837d56632bd24e1,1
noninfected,/home/farhan/my-projects/pearl/data/noninfected/Image_701.jpg,b3eacba7de4540c8eb0aba7a9d43f18d,1
noninfected,/home/farhan/my-projects/pearl/data/noninfected/Image_513.jpg,b3ee9e439ec9ffed11cf759c18693af3,1
noninfected,/home/farhan/my-projects/pearl/data/noninfected/Image_resize_217.jpg,b3f51d0e7c7471137dd921f2d14ea3a4,1
noninfected,/home/farhan/my-projects/pearl/data/noninfected/Image_resize_356.jpg,b44bfccb89b7ade2b4d58fa518c182bd,1
noninfected,/home/farhan/my-projects/pearl/data/noninfected/Image_resize_492.jpg,b48e171a1a3b168b99c7ee8fdecebf4f,1
noninfected,/home/farhan/my-projects/pearl/data/noninfected/Image_647.jpg,b4e67fb2c56682e53e6b16d7e37d114d,1
noninfected,/home/farhan/my-projects/pearl/data/noninfected/Image_805.jpg,b52bafdd36f7797f6cd701097f06cf07,1
noninfected,/home/farhan/my-projects/pearl/data/noninfected/Image_resize_204.jpg,b53a6f206a1dae70aa83a72a6a8d6f85,1
noninfected,/home/farhan/my-projects/pearl/data/noninfected/Image_resize_636.jpg,b5661a58faed1ff1382afa6c75c422ef,1
noninfected,/home/farhan/my-projects/pearl/data/noninfected/Image_resize_172.jpg,b5857fa5fdc2c1c0fd5e429aca8f5025,1
noninfected,/home/farhan/my-projects/pearl/data/noninfected/Image_resize_532.jpg,b6056ff60907ac99434e4bceb2a5b464,1
noninfected,/home/farhan/my-projects/pearl/data/noninfected/Image_619.jpg,b692a93798e813cb1a3e19dea491a15b,1
noninfected,/home/farhan/my-projects/pearl/data/noninfected/Image_resize_169.jpg,b6b8cc83752337d34608237388a5e172,1
noninfected,/home/farhan/my-projects/pearl/data/noninfected/Image_resize_138.jpg,b6e035ceb1962069eb4daf3df3d85e80,1
noninfected,/home/farhan/my-projects/pearl/data/noninfected/Image_915.jpg,b70107d673c2936e449f82b687fdd317,1
noninfected,/home/farhan/my-projects/pearl/data/noninfected/Image_019.jpg,b70973fd36b8edf4dc45cb2e069d9fc8,1
noninfected,/home/farhan/my-projects/pearl/data/noninfected/Image_109.jpg,b7d26c6ccc781450d132b7511124fc1a,1
noninfected,/home/farhan/my-projects/pearl/data/noninfected/Image_285.jpg,b7f2f5a7b763cf3aa517f21084d2ee3d,1
noninfected,/home/farhan/my-projects/pearl/data/noninfected/Image_985.jpg,b8371a847a1d4112bb8731a25908f3e4,1
noninfected,/home/farhan/my-projects/pearl/data/noninfected/Image_291.jpg,b8ccf50b7e924c7e2e2b0a0c19e51a4d,1
noninfected,/home/farhan/my-projects/pearl/data/noninfected/Image_297.jpg,b901bf670b9237c397efecc9634af870,1
noninfected,/home/farhan/my-projects/pearl/data/noninfected/Image_resize_364.jpg,b96e5b45a42cbd2a1539562a323242b0,1
noninfected,/home/farhan/my-projects/pearl/data/noninfected/Image_681.jpg,b9d7ab71827f0573c7b5282f8c8ab8fa,1
noninfected,/home/farhan/my-projects/pearl/data/noninfected/Image_773.jpg,ba0a7d1c2f890be35944607caa00bc9f,1
noninfected,/home/farhan/my-projects/pearl/data/noninfected/Image_resize_548.jpg,ba2187f8cefc40c97b538c9c1d0bbae1,1
noninfected,/home/farhan/my-projects/pearl/data/noninfected/Image_resize_276.jpg,baa6f15ffad3486becb47e527d357611,1
noninfected,/home/farhan/my-projects/pearl/data/noninfected/Image_265.jpg,baa874fa0d24e72d3d738aeb1a345688,1
noninfected,/home/farhan/my-projects/pearl/data/noninfected/Image_resize_484.jpg,babfae7c37020b44d096bd3f68af381f,1
noninfected,/home/farhan/my-projects/pearl/data/noninfected/Image_resize_770.jpg,bac1633f8635f3ff87475af17fdf17a2,1
noninfected,/home/farhan/my-projects/pearl/data/noninfected/Image_717.jpg,bb2a33c8647eea97812aaf75d0bb0919,1
noninfected,/home/farhan/my-projects/pearl/data/noninfected/Image_resize_121.jpg,bb80ad051761f620cdaf67b77fbe7332,1
noninfected,/home/farhan/my-projects/pearl/data/noninfected/Image_561.jpg,bbca390225ccdda66216ae03a85b46d5,1
noninfected,/home/farhan/my-projects/pearl/data/noninfected/Image_resize_617.jpg,bbf4317a0384e76708bbe36d34bb213a,1
noninfected,/home/farhan/my-projects/pearl/data/noninfected/Image_633.jpg,bc981300789dfc60e269dba67254c6b7,1
noninfected,/home/farhan/my-projects/pearl/data/noninfected/Image_resize_572.jpg,bccce62a9afdc55fd524298e7b506e5b,1
noninfected,/home/farhan/my-projects/pearl/data/noninfected/Image_909.jpg,bccdedcdb4b9f873c8e55d04af7907c9,1
noninfected,/home/farhan/my-projects/pearl/data/noninfected/Image_resize_796.jpg,bce61edd0b1da3d88acedcd26990356f,1
noninfected,/home/farhan/my-projects/pearl/data/noninfected/Image_447.jpg,bd669bf36a2727e0638099012872963d,1
noninfected,/home/farhan/my-projects/pearl/data/noninfected/Image_885.jpg,bda30b7c3d069f670e6077e636bdd1e7,1
noninfected,/home/farhan/my-projects/pearl/data/noninfected/Image_resize_124.jpg,bdb8f4b8ed67968847cddc718d5b6687,1
noninfected,/home/farhan/my-projects/pearl/data/noninfected/Image_231.jpg,bdc3d9656fb0f90d3d2f902dc73c2555,1
noninfected,/home/farhan/my-projects/pearl/data/noninfected/Image_resize_529.jpg,be3d650bb663bf71e5443f872aebfd89,1
noninfected,/home/farhan/my-projects/pearl/data/noninfected/Image_resize_033.jpg,bea78bf95d4723c4b60230c732b1e08c,1
noninfected,/home/farhan/my-projects/pearl/data/noninfected/Image_resize_498.jpg,befca9d3ce4768898edaba4bcf862d93,1
noninfected,/home/farhan/my-projects/pearl/data/noninfected/Image_281.jpg,bf19685821389f089b01d1f0f09a6349,1
noninfected,/home/farhan/my-projects/pearl/data/noninfected/Image_resize_489.jpg,bf9d0a90271c5c6a6a8e133c100c172f,1
noninfected,/home/farhan/my-projects/pearl/data/noninfected/Image_433.jpg,bfcd037b9d271dd62e409c55c77a404b,1
noninfected,/home/farhan/my-projects/pearl/data/noninfected/Image_799.jpg,c069e86e23c53612d656fd094c733210,1
noninfected,/home/farhan/my-projects/pearl/data/noninfected/Image_resize_297.jpg,c0b215281ec08cca1427fcaed272d789,1
noninfected,/home/farhan/my-projects/pearl/data/noninfected/Image_397.jpg,c1359df18b7cd59ff31d14f7569eb602,1
noninfected,/home/farhan/my-projects/pearl/data/noninfected/Image_789.jpg,c14249613f2d4b56076094b05e57c07b,1
noninfected,/home/farhan/my-projects/pearl/data/noninfected/Image_resize_434.jpg,c14cf4cde373e3c3a620401f7e6fbd16,1
noninfected,/home/farhan/my-projects/pearl/data/noninfected/Image_401.jpg,c1c89751e6f716d6363f85a2b41bf5fd,1
noninfected,/home/farhan/my-projects/pearl/data/noninfected/Image_resize_673.jpg,c1f38d2352b260223a10f0cd1cced31d,1
noninfected,/home/farhan/my-projects/pearl/data/noninfected/Image_827.jpg,c2299ff72e5c3b0a5fe8af5931f3072e,1
noninfected,/home/farhan/my-projects/pearl/data/noninfected/Image_059.jpg,c25ee8a01d81cbd95561cc19b8f4bcbd,1
noninfected,/home/farhan/my-projects/pearl/data/noninfected/Image_169.jpg,c2ac0dce233c72b6c2d2845a19d90d89,1
noninfected,/home/farhan/my-projects/pearl/data/noninfected/Image_resize_241.jpg,c2c390e2b2a71a8f4ec68ea03f371a26,1
noninfected,/home/farhan/my-projects/pearl/data/noninfected/Image_205.jpg,c2ccdcbb5db931564d1c3af27d8702b2,1
noninfected,/home/farhan/my-projects/pearl/data/noninfected/Image_resize_658.jpg,c2da17a8d19d3f1182fd5f97892aa969,1
noninfected,/home/farhan/my-projects/pearl/data/noninfected/Image_resize_386.jpg,c4046d8cb21ec695f5b5176032ff67a0,1
noninfected,/home/farhan/my-projects/pearl/data/noninfected/Image_resize_034.jpg,c426e5e2e76d2885067fa859d30956cd,1
noninfected,/home/farhan/my-projects/pearl/data/noninfected/Image_175.jpg,c46a8d09cba24418210059f9e2d3ccac,1
noninfected,/home/farhan/my-projects/pearl/data/noninfected/Image_031.jpg,c59a4770f8c522329b6aa2a2d9708474,1
noninfected,/home/farhan/my-projects/pearl/data/noninfected/Image_resize_633.jpg,c5ed08c19975e572689fed7f88503092,1
noninfected,/home/farhan/my-projects/pearl/data/noninfected/Image_resize_665.jpg,c62adbc7e99940e48976b88d9d03fef0,1
noninfected,/home/farhan/my-projects/pearl/data/noninfected/Image_resize_100.jpg,c63c67fd0e9e6d0916d9d4c8d8194a2b,1
noninfected,/home/farhan/my-projects/pearl/data/noninfected/Image_resize_073.jpg,c6544d9a4541d8b3c12377249df1baf4,1
noninfected,/home/farhan/my-projects/pearl/data/noninfected/Image_551.jpg,c684ff3dd08efb794080edd708c0f9c5,1
noninfected,/home/farhan/my-projects/pearl/data/noninfected/Image_resize_018.jpg,c7067c4163a868834f71600bcd2645c6,1
noninfected,/home/farhan/my-projects/pearl/data/noninfected/Image_resize_354.jpg,c70b3ebf09302d92010da4305c09856b,1
noninfected,/home/farhan/my-projects/pearl/data/noninfected/Image_resize_114.jpg,c78752b6e137920f8386e1113f78dd9b,1
noninfected,/home/farhan/my-projects/pearl/data/noninfected/Image_495.jpg,c796566d0465ebb120aa6e3d177f79d3,1
noninfected,/home/farhan/my-projects/pearl/data/noninfected/Image_703.jpg,c7b5694143e9cd6e10eaa8fd950782ab,1
noninfected,/home/farhan/my-projects/pearl/data/noninfected/Image_resize_514.jpg,c8659d3145e73fe8456c6d1875d05d6a,1
noninfected,/home/farhan/my-projects/pearl/data/noninfected/Image_125.jpg,c8ecaf207dd20cf89890cd7fd9b0dfeb,1
noninfected,/home/farhan/my-projects/pearl/data/noninfected/Image_163.jpg,c8f4c9fc49e67056dacc15ab742b7f15,1
noninfected,/home/farhan/my-projects/pearl/data/noninfected/Image_509.jpg,ca42fb462ffad20217b54e383f1a14e7,1
noninfected,/home/farhan/my-projects/pearl/data/noninfected/Image_289.jpg,cae0fd4e9b53c93d0e2e36e5024d4a8e,1
noninfected,/home/farhan/my-projects/pearl/data/noninfected/Image_893.jpg,cb4b190098ca6fe41e90a20370e949f0,1
noninfected,/home/farhan/my-projects/pearl/data/noninfected/Image_resize_242.jpg,cbd23c293ae94a0293a7afac4e798577,1
noninfected,/home/farhan/my-projects/pearl/data/noninfected/Image_815.jpg,cc31e2226dafbb0eb5ca733e44b58405,1
noninfected,/home/farhan/my-projects/pearl/data/noninfected/Image_resize_108.jpg,ccbc2fb9939c5e3ddf52a106fccff772,1
noninfected,/home/farhan/my-projects/pearl/data/noninfected/Image_resize_585.jpg,cd13010ea41641d3f0e7a4cf3526317b,1
noninfected,/home/farhan/my-projects/pearl/data/noninfected/Image_resize_666.jpg,cd32d441ab0971d6bfc2a836af95752c,1
noninfected,/home/farhan/my-projects/pearl/data/noninfected/Image_resize_668.jpg,cd5e07f282880f6531ba8d1695883966,1
noninfected,/home/farhan/my-projects/pearl/data/noninfected/Image_631.jpg,cd8ffbfc2f244082ed8053d0cfd80382,1
noninfected,/home/farhan/my-projects/pearl/data/noninfected/Image_989.jpg,ce3f1de75a0aafcd3aea7eb4b47c0eaa,1
noninfected,/home/farhan/my-projects/pearl/data/noninfected/Image_161.jpg,ce611a61bdfc5da66a86834c5f98747a,1
noninfected,/home/farhan/my-projects/pearl/data/noninfected/Image_579.jpg,cf1efadcee04139b3242050df9867f16,1
noninfected,/home/farhan/my-projects/pearl/data/noninfected/Image_resize_025.jpg,cfe5809f8db5afd4075d67bd4753541f,1
noninfected,/home/farhan/my-projects/pearl/data/noninfected/Image_resize_140.jpg,cff8edebc049679daabe99bb7af1caaf,1
noninfected,/home/farhan/my-projects/pearl/data/noninfected/Image_resize_346.jpg,d01aad5f978a68b6bb1175702d7443a8,1
noninfected,/home/farhan/my-projects/pearl/data/noninfected/Image_resize_249.jpg,d03f0d50ca060fcd287e508c36ceaf35,1
noninfected,/home/farhan/my-projects/pearl/data/noninfected/Image_333.jpg,d0cf28987d3ce8e578e7f7efe802071e,1
noninfected,/home/farhan/my-projects/pearl/data/noninfected/Image_575.jpg,d0efa0055c2317a5bb5f509871229806,1
noninfected,/home/farhan/my-projects/pearl/data/noninfected/Image_879.jpg,d16764efe1a80ce9e8610306566e63ad,1
noninfected,/home/farhan/my-projects/pearl/data/noninfected/Image_007.jpg,d18d2e503f35f8dadd35abdced27e5cb,1
noninfected,/home/farhan/my-projects/pearl/data/noninfected/Image_191.jpg,d1f00048429121aa320392bf3de33420,1
noninfected,/home/farhan/my-projects/pearl/data/noninfected/Image_resize_428.jpg,d204e9339bf699fdf22cf29aa8bfa24d,1
noninfected,/home/farhan/my-projects/pearl/data/noninfected/Image_905.jpg,d2297f47868000ec41d37bfba0513f6f,1
noninfected,/home/farhan/my-projects/pearl/data/noninfected/Image_015.jpg,d26ad8712b905930e0d74906037bf812,1
noninfected,/home/farhan/my-projects/pearl/data/noninfected/Image_323.jpg,d36fdfed8262413ee1958a7b866e579a,1
noninfected,/home/farhan/my-projects/pearl/data/noninfected/Image_resize_361.jpg,d3c406193c0df95b31ff13990c46b887,1
noninfected,/home/farhan/my-projects/pearl/data/noninfected/Image_resize_588.jpg,d3cf4a77daba3dbfc1efe3f4a735ee65,1
noninfected,/home/farhan/my-projects/pearl/data/noninfected/Image_resize_452.jpg,d3d697ad1c191ae0b51142daaa3a7d1c,1
noninfected,/home/farhan/my-projects/pearl/data/noninfected/Image_811.jpg,d402a449e670b00215646a240ec7bffc,1
noninfected,/home/farhan/my-projects/pearl/data/noninfected/Image_487.jpg,d4a45fc96f4fdb4b30f05bf7eb9892ef,1
noninfected,/home/farhan/my-projects/pearl/data/noninfected/Image_949.jpg,d5199373c511bcf75be0a90863901827,1
noninfected,/home/farhan/my-projects/pearl/data/noninfected/Image_523.jpg,d5868a754015d8c6e283ab4faec68581,1
noninfected,/home/farhan/my-projects/pearl/data/noninfected/Image_resize_068.jpg,d59b64296e28fe8ccbc33722d3ac9d2e,1
noninfected,/home/farhan/my-projects/pearl/data/noninfected/Image_resize_265.jpg,d5a35df1d647002341ea56b099defb13,1
noninfected,/home/farhan/my-projects/pearl/data/noninfected/Image_813.jpg,d65313e7cec3b8116a0faa8a979df0b4,1
noninfected,/home/farhan/my-projects/pearl/data/noninfected/Image_803.jpg,d74709d8035c6195dd521c0a2fa62261,1
noninfected,/home/farhan/my-projects/pearl/data/noninfected/Image_resize_026.jpg,d768001e5d0718d93aa524078e23cc9e,1
noninfected,/home/farhan/my-projects/pearl/data/noninfected/Image_resize_162.jpg,d78354632f6577afa334808e47e9c7d2,1
noninfected,/home/farhan/my-projects/pearl/data/noninfected/Image_resize_082.jpg,d7d193867aa38f2650ce2c653af9790b,1
noninfected,/home/farhan/my-projects/pearl/data/noninfected/Image_383.jpg,d838562fc5a9bbabe4c0c5c7b06c4d1a,1
noninfected,/home/farhan/my-projects/pearl/data/noninfected/Image_903.jpg,d8523f2ef72d72f0495843afdb98eb92,1
noninfected,/home/farhan/my-projects/pearl/data/noninfected/Image_667.jpg,d8d592091982dabd4aade6523fcff8aa,1
noninfected,/home/farhan/my-projects/pearl/data/noninfected/Image_resize_433.jpg,d9e42a69068ef333cfc6526115ef1c4a,1
noninfected,/home/farhan/my-projects/pearl/data/noninfected/Image_091.jpg,d9f27de423cbedd2d823476a42aca403,1
noninfected,/home/farhan/my-projects/pearl/data/noninfected/Image_resize_153.jpg,da18fc18ce65cbe2b20e59312cf43435,1
noninfected,/home/farhan/my-projects/pearl/data/noninfected/Image_363.jpg,da5796d9c7f0ae23db9b36b1efee9547,1
noninfected,/home/farhan/my-projects/pearl/data/noninfected/Image_resize_522.jpg,db1d64851764230ae731ca61450c33be,1
noninfected,/home/farhan/my-projects/pearl/data/noninfected/Image_071.jpg,db682286e096ca7abfa04fe151681b07,1
noninfected,/home/farhan/my-projects/pearl/data/noninfected/Image_227.jpg,db685cc8917ae7d99d8ac38126ec6926,1
noninfected,/home/farhan/my-projects/pearl/data/noninfected/Image_159.jpg,db690892c1d300ac444658302e538c93,1
noninfected,/home/farhan/my-projects/pearl/data/noninfected/Image_resize_388.jpg,db8058b2ef2c429f2cab7e677a33ccb3,1
noninfected,/home/farhan/my-projects/pearl/data/noninfected/Image_043.jpg,db936db43e1f6cbd98295f39e6bea8e1,1
noninfected,/home/farhan/my-projects/pearl/data/noninfected/Image_359.jpg,dbafcfa47284a8d502ceed301838bcb8,1
noninfected,/home/farhan/my-projects/pearl/data/noninfected/Image_resize_634.jpg,dc09d730f5d618e1771b83705f45a329,1
noninfected,/home/farhan/my-projects/pearl/data/noninfected/Image_493.jpg,dcb41a4cfbd77ebf66400ba2e005c252,1
noninfected,/home/farhan/my-projects/pearl/data/noninfected/Image_557.jpg,dd550f27d864158af61b2e73e69a2c4c,1
noninfected,/home/farhan/my-projects/pearl/data/noninfected/Image_resize_156.jpg,dd7fe80050a660728a696ddf9ccba2ae,1
noninfected,/home/farhan/my-projects/pearl/data/noninfected/Image_resize_210.jpg,ddb50f9ed727a2a4ede7826248d70008,1
noninfected,/home/farhan/my-projects/pearl/data/noninfected/Image_165.jpg,de8edf3f3c3b2094f896abd6ee4e26cf,1
noninfected,/home/farhan/my-projects/pearl/data/noninfected/Image_883.jpg,de8ff0b86a84757defacc7b32c1bfe27,1
noninfected,/home/farhan/my-projects/pearl/data/noninfected/Image_resize_370.jpg,debf07c5a0747de36a2d8d196754b6c6,1
noninfected,/home/farhan/my-projects/pearl/data/noninfected/Image_699.jpg,dec452f228f1879244bf01d8cb7ba47b,1
noninfected,/home/farhan/my-projects/pearl/data/noninfected/Image_187.jpg,df75bedc30a4c69ce5841d06d3b4693d,1
noninfected,/home/farhan/my-projects/pearl/data/noninfected/Image_821.jpg,dfc7a3a3e2157045563eec674f5cbef7,1
noninfected,/home/farhan/my-projects/pearl/data/noninfected/Image_911.jpg,e01805a508e5436e8a5fe336d9f22f86,1
noninfected,/home/farhan/my-projects/pearl/data/noninfected/Image_resize_300.jpg,e01d41d8ff82d1b1df5813612768adda,1
noninfected,/home/farhan/my-projects/pearl/data/noninfected/Image_467.jpg,e06a590974710b1e162405b0c8617328,1
noninfected,/home/farhan/my-projects/pearl/data/noninfected/Image_resize_612.jpg,e078197c33d177e1739249c46dd0680a,1
noninfected,/home/farhan/my-projects/pearl/data/noninfected/Image_resize_753.jpg,e16551407f80272285d0d9b12c0f93dd,1
noninfected,/home/farhan/my-projects/pearl/data/noninfected/Image_resize_569.jpg,e1ee4ba5f72f45b8bf4d9c58a3460a4a,1
noninfected,/home/farhan/my-projects/pearl/data/noninfected/Image_203.jpg,e1f179f1b4b9da5f576f5b0e6b8ab705,1
noninfected,/home/farhan/my-projects/pearl/data/noninfected/Image_resize_530.jpg,e2450c6d921edf84233ce9415d55b08d,1
noninfected,/home/farhan/my-projects/pearl/data/noninfected/Image_243.jpg,e26a68efb1191f423c83f719b7af715a,1
noninfected,/home/farhan/my-projects/pearl/data/noninfected/Image_835.jpg,e2a54ddcb79bbb7964490cfc555ac30a,1
noninfected,/home/farhan/my-projects/pearl/data/noninfected/Image_855.jpg,e2d11b65e3d6331297d135163cecb8fd,1
noninfected,/home/farhan/my-projects/pearl/data/noninfected/Image_003.jpg,e2dc1ee6a21084ded25591ff6254679c,1
noninfected,/home/farhan/my-projects/pearl/data/noninfected/Image_resize_674.jpg,e2f0e06756b306c900b9c0bc28fea3bb,1
noninfected,/home/farhan/my-projects/pearl/data/noninfected/Image_427.jpg,e33fe4ef03164e8a2844cdda2bdad197,1
noninfected,/home/farhan/my-projects/pearl/data/noninfected/Image_195.jpg,e39fd8bdf3e7080cb20ce3047ea6b637,1
noninfected,/home/farhan/my-projects/pearl/data/noninfected/Image_resize_316.jpg,e3c4d963e910df9d507df4214826a6c8,1
noninfected,/home/farhan/my-projects/pearl/data/noninfected/Image_resize_769.jpg,e3e329d7b44e15ece193649084896e40,1
noninfected,/home/farhan/my-projects/pearl/data/noninfected/Image_261.jpg,e428991454f25fba59d56360f57a44e2,1
noninfected,/home/farhan/my-projects/pearl/data/noninfected/Image_663.jpg,e4b41febf310426305382aecb60f26b7,1
noninfected,/home/farhan/my-projects/pearl/data/noninfected/Image_resize_338.jpg,e4c4217cfb58f7d43ff5fbccf6588d18,1
noninfected,/home/farhan/my-projects/pearl/data/noninfected/Image_resize_737.jpg,e562cb59cddd6d9f0b2ac07e808a7fa7,1
noninfected,/home/farhan/my-projects/pearl/data/noninfected/Image_039.jpg,e61f8431a7b38491e6bfffea006b7136,1
noninfected,/home/farhan/my-projects/pearl/data/noninfected/Image_085.jpg,e69c36bc2d371f93295a68c5bad2c7a2,1
noninfected,/home/farhan/my-projects/pearl/data/noninfected/Image_839.jpg,e71ec80d2e30490c922b8d5d8ff800b0,1
noninfected,/home/farhan/my-projects/pearl/data/noninfected/Image_119.jpg,e7413a997bb087439ecdc33b85870348,1
noninfected,/home/farhan/my-projects/pearl/data/noninfected/Image_143.jpg,e75bf157a1929290dffada556b35b024,1
noninfected,/home/farhan/my-projects/pearl/data/noninfected/Image_resize_649.jpg,e7a75ffb7d393a7bbe4ee25f75497f8e,1
noninfected,/home/farhan/my-projects/pearl/data/noninfected/Image_503.jpg,e7dbc189392dc362f7ed5ce804d0099b,1
noninfected,/home/farhan/my-projects/pearl/data/noninfected/Image_933.jpg,e8412622c0b3147d39557b651c42e644,1
noninfected,/home/farhan/my-projects/pearl/data/noninfected/Image_807.jpg,e8dcdc69f196c27087a5021f67ab92a4,1
noninfected,/home/farhan/my-projects/pearl/data/noninfected/Image_925.jpg,e9384fce5c747d8e60456b4743286334,1
noninfected,/home/farhan/my-projects/pearl/data/noninfected/Image_resize_540.jpg,e94dc0448e48f8a3f680bcaa5abc2e1f,1
noninfected,/home/farhan/my-projects/pearl/data/noninfected/Image_945.jpg,e96e816f7600ed1bf8933c3ff1bdd9d3,1
noninfected,/home/farhan/my-projects/pearl/data/noninfected/Image_021.jpg,e9b8d47c48649ee236f9c10de4362251,1
noninfected,/home/farhan/my-projects/pearl/data/noninfected/Image_791.jpg,ea353a6fb762445aef5b9913296f0351,1
noninfected,/home/farhan/my-projects/pearl/data/noninfected/Image_573.jpg,ea987d96fac6bd7f14e88bdba216ccfe,1
noninfected,/home/farhan/my-projects/pearl/data/noninfected/Image_369.jpg,ead63af4aef741867a62e1c4f1c0b13a,1
noninfected,/home/farhan/my-projects/pearl/data/noninfected/Image_resize_580.jpg,ebb1bca83a13bb7a89b5da45f7658163,1
noninfected,/home/farhan/my-projects/pearl/data/noninfected/Image_983.jpg,ebb9bd7dd952d0baf6f0347ff791d6f8,1
noninfected,/home/farhan/my-projects/pearl/data/noninfected/Image_785.jpg,ec0f867b0113458604980889352427d7,1
noninfected,/home/farhan/my-projects/pearl/data/noninfected/Image_861.jpg,ecebc2199aaf8ab659e48940e6bc9bf0,1
noninfected,/home/farhan/my-projects/pearl/data/noninfected/Image_resize_044.jpg,edbf601bc62cf722b0229464bad78c83,1
noninfected,/home/farhan/my-projects/pearl/data/noninfected/Image_973.jpg,edfeee5efcbaafc943c16b590e4e1682,1
noninfected,/home/farhan/my-projects/pearl/data/noninfected/Image_resize_777.jpg,ee3fc34b2ba640cb694e1c4c07b11bc6,1
noninfected,/home/farhan/my-projects/pearl/data/noninfected/Image_209.jpg,ee61defa3da85b136d81fa2f8eaa2b2c,1
noninfected,/home/farhan/my-projects/pearl/data/noninfected/Image_resize_594.jpg,ee9da9bd37c9459362bf06756d077820,1
noninfected,/home/farhan/my-projects/pearl/data/noninfected/Image_resize_716.jpg,eeb823b99e6e4fd21c712889d5bc7e0e,1
noninfected,/home/farhan/my-projects/pearl/data/noninfected/Image_resize_473.jpg,eec3191458a5054467335d578524a89c,1
noninfected,/home/farhan/my-projects/pearl/data/noninfected/Image_resize_244.jpg,eee7b13fb297cbfedfeaa433b37b752b,1
noninfected,/home/farhan/my-projects/pearl/data/noninfected/Image_111.jpg,ef1ac99f3bfccda752471c34467eb3f6,1
noninfected,/home/farhan/my-projects/pearl/data/noninfected/Image_089.jpg,ef473f6a01fe3f82a5f421aa5d1a98bc,1
noninfected,/home/farhan/my-projects/pearl/data/noninfected/Image_resize_362.jpg,ef5222718a50dd7980219356063ab811,1
noninfected,/home/farhan/my-projects/pearl/data/noninfected/Image_793.jpg,ef786b17a040313a603c2d5de6ae5519,1
noninfected,/home/farhan/my-projects/pearl/data/noninfected/Image_417.jpg,efaa3305a761a5fe868d659b10480d81,1
noninfected,/home/farhan/my-projects/pearl/data/noninfected/Image_resize_076.jpg,efb71737a15c4cc3ad47cf20049d16fd,1
noninfected,/home/farhan/my-projects/pearl/data/noninfected/Image_511.jpg,f01488d12db0096985d812e94f46dbcb,1
noninfected,/home/farhan/my-projects/pearl/data/noninfected/Image_457.jpg,f069ec4d42fb4fbdd0fb7024cb7da977,1
noninfected,/home/farhan/my-projects/pearl/data/noninfected/Image_269.jpg,f06a9642b3ac31c0ddd182ca69338d15,1
noninfected,/home/farhan/my-projects/pearl/data/noninfected/Image_resize_676.jpg,f06ac7e513844252372c5e1125e29f86,1
noninfected,/home/farhan/my-projects/pearl/data/noninfected/Image_627.jpg,f0834e0af10071d7e3c3d82e817f176a,1
noninfected,/home/farhan/my-projects/pearl/data/noninfected/Image_315.jpg,f08c8c38c47599d3ae4098702f2718ae,1
noninfected,/home/farhan/my-projects/pearl/data/noninfected/Image_707.jpg,f12d7a0cfbb63f3b569aad2cb7d646af,1
noninfected,/home/farhan/my-projects/pearl/data/noninfected/Image_resize_188.jpg,f1fff4cc2ce634a9962e2560878d29d9,1
noninfected,/home/farhan/my-projects/pearl/data/noninfected/Image_resize_697.jpg,f2532a80d30f64682fe96d8fb61b6972,1
noninfected,/home/farhan/my-projects/pearl/data/noninfected/Image_resize_788.jpg,f2896c41507955bdeb22a8ca395b92c9,1
noninfected,/home/farhan/my-projects/pearl/data/noninfected/Image_249.jpg,f2fe4496e74ffe11ca4b358332b95e98,1
noninfected,/home/farhan/my-projects/pearl/data/noninfected/Image_239.jpg,f3522674ce478ddeedba621eed4bbc63,1
noninfected,/home/farhan/my-projects/pearl/data/noninfected/Image_resize_681.jpg,f35c8703ec66cae343bb5f622a3a0a40,1
noninfected,/home/farhan/my-projects/pearl/data/noninfected/Image_resize_394.jpg,f36766e7577486ca332d5215b79995fc,1
noninfected,/home/farhan/my-projects/pearl/data/noninfected/Image_755.jpg,f3dc5127fe0c851d561f82bbef3d73e6,1
noninfected,/home/farhan/my-projects/pearl/data/noninfected/Image_resize_060.jpg,f491f899db721aca5e6dd193e228638d,1
noninfected,/home/farhan/my-projects/pearl/data/noninfected/Image_1003.jpg,f4964ca7aa9f80c6ce89439832f7709f,1
noninfected,/home/farhan/my-projects/pearl/data/noninfected/Image_resize_738.jpg,f4f84acdfdb823cc8f1c85bbcee162ac,1
noninfected,/home/farhan/my-projects/pearl/data/noninfected/Image_995.jpg,f554339830d468035578d4682866f156,1
noninfected,/home/farhan/my-projects/pearl/data/noninfected/Image_735.jpg,f638fb5ac05f23a5242faa2882bd7730,1
noninfected,/home/farhan/my-projects/pearl/data/noninfected/Image_resize_010.jpg,f6441843231004df40e7ff88c91bba1b,1
noninfected,/home/farhan/my-projects/pearl/data/noninfected/Image_731.jpg,f6652523e6ecf4fd951b12ae18cfd6a3,1
noninfected,/home/farhan/my-projects/pearl/data/noninfected/Image_521.jpg,f76aa0b554ae812d66b7525b9b70a282,1
noninfected,/home/farhan/my-projects/pearl/data/noninfected/Image_783.jpg,f7d7152572f525fc189a4e8e620d3ea4,1
noninfected,/home/farhan/my-projects/pearl/data/noninfected/Image_resize_465.jpg,f863f1d70cb8b37c628867cd0a2d404f,1
noninfected,/home/farhan/my-projects/pearl/data/noninfected/Image_607.jpg,f867b795d603edf4e707543dfffdd921,1
noninfected,/home/farhan/my-projects/pearl/data/noninfected/Image_resize_554.jpg,f87119fa01023babee6e419e67f78b8a,1
noninfected,/home/farhan/my-projects/pearl/data/noninfected/Image_147.jpg,f890282c61a391a67d438c7e6445a439,1
noninfected,/home/farhan/my-projects/pearl/data/noninfected/Image_resize_482.jpg,f92021173355c8620252793719233048,1
noninfected,/home/farhan/my-projects/pearl/data/noninfected/Image_103.jpg,f9ffa84bbf8a694e94414b531acfef58,1
noninfected,/home/farhan/my-projects/pearl/data/noninfected/Image_resize_132.jpg,fa493e99625e8f23edc7c2296eb49061,1
noninfected,/home/farhan/my-projects/pearl/data/noninfected/Image_491.jpg,fa4d553ab7578dbe727491829643f64a,1
noninfected,/home/farhan/my-projects/pearl/data/noninfected/Image_resize_090.jpg,fb1629a12cc889d9d0328cd1d9f83f27,1
noninfected,/home/farhan/my-projects/pearl/data/noninfected/Image_331.jpg,fb540108ccf937ca9eab138e76b4f507,1
noninfected,/home/farhan/my-projects/pearl/data/noninfected/Image_101.jpg,fbb64c40419fc59b750de7b82769b230,1
noninfected,/home/farhan/my-projects/pearl/data/noninfected/Image_067.jpg,fbfef0c090f2e68e9f46c8cc4e78aa92,1
noninfected,/home/farhan/my-projects/pearl/data/noninfected/Image_resize_041.jpg,fc2f9f3d5c87aef453aee83d47d47f49,1
noninfected,/home/farhan/my-projects/pearl/data/noninfected/Image_resize_057.jpg,fc9c2fbda6e7e4e30f7727f93d350933,1
noninfected,/home/farhan/my-projects/pearl/data/noninfected/Image_121.jpg,fca2ed28179d8dc5e7481087810dce71,1
noninfected,/home/farhan/my-projects/pearl/data/noninfected/Image_025.jpg,fce15920c6532d79fe600a14c1fe7637,1
noninfected,/home/farhan/my-projects/pearl/data/noninfected/Image_resize_074.jpg,fd6df30dc24d097998f4b15aec3ee3ce,1
noninfected,/home/farhan/my-projects/pearl/data/noninfected/Image_475.jpg,fdb01fdeb11425ab61230119d749fbd8,1
noninfected,/home/farhan/my-projects/pearl/data/noninfected/Image_resize_620.jpg,ff2959b424664a17a654ab7dca6685a4,1
noninfected,/home/farhan/my-projects/pearl/data/noninfected/Image_055.jpg,ffff425158a1e46e3d924bddb664fb12,1
